date,Brahmanbaria,Satkhira,Chittagong,Magura,Kushtia,Chandpur,Panchagarh,Mymensingh,Nilphamari,Narail,Gopalganj,Manikganj,Unknown,Meherpur,Feni,Noakhali,Barguna,Gazipur,Pirojpur,Jamalpur,Dhaka,Natore,Chuadanga,Madaripur,Jaipurhat,Bogra,Cox's Bazar,Rangpur,Sunamganj,Naogaon,Narsingdi,Bhola,Comilla,Khagrachhari,Rajbari,Dinajpur,Faridpur,Sylhet,Chapainawabganj,Rajshahi,Munshiganj,Pabna,Sherpur,Rangamati,Thakurgaon,Habiganj,Sirajganj,Netrokona,Jhenaidah,Tangail,Bagerhat,Barisal,Gaibandha,Kishoreganj,Pabna Police line,Bandarban,Kurigram,Shariatpur,Lalmonirhat,Lakshmipur,Narayanganj,Jessore,Maulvibazar,Khulna,Jhalokati,Patuakhali
2020-04-03,1,1,5,0,0,0,0,3,2,0,0,1,0,0,1,3,0,6,0,0,63,1,0,1,1,1,1,4,1,0,0,0,3,0,1,1,0,3,1,1,0,2,0,0,0,3,2,1,0,1,0,1,0,1,0,0,0,0,0,2,9,0,2,3,0,0
2020-04-04,0,1,24,0,2,2,1,6,0,0,0,0,0,0,4,1,0,4,0,2,125,0,5,0,1,3,2,4,0,2,4,1,7,0,1,3,0,0,0,3,6,3,1,0,8,3,1,5,0,3,1,0,2,1,0,0,1,0,0,2,25,3,2,0,0,1
2020-04-05,3,3,26,0,2,1,0,5,1,2,0,1,0,7,5,3,0,1,0,2,158,0,1,1,0,3,3,2,3,6,4,1,3,1,0,4,0,3,2,4,3,1,1,0,0,0,0,0,0,9,2,4,2,5,0,0,1,0,0,1,9,4,0,6,0,0
2020-04-06,4,0,41,0,1,3,0,5,2,0,1,5,0,0,5,3,0,17,5,11,416,1,0,4,3,5,3,4,3,3,5,1,12,1,0,0,3,9,1,9,2,3,1,0,3,1,3,2,10,6,0,10,6,2,0,0,0,4,1,0,30,14,2,22,0,0
2020-04-07,0,1,3,0,1,2,0,0,0,0,1,1,0,1,0,3,0,5,1,0,70,1,0,2,0,1,6,6,0,0,1,1,5,0,0,5,4,4,0,3,1,1,1,1,1,0,1,0,1,2,0,2,0,1,0,0,0,2,0,0,10,5,0,3,0,3
2020-04-08,1,3,2,0,0,0,0,0,0,0,0,0,0,0,0,0,0,0,0,0,190,0,1,0,0,1,8,0,0,0,1,0,2,0,0,0,0,2,0,3,1,0,1,1,2,0,0,0,0,1,0,0,0,0,0,0,1,1,0,0,6,2,0,2,0,0
2020-04-09,0,1,6,0,0,2,0,4,0,0,0,3,0,1,1,2,0,1,0,0,59,0,0,0,1,1,2,4,0,2,3,1,1,1,0,1,1,1,1,2,0,0,1,0,1,0,2,0,1,1,0,1,0,0,0,0,0,2,0,0,6,2,0,2,3,0
2020-04-10,1,0,3,0,1,3,0,7,0,1,0,1,170,0,0,0,0,2,0,0,47,0,0,0,0,0,0,1,0,0,1,0,0,0,0,2,3,0,0,0,1,2,1,0,0,1,1,0,0,4,2,0,0,1,0,0,0,0,1,0,1,1,0,1,1,0
2020-04-11,0,2,9,1,0,0,0,0,0,0,0,0,362,0,2,0,0,1,0,0,30,0,0,0,0,0,0,0,0,0,0,0,0,0,0,0,0,0,1,3,0,0,0,0,0,0,0,0,0,0,0,0,1,0,0,0,0,1,0,0,1,1,0,0,0,0
2020-04-12,0,0,4,0,0,0,0,2,0,0,0,0,272,0,1,1,0,1,0,0,19,0,0,1,0,1,0,1,0,0,0,0,0,0,0,4,0,0,1,0,0,0,0,0,0,0,0,0,1,0,0,0,0,0,0,1,0,0,0,0,0,0,1,2,0,0
2020-04-13,1,1,2,0,0,1,0,0,0,0,0,1,208,0,0,0,0,1,0,0,31,1,0,0,0,1,0,1,0,0,0,0,2,0,0,0,0,3,0,1,3,0,0,0,0,0,0,0,0,1,1,0,0,0,0,0,0,0,0,0,7,1,0,1,0,0
2020-04-14,1,0,2,0,0,2,0,0,0,0,1,0,195,0,0,0,0,0,0,2,22,0,0,0,0,4,0,0,0,0,0,0,2,0,0,0,0,0,0,1,0,0,0,0,0,0,0,0,0,1,0,0,1,0,0,0,0,0,0,0,2,0,0,0,0,2
2020-04-15,0,0,0,0,3,0,0,0,1,0,1,0,229,0,2,1,0,2,0,1,22,0,0,0,0,0,0,1,0,0,1,0,0,1,0,0,0,0,0,0,0,0,0,0,0,0,0,0,0,0,0,0,0,0,0,0,0,0,0,1,2,2,0,1,0,0
2020-04-16,2,0,1,0,0,0,0,0,0,0,0,0,138,0,0,1,0,0,0,1,20,0,0,0,0,0,3,0,0,0,0,0,2,0,0,0,0,1,0,0,1,0,0,0,0,0,0,0,0,0,0,0,0,0,0,0,0,0,0,0,2,0,0,0,0,0
2020-04-17,2,0,4,0,0,1,0,1,0,0,0,0,235,0,0,1,0,2,0,0,22,0,0,0,0,2,2,0,0,1,0,0,1,0,0,0,0,0,0,0,0,1,0,0,0,0,0,0,0,0,0,0,0,1,0,0,0,0,0,0,1,0,0,2,2,0
2020-04-18,0,0,2,0,1,0,0,1,0,0,0,0,178,0,1,0,0,2,0,0,18,0,0,0,0,1,1,0,0,0,2,0,0,0,0,0,1,1,0,0,0,0,0,0,0,0,0,0,0,0,0,0,0,0,0,0,0,0,0,0,3,0,0,2,0,0
2020-04-19,0,0,2,0,0,2,0,2,0,0,0,0,119,0,0,0,0,1,0,0,16,0,0,0,0,0,1,1,0,0,0,0,0,0,0,2,0,0,0,0,0,0,1,0,0,0,0,1,0,0,0,0,0,1,0,0,0,0,0,1,2,0,0,0,0,0
2020-04-20,0,4,0,0,0,0,0,4,0,0,0,0,231,0,0,0,0,1,1,2,30,0,0,0,0,1,0,0,0,0,2,0,0,0,0,0,0,1,0,0,2,1,0,0,0,0,0,0,0,2,1,0,1,1,0,0,0,0,0,0,7,0,1,1,0,0
2020-04-21,0,0,1,0,0,1,0,0,0,1,0,0,206,0,0,0,0,1,0,0,44,0,0,0,0,0,0,0,0,0,1,0,0,0,0,0,0,0,0,0,0,0,0,0,0,0,0,0,0,1,0,1,0,0,0,0,0,0,1,1,2,0,0,1,0,0
2020-04-22,2,0,5,0,1,2,0,0,0,0,0,0,250,0,0,0,0,1,0,0,49,0,1,0,0,0,0,0,0,0,0,0,0,0,0,1,0,0,0,1,1,0,0,0,0,0,1,1,0,0,0,0,0,0,0,0,0,0,0,1,3,2,0,6,0,1
2020-04-23,0,0,4,0,0,0,0,0,0,0,0,1,167,0,1,1,0,2,0,1,28,0,0,0,0,0,1,2,0,0,0,0,1,0,0,0,0,1,1,0,0,2,0,1,0,0,1,0,1,0,0,0,0,7,0,1,0,0,0,0,1,0,0,0,0,0
2020-04-24,0,0,2,0,1,4,0,0,0,0,0,0,197,2,1,1,0,4,0,0,24,0,0,0,0,0,4,1,0,0,2,1,0,0,0,0,0,3,0,1,0,0,0,0,0,0,3,0,0,4,0,1,1,0,0,0,0,0,0,0,2,0,0,0,0,1
2020-04-25,0,0,2,0,1,0,1,0,0,0,0,0,128,0,0,0,0,1,1,0,15,0,0,0,0,3,0,0,0,0,1,0,2,0,0,0,2,0,0,0,0,1,0,0,1,1,0,0,0,0,0,0,0,0,0,0,0,0,0,0,1,0,0,0,0,0
2020-04-26,1,0,2,0,0,0,0,2,0,1,0,0,162,0,0,2,0,5,0,0,23,1,0,1,0,3,0,0,0,0,0,1,0,0,0,0,0,0,0,0,0,1,0,0,0,0,0,0,0,1,2,0,1,1,0,0,0,0,2,0,0,1,1,0,0,0
2020-04-27,0,2,1,0,1,0,0,0,0,0,0,0,129,0,2,0,0,0,0,0,35,0,0,0,0,2,0,3,0,0,0,0,0,0,0,0,0,1,0,0,0,0,0,0,0,3,0,0,3,1,0,0,0,0,0,0,0,0,1,0,0,2,0,1,0,0
2020-04-28,0,0,7,0,0,0,0,0,0,2,0,0,72,0,0,0,0,0,0,0,17,0,0,1,0,0,0,1,0,1,0,0,1,0,0,0,0,0,0,0,0,0,0,0,0,1,1,0,2,0,0,0,1,2,0,0,0,0,0,0,0,0,0,0,0,0
2020-04-29,0,0,1,0,1,0,0,1,0,0,0,1,94,1,0,1,0,0,0,0,25,0,0,0,0,0,0,2,0,0,0,0,1,0,0,0,1,1,0,0,0,1,0,0,0,1,0,0,0,0,0,1,0,1,0,0,0,0,0,1,2,0,0,1,0,0
2020-04-30,0,0,4,0,0,1,0,0,0,0,0,0,130,0,0,0,0,2,0,0,21,0,0,0,0,0,0,0,0,0,0,0,3,0,0,0,0,0,0,0,0,0,0,0,1,0,0,0,0,0,0,1,0,0,0,0,0,0,0,0,2,0,0,2,0,0
2020-05-01,0,0,0,0,0,0,0,0,0,0,0,0,97,0,1,1,0,5,0,0,34,1,0,0,0,0,0,1,1,0,0,0,0,0,0,0,0,1,0,0,0,0,0,0,0,0,0,0,0,0,0,0,0,0,0,0,0,0,0,0,1,0,0,0,0,0
2020-05-02,0,0,1,0,0,0,0,0,0,0,0,0,434,0,0,0,0,1,0,0,36,0,0,0,0,0,0,0,0,3,0,1,1,0,1,1,0,0,0,0,0,0,0,0,0,1,1,0,0,0,0,0,0,0,0,0,0,0,0,0,0,0,1,0,0,0
2020-05-03,0,0,2,0,1,1,0,0,0,0,1,0,177,0,0,0,0,0,0,0,12,0,0,0,0,2,0,0,0,0,1,0,1,0,0,0,0,0,0,0,0,0,0,0,0,0,1,0,0,0,0,0,0,1,0,0,0,0,0,0,0,0,0,0,0,0
2020-05-04,0,0,3,0,1,0,0,0,0,0,0,0,100,0,0,2,0,2,0,0,18,0,0,0,0,0,0,0,0,3,0,0,0,0,0,0,1,0,0,1,0,0,0,0,0,0,1,0,0,0,0,0,0,0,0,0,0,0,0,1,0,0,0,0,0,0
2020-05-05,0,0,0,0,0,2,0,3,0,0,0,0,102,0,0,1,0,2,0,0,19,1,0,0,2,1,0,0,0,0,0,0,0,0,0,1,0,0,0,1,0,1,0,0,0,0,0,0,0,0,0,0,0,1,0,0,0,0,0,0,1,2,1,1,0,0
2020-05-06,1,0,3,0,1,0,0,0,0,0,0,0,100,0,0,0,0,1,0,0,33,0,0,0,0,1,0,0,0,0,1,0,0,0,1,0,0,0,0,0,1,0,0,0,0,1,0,0,0,1,0,0,0,0,0,0,0,0,0,0,1,0,0,1,0,0
2020-05-07,0,0,2,0,1,1,0,0,0,0,0,0,116,1,2,0,0,0,0,0,40,0,0,0,0,0,0,0,0,0,0,0,2,0,0,0,0,0,0,1,0,0,0,0,0,0,0,0,0,0,0,0,1,0,0,0,0,0,0,0,0,0,0,2,0,0
2020-05-08,0,0,3,0,0,1,0,0,0,0,0,0,105,0,0,0,0,0,0,0,19,0,0,0,0,0,0,0,0,0,0,0,3,0,1,0,0,0,0,1,0,0,0,0,0,0,1,0,0,0,0,0,0,0,0,0,0,0,0,0,0,0,0,0,0,0
2020-05-09,2,0,2,0,0,0,0,0,0,0,1,0,64,0,0,1,0,1,0,0,28,1,0,0,0,1,0,0,0,0,0,0,1,0,0,0,0,0,0,0,1,0,0,0,0,0,0,0,0,1,1,0,0,1,0,0,0,0,0,0,2,0,0,3,0,0
2020-05-10,0,0,2,0,0,0,0,1,0,0,0,0,50,0,1,1,0,0,0,0,20,0,1,0,0,0,1,0,0,0,0,0,0,0,0,1,0,0,0,0,0,2,0,0,0,0,0,0,0,0,0,0,0,0,0,0,0,0,0,0,0,0,0,0,0,0
2020-05-11,1,0,4,1,0,1,0,0,0,0,0,0,80,0,0,0,0,0,0,0,40,0,0,0,0,0,0,1,0,0,0,0,0,0,0,0,1,0,0,0,0,0,0,0,0,1,0,0,0,0,0,0,0,0,0,0,0,0,0,2,0,0,0,0,0,0
2020-05-12,0,0,0,0,0,0,0,1,0,0,0,0,84,0,0,0,0,1,0,0,24,0,1,0,0,0,0,1,1,0,0,0,1,0,1,0,0,3,0,0,0,0,1,0,0,0,0,0,0,4,0,0,0,0,0,0,0,0,0,0,0,0,0,0,0,0
2020-05-13,1,0,6,0,0,0,0,1,0,0,0,0,74,0,0,0,0,1,0,2,14,0,0,0,0,1,0,0,0,0,1,0,0,0,0,1,2,0,0,0,0,0,0,0,0,0,0,0,0,0,0,0,0,0,0,0,0,0,0,0,2,0,0,3,0,0
2020-05-14,2,0,2,0,0,0,0,0,0,0,0,0,74,0,0,0,0,5,0,0,45,0,0,0,0,1,0,1,0,0,0,0,0,0,0,0,1,0,0,0,0,0,0,0,0,1,0,0,0,0,0,0,0,0,0,0,0,0,0,0,0,0,0,1,0,0
2020-05-15,1,0,5,0,0,0,0,0,0,0,1,0,59,0,0,0,0,1,0,2,24,0,0,0,0,0,1,0,1,0,0,0,0,0,0,0,0,1,0,0,0,0,0,0,0,2,0,0,0,0,0,0,1,1,0,0,0,1,0,0,0,0,0,0,0,0
2020-05-16,1,0,6,0,1,0,0,1,1,0,0,0,133,0,0,0,0,1,1,0,42,0,0,0,0,0,0,0,3,0,1,0,1,0,0,1,0,1,1,2,0,0,0,0,0,0,0,0,0,0,3,4,0,0,0,0,0,0,0,1,1,0,0,1,0,0
2020-05-17,0,0,5,1,0,0,0,0,0,0,0,0,71,0,0,1,0,1,0,0,49,0,1,0,0,0,0,1,0,0,0,0,0,0,0,0,0,0,0,0,0,0,0,0,0,0,0,0,0,0,0,0,0,0,0,0,0,0,0,0,0,0,0,0,0,0
2020-05-18,0,0,7,0,0,0,0,0,0,0,1,0,92,0,5,0,0,1,0,0,28,0,0,1,0,0,1,1,0,0,0,0,1,0,0,1,1,0,0,0,1,0,0,0,0,0,0,1,0,0,0,0,0,0,0,0,0,0,0,0,2,1,1,1,0,0
2020-05-19,0,0,10,0,1,3,0,0,0,1,0,0,57,0,0,0,0,2,0,0,24,0,0,0,0,0,0,2,0,0,0,0,1,0,0,0,0,0,0,0,0,1,0,0,0,0,0,0,0,1,0,0,2,0,0,0,0,0,0,0,3,0,0,0,0,0
2020-05-20,0,0,0,0,0,0,0,0,0,0,0,0,93,0,2,0,0,1,0,0,27,0,0,0,0,1,0,0,0,0,0,0,1,0,0,0,1,0,0,0,0,1,0,0,0,0,0,1,0,1,0,0,0,0,0,1,1,0,0,0,2,0,1,0,0,0
2020-05-21,0,0,5,0,0,0,0,0,0,0,0,1,139,0,0,0,0,5,0,0,52,0,0,0,0,0,1,0,0,1,0,1,3,1,0,0,0,1,0,1,0,1,0,0,0,0,0,1,0,0,1,1,0,0,0,0,0,0,0,1,1,0,0,0,0,0
2020-05-22,0,0,8,0,0,0,0,0,0,0,0,1,106,0,1,0,0,0,0,1,35,0,0,0,0,1,0,0,0,0,3,0,0,0,0,0,2,1,0,0,0,1,0,0,0,0,0,0,0,0,0,0,0,0,0,0,0,0,0,1,2,0,0,0,1,0
2020-05-23,0,0,9,0,0,0,0,0,0,0,0,0,94,0,0,0,0,1,0,1,33,0,0,0,0,0,1,0,1,0,3,0,0,0,0,0,1,2,0,0,0,2,0,0,0,0,0,1,0,0,1,0,0,0,0,0,0,0,0,0,1,0,0,0,0,0
2020-05-24,0,0,3,0,1,0,0,0,0,0,1,0,78,1,0,0,0,0,3,1,22,0,0,1,0,0,1,1,0,0,1,0,1,0,0,0,0,1,0,1,0,0,0,0,0,2,0,0,0,0,0,0,0,0,0,0,0,1,0,0,0,0,0,0,0,0
2020-05-25,0,0,5,0,0,0,0,0,0,0,0,1,125,0,1,1,0,2,0,0,23,0,0,0,0,0,0,0,0,0,0,0,0,0,0,1,0,2,0,0,0,1,0,1,0,0,0,1,0,1,0,1,0,0,0,0,0,0,0,0,1,0,1,0,0,0
2020-05-26,0,1,8,0,0,0,0,0,0,0,0,0,143,0,0,0,0,0,0,0,54,0,0,0,0,0,4,0,0,1,0,0,1,0,0,2,1,0,0,0,0,1,0,0,0,0,0,1,0,0,0,2,0,0,0,0,0,0,0,0,3,0,0,1,0,0
2020-05-27,0,0,6,0,0,2,0,0,1,0,0,0,151,0,0,1,0,1,0,0,40,0,0,1,0,0,0,0,1,0,0,0,1,0,0,0,0,0,0,1,0,0,0,0,0,0,0,0,0,1,0,3,0,0,0,0,0,1,0,0,2,0,0,1,0,0
2020-05-28,0,0,6,0,0,0,0,0,0,0,0,0,121,0,2,7,0,0,0,0,36,0,0,0,0,0,0,0,0,0,0,1,4,0,0,0,0,4,0,1,0,0,0,0,0,0,0,2,0,1,0,1,0,1,0,0,0,0,0,0,4,0,0,0,0,0
2020-05-29,0,0,3,0,0,0,0,0,0,0,0,0,167,0,0,0,0,3,0,0,49,0,0,0,0,2,0,1,0,0,0,0,0,0,0,0,1,0,1,0,0,1,0,1,0,0,0,1,0,1,0,0,0,0,0,0,0,0,0,0,1,0,0,0,0,0
2020-05-30,1,0,6,0,0,0,0,0,0,0,0,1,145,0,0,0,0,5,0,2,53,0,0,0,0,0,0,0,0,1,0,0,1,0,0,0,0,0,1,0,0,0,0,0,0,0,0,0,0,0,0,0,0,0,0,0,0,3,0,1,1,0,0,0,0,0
2020-05-31,0,0,5,1,0,0,0,0,0,0,0,2,141,0,0,0,0,5,0,0,44,0,0,0,0,0,0,0,0,0,1,0,0,0,0,1,0,0,0,0,0,0,0,1,0,0,0,0,0,1,0,1,0,0,0,0,0,0,0,0,2,0,0,0,0,0
2020-06-01,1,0,2,0,0,0,0,2,0,0,0,0,172,0,0,0,0,5,0,0,40,0,0,0,0,2,0,3,0,0,0,0,4,0,0,1,0,2,0,0,0,2,0,0,1,0,0,0,0,2,0,0,0,0,0,0,0,0,0,0,0,0,1,1,0,0
2020-06-02,0,0,4,1,1,0,0,1,0,0,0,0,136,0,1,0,0,6,1,0,34,0,0,0,0,1,0,0,0,1,2,0,2,0,0,0,0,1,0,0,3,1,0,0,0,0,0,0,0,0,0,1,0,0,0,0,0,0,0,0,1,0,0,2,0,1
2020-06-03,1,0,4,0,0,0,0,0,0,0,0,0,112,0,1,0,0,6,0,0,31,0,0,0,0,0,1,0,0,0,3,0,2,0,0,0,0,0,0,0,0,0,0,0,0,0,0,0,0,1,0,1,0,1,0,0,0,0,0,0,1,0,0,1,0,2
2020-06-04,2,3,28,0,0,5,0,2,1,0,1,1,356,1,6,0,1,7,1,0,120,0,0,1,0,5,2,4,0,1,3,0,13,1,0,5,8,6,0,4,3,0,1,0,1,0,0,1,0,1,2,1,0,2,0,0,0,1,0,2,3,1,2,1,0,1
2020-06-05,5,1,105,1,4,10,0,18,0,0,2,4,998,0,10,10,1,13,0,5,279,3,0,2,1,8,17,4,1,3,8,4,44,0,4,2,9,26,1,11,6,8,0,1,3,4,7,2,4,3,4,10,2,6,0,1,0,3,0,4,24,6,5,11,0,4
2020-06-06,2,6,47,1,5,14,0,8,0,0,1,1,715,1,6,3,0,22,1,1,208,1,5,0,2,10,3,6,5,4,5,5,20,1,0,3,2,16,1,2,4,5,2,2,1,5,4,0,0,3,1,10,2,3,0,0,1,1,0,7,20,2,3,12,0,2
2020-06-07,7,0,40,0,0,9,1,3,5,2,1,4,656,1,10,13,1,16,2,0,190,3,1,3,0,16,3,6,1,1,2,3,20,0,0,3,4,5,0,4,6,5,0,1,2,0,6,1,1,2,0,3,1,2,0,5,2,0,2,3,11,2,3,10,0,0
2020-06-08,8,0,49,0,1,8,4,5,1,0,5,1,516,0,4,7,0,15,4,1,141,0,0,0,2,4,9,3,0,0,7,1,16,0,0,5,1,4,1,0,5,3,3,0,0,1,0,1,3,6,0,4,0,7,0,0,0,1,0,7,8,2,0,0,0,0
2020-06-09,3,1,22,0,0,7,0,0,0,0,0,1,448,0,1,2,1,13,2,2,91,2,0,1,0,1,5,1,1,0,1,0,5,1,0,2,3,0,0,9,5,2,0,2,0,1,2,0,0,5,0,0,1,2,0,0,1,4,0,1,18,0,1,28,0,0
2020-06-10,10,0,26,0,0,3,0,9,1,0,5,0,311,1,4,6,0,7,1,3,84,0,0,1,2,4,1,1,3,4,2,4,3,0,1,0,2,4,1,2,0,0,0,0,0,6,0,1,0,1,1,5,1,1,0,1,0,1,0,0,4,4,1,6,0,0
2020-06-11,1,0,13,1,1,0,2,0,1,1,0,0,275,0,4,5,0,8,0,1,67,0,0,1,0,1,0,1,0,1,1,0,7,1,0,1,0,7,2,2,0,15,3,0,0,0,2,0,0,0,1,4,1,1,0,1,0,2,0,1,6,1,2,1,0,0
2020-06-12,1,0,14,0,1,0,0,4,0,0,2,1,261,0,2,4,0,7,0,1,70,0,0,0,1,4,3,0,0,1,0,0,9,0,1,3,4,4,0,2,1,2,0,2,0,1,3,0,0,1,0,1,0,5,0,1,0,1,0,1,1,0,5,4,0,0
2020-06-13,3,0,14,0,2,2,1,0,3,2,0,1,307,0,6,2,0,2,0,1,70,0,0,1,0,0,1,3,0,0,1,1,5,0,0,0,2,1,0,5,4,2,1,0,0,0,0,0,1,3,3,0,1,1,0,1,0,0,0,0,2,2,2,2,0,1
2020-06-14,1,0,22,0,0,6,0,0,0,0,0,3,265,0,3,0,0,7,3,0,48,0,0,1,1,4,2,0,0,0,0,1,6,0,0,2,2,3,1,7,0,1,0,0,0,3,2,0,1,6,1,5,0,2,0,2,1,0,0,1,11,2,0,6,0,1
2020-06-15,5,1,17,1,0,1,0,2,0,0,0,0,295,0,3,5,0,13,5,3,71,0,0,1,0,2,2,1,0,0,1,1,8,0,0,0,1,6,1,0,4,2,1,0,0,0,0,0,0,2,1,3,0,2,1,1,1,0,0,0,1,1,1,4,0,0
2020-06-16,1,0,18,1,1,4,0,7,0,0,0,0,311,0,3,1,3,4,0,3,64,0,0,0,0,1,1,1,1,0,2,0,7,0,1,0,3,0,1,4,0,0,2,0,1,0,1,0,1,0,2,0,0,5,0,0,0,1,0,0,3,5,1,6,0,2
2020-06-17,2,0,12,0,6,2,0,6,2,4,1,0,252,1,2,1,0,6,0,0,63,2,0,1,0,4,3,2,0,2,0,1,4,0,0,1,0,1,0,3,1,1,1,0,1,1,0,0,0,2,0,0,0,0,0,2,1,0,0,2,2,3,0,3,1,0
2020-06-18,2,0,43,2,4,4,0,7,3,7,0,8,787,1,8,5,2,25,0,5,237,4,5,3,1,16,5,0,7,3,4,2,6,0,2,7,2,12,1,14,2,5,0,0,5,4,1,0,0,7,2,6,1,2,0,0,0,2,1,3,7,14,2,13,0,2
2020-06-19,2,1,30,1,1,2,0,3,1,0,0,1,427,0,8,3,0,10,1,0,107,2,0,1,1,8,3,1,1,2,2,0,15,0,0,2,2,7,0,3,0,1,0,0,0,3,1,0,3,1,1,8,3,4,0,1,1,0,0,5,8,1,4,10,1,1
2020-06-20,0,0,10,3,2,2,0,2,4,0,1,1,350,1,6,2,0,2,0,2,80,0,2,2,0,7,3,3,1,0,1,5,7,0,0,2,0,0,0,3,3,1,0,1,1,1,0,0,1,2,1,5,0,0,0,0,1,0,1,1,8,1,3,5,1,3
2020-06-21,2,0,7,3,1,1,0,4,0,1,0,0,249,0,4,2,0,4,0,0,56,0,0,1,0,6,0,3,0,3,2,0,3,0,0,2,1,2,0,3,0,4,0,1,0,2,1,0,0,2,1,1,2,2,0,0,1,0,0,2,4,4,4,3,1,1
2020-06-22,3,0,9,0,5,1,2,2,0,1,0,0,228,0,4,2,0,4,0,1,53,1,0,2,0,1,0,2,0,1,2,0,9,1,0,2,0,3,0,3,0,1,0,0,0,0,3,0,0,2,1,0,0,3,0,0,1,0,0,2,2,1,0,0,1,1
2020-06-23,5,0,7,0,2,1,0,1,0,0,2,1,246,0,2,3,2,2,0,2,47,0,0,1,1,7,0,1,1,0,3,0,1,0,2,0,1,5,0,1,1,1,0,0,0,0,0,0,0,1,0,1,1,1,0,0,1,0,0,6,4,1,4,2,1,0
2020-06-24,1,1,10,0,4,1,2,4,0,1,0,2,225,1,2,0,0,1,0,0,66,0,0,0,0,2,3,1,0,0,1,0,7,0,1,3,0,7,0,0,1,1,1,0,0,0,1,1,0,2,1,1,0,1,0,0,1,0,1,0,2,0,1,1,1,0
2020-06-25,1,1,5,1,1,3,0,2,0,0,1,0,211,0,1,0,0,0,0,2,37,1,0,0,0,2,0,0,2,0,1,0,4,0,0,1,0,3,0,6,0,4,0,2,0,1,1,0,0,5,0,0,2,2,0,0,1,1,0,2,4,6,1,1,0,2
2020-06-26,1,0,9,0,1,1,0,1,0,0,0,2,161,2,7,6,0,1,0,1,32,3,1,0,0,2,1,2,0,0,0,0,3,0,0,3,3,2,1,5,0,0,0,1,0,0,0,1,2,2,0,2,0,1,0,0,0,1,0,1,3,1,1,2,0,0
2020-06-27,1,0,8,0,1,1,0,2,0,0,0,1,186,0,3,2,0,1,2,0,31,1,0,1,0,3,1,0,0,0,0,0,6,0,1,1,1,4,0,1,0,2,2,0,0,0,1,1,0,2,0,0,0,1,0,0,0,2,0,0,1,3,4,2,0,2
2020-06-28,2,1,1,0,3,0,0,4,0,0,0,1,151,0,3,4,0,3,0,0,38,0,1,0,2,1,0,0,0,0,1,2,6,0,0,0,0,2,1,1,0,2,0,0,0,0,0,0,0,9,1,2,0,3,0,0,0,1,0,0,4,2,1,0,0,1
2020-06-29,4,0,4,0,0,1,0,3,0,0,0,0,163,0,1,0,0,0,0,0,52,1,0,1,0,1,0,4,0,1,2,0,8,1,0,0,0,1,0,1,0,0,0,0,0,0,6,0,0,1,0,0,0,3,0,0,0,0,3,1,2,0,1,0,0,0
2020-06-30,4,2,4,0,1,1,1,1,0,0,0,0,127,0,2,2,0,2,0,0,30,0,0,2,0,2,0,0,0,1,1,0,5,0,1,0,0,2,0,1,0,0,0,0,0,0,1,2,0,0,0,0,0,1,0,0,0,0,0,3,1,2,3,3,0,0
2020-07-01,2,0,3,0,1,0,0,1,0,0,0,2,101,0,1,1,0,2,1,0,32,0,1,0,0,0,0,0,1,0,0,0,2,0,0,4,0,0,0,3,2,1,0,0,0,0,0,0,0,0,0,2,0,0,0,0,0,0,1,0,4,1,0,0,0,0
2020-07-02,0,0,1,0,0,0,0,0,0,0,2,0,88,0,0,1,0,0,0,0,9,1,0,0,0,1,0,0,2,0,0,0,3,0,0,2,0,1,0,1,0,0,0,0,0,0,0,0,0,2,0,0,0,0,0,1,0,0,0,0,0,1,2,4,0,0
2020-07-03,1,0,3,0,0,0,0,1,0,0,0,1,96,0,1,0,0,2,0,0,23,0,0,0,0,0,3,0,1,0,0,0,1,0,1,0,1,5,0,2,0,1,1,0,0,0,0,0,0,0,0,0,0,0,0,0,0,0,0,0,0,1,0,2,0,0
2020-07-04,4,2,1,0,1,1,0,0,0,1,0,0,111,0,2,5,0,0,1,0,33,1,0,0,0,0,0,0,1,0,0,0,1,0,0,1,1,1,0,2,1,0,0,0,0,1,0,0,0,0,0,0,1,1,0,0,1,0,0,0,2,0,0,0,0,1
2020-07-05,0,0,2,0,0,0,0,0,0,0,0,0,108,0,0,1,0,1,0,0,30,1,0,4,0,1,1,0,1,0,0,0,0,1,0,0,3,0,1,0,1,0,0,0,0,3,0,0,0,2,0,1,3,3,0,0,1,0,0,0,3,1,1,0,0,0
2020-07-06,0,0,2,0,0,2,0,1,0,0,0,0,122,0,1,0,0,2,0,0,21,0,0,0,0,1,0,2,0,0,0,0,1,0,0,2,0,3,0,3,1,2,0,0,0,0,0,1,0,0,0,2,0,0,0,0,0,0,1,1,1,1,0,3,1,1
2020-07-07,0,0,2,2,0,0,1,1,0,0,0,0,106,0,1,4,0,1,0,0,20,0,0,0,0,7,0,3,1,0,0,0,0,0,0,1,0,1,0,0,0,1,0,0,0,2,2,0,0,0,0,0,0,0,0,0,0,0,0,1,5,3,1,3,0,0
2020-07-08,0,0,9,1,5,1,0,1,0,0,0,0,108,0,0,0,0,1,0,0,25,0,0,0,0,1,0,0,1,0,0,0,2,0,0,0,0,0,0,1,1,0,1,0,0,0,0,0,0,2,0,2,1,2,0,1,1,0,0,0,2,1,0,1,0,0
2020-07-09,0,1,4,1,3,0,0,3,1,0,0,0,94,1,0,0,0,1,1,0,18,0,0,0,0,0,0,0,2,2,0,0,1,0,0,0,0,1,0,2,0,2,1,0,0,0,0,0,0,0,1,0,0,1,0,0,0,0,0,0,0,2,0,2,0,0
2020-07-10,0,1,1,1,0,2,0,0,0,0,0,0,88,0,0,0,2,1,1,0,20,0,0,0,0,2,0,5,1,0,0,0,1,0,1,2,0,1,0,1,0,0,0,0,0,1,0,0,1,0,0,1,0,0,0,0,0,0,0,0,0,0,0,2,1,0
2020-07-11,1,0,2,0,0,0,0,0,1,0,0,0,103,0,0,0,1,0,0,0,20,0,2,0,1,0,0,0,0,0,0,0,1,0,0,0,2,0,0,1,0,0,0,0,0,0,0,0,0,0,0,0,0,0,0,0,0,0,0,0,3,0,0,3,0,1
2020-07-12,1,0,3,0,0,0,0,4,0,0,0,0,84,0,1,0,0,0,0,0,13,0,0,0,0,3,0,0,0,0,0,0,1,1,0,1,2,3,0,3,0,0,0,0,0,0,0,0,0,1,2,0,0,0,0,0,0,0,1,0,3,0,0,3,0,0
2020-07-13,0,0,2,0,0,0,0,0,2,0,0,0,90,0,0,0,0,1,0,0,11,0,0,0,0,2,0,1,0,0,0,1,0,1,0,1,3,1,1,0,0,1,1,0,0,1,0,0,0,1,0,0,0,0,0,0,1,0,0,0,2,4,0,1,0,2
2020-07-14,0,3,1,0,0,0,0,5,2,0,0,0,92,0,0,0,0,0,0,0,23,0,0,0,0,0,0,0,0,0,0,0,0,0,0,0,1,3,0,0,0,0,0,0,0,1,0,0,0,1,0,2,0,1,0,0,0,1,0,0,3,1,0,1,0,0
2020-07-15,3,0,1,0,1,0,0,0,0,1,0,0,107,0,0,1,1,0,0,0,13,0,0,0,0,0,0,0,0,0,0,0,1,0,0,0,2,0,0,0,0,0,0,0,0,0,0,1,0,3,0,2,0,0,0,0,0,0,0,0,0,0,0,2,0,0
2020-07-16,0,0,1,0,3,0,0,0,0,0,0,0,103,0,0,0,0,0,0,0,8,1,0,0,1,0,0,0,0,2,0,0,0,0,0,0,0,0,0,0,0,1,0,0,0,0,0,0,0,0,0,1,0,0,0,0,0,0,0,0,1,0,0,0,0,0
2020-07-17,0,0,1,0,2,1,0,0,0,0,0,0,103,0,0,0,0,0,0,0,9,0,1,0,0,1,0,0,0,0,0,0,1,0,0,1,0,1,0,0,0,0,0,0,0,0,0,0,1,0,0,0,0,0,0,0,0,0,0,0,0,0,0,1,0,0
2020-07-18,0,0,1,1,0,1,0,0,0,0,0,0,120,0,0,1,0,0,0,0,11,0,0,0,0,0,0,0,0,0,1,0,4,0,0,1,1,0,0,0,0,0,0,0,0,0,0,0,0,3,0,0,0,0,0,0,0,0,0,0,1,0,0,0,0,0
2020-07-19,0,1,2,0,0,1,0,0,0,0,0,0,96,0,0,1,1,0,0,0,11,0,0,0,0,0,0,1,0,0,0,0,0,0,0,0,0,1,0,0,0,0,0,0,0,0,0,0,0,0,0,0,1,0,0,0,0,0,0,0,3,2,0,1,0,0
2020-07-20,0,0,1,0,0,0,0,0,0,0,0,0,91,0,0,1,0,0,0,0,5,0,0,0,0,0,0,0,0,0,0,0,1,0,0,0,0,0,0,0,0,0,0,0,0,0,0,0,0,0,0,0,0,1,0,0,0,0,0,1,0,1,0,0,0,0
2020-07-21,0,0,0,0,0,0,0,0,0,0,0,1,72,0,0,1,0,1,0,0,7,1,0,0,0,0,0,0,1,2,0,0,0,0,0,1,0,0,0,0,0,0,0,0,0,0,0,0,0,1,0,0,0,1,0,0,0,0,0,0,1,1,0,0,0,0
2020-07-22,0,1,0,0,0,1,0,0,0,0,0,0,84,0,0,0,0,1,0,0,5,1,0,0,0,0,0,0,0,1,0,0,1,0,0,0,0,0,0,0,0,0,0,0,0,0,0,0,0,2,0,1,0,0,0,0,0,0,0,0,0,0,0,1,0,0
2020-07-23,0,0,0,0,1,0,0,0,0,0,0,1,94,0,0,1,0,0,0,2,10,1,0,0,0,0,0,0,0,0,0,0,0,0,0,0,0,0,0,1,0,0,0,0,0,0,1,0,1,0,0,0,0,1,0,0,0,0,2,0,0,1,0,0,0,0
2020-07-24,0,0,1,0,0,0,1,1,0,0,0,0,102,0,1,1,1,0,0,0,14,0,0,0,0,1,0,0,0,0,0,0,1,0,0,0,0,0,0,0,1,2,0,0,0,0,0,0,0,0,0,0,0,0,0,1,0,0,0,1,0,0,0,0,0,1
2020-07-25,0,0,2,0,0,2,0,1,0,0,0,0,81,0,0,0,0,0,0,0,5,0,0,0,0,0,0,0,0,1,0,0,0,0,0,0,0,1,0,0,0,1,0,0,0,0,0,0,0,0,1,0,0,1,0,0,0,0,2,0,0,0,0,0,0,0
2020-07-26,0,0,0,0,1,0,0,2,0,1,0,0,72,0,0,0,0,3,0,0,4,0,0,0,0,0,0,0,0,0,0,0,0,0,0,0,0,1,0,0,0,0,0,1,0,0,0,0,0,0,0,0,0,0,0,0,0,1,0,0,0,0,0,0,0,0
2020-07-27,0,0,1,0,0,0,0,0,1,0,0,0,88,0,0,0,0,0,0,0,7,0,0,0,0,0,0,0,0,0,0,0,0,0,0,0,0,0,0,0,0,0,0,0,0,0,0,0,0,1,0,0,0,0,0,0,0,1,0,0,0,0,0,0,0,0
2020-07-28,0,0,0,0,0,0,0,0,0,0,0,0,82,0,0,1,0,0,0,0,7,0,0,1,0,0,0,0,0,0,0,0,0,0,0,0,0,1,0,1,0,0,1,0,0,0,0,0,0,0,0,0,0,0,0,0,0,0,0,0,0,0,0,2,0,0
2020-07-29,0,0,2,0,0,0,0,0,0,0,0,0,96,0,0,0,0,1,0,0,7,0,0,1,0,0,0,0,0,0,0,0,0,0,0,0,1,1,0,1,1,0,0,0,0,0,0,0,0,1,0,0,0,0,0,0,0,0,0,0,0,0,0,1,0,0
2020-07-30,0,0,0,0,0,0,0,0,0,0,0,0,80,0,0,1,0,1,0,0,3,0,0,0,1,0,0,0,0,0,0,0,0,0,0,1,0,0,0,0,0,0,0,1,0,1,0,0,0,0,0,0,0,1,0,0,0,0,0,0,0,0,0,0,0,0
2020-07-31,0,0,2,0,0,1,0,0,0,0,0,0,78,0,0,0,0,0,0,0,8,0,0,0,0,0,0,0,0,0,0,0,1,0,0,0,0,0,0,0,0,0,0,0,0,0,0,0,0,0,0,0,0,1,0,0,0,0,0,0,2,0,0,0,0,0
2020-08-01,0,0,0,0,0,0,0,0,0,0,0,0,39,0,0,0,0,0,0,0,3,0,0,0,0,0,0,0,0,1,0,0,1,0,0,0,1,0,0,0,2,0,0,0,0,0,0,0,0,0,0,0,0,0,0,0,0,0,1,0,1,1,0,1,0,0
2020-08-02,1,0,1,0,0,0,0,1,0,0,0,0,76,0,2,0,0,2,0,0,9,0,0,0,0,0,0,0,0,0,0,0,0,0,0,3,0,0,0,0,0,1,0,0,0,1,0,1,0,0,0,0,1,0,0,0,0,1,0,0,2,0,0,0,0,0
2020-08-03,0,0,0,0,1,0,0,0,0,0,0,0,90,0,0,0,0,0,0,0,13,0,0,0,0,0,0,0,0,0,0,0,2,0,1,1,0,1,0,0,0,0,0,0,0,0,0,0,0,1,0,0,0,0,0,0,0,0,0,0,0,1,0,0,0,0
2020-08-04,0,0,1,0,0,0,1,0,0,0,0,0,101,0,0,0,0,1,0,0,13,0,0,0,0,0,0,0,0,0,0,0,0,0,0,1,1,0,0,0,0,0,0,1,1,0,0,0,0,2,0,0,0,0,0,0,0,0,0,0,2,0,0,0,0,0
2020-08-05,0,0,1,0,0,0,0,0,0,0,0,0,78,0,1,0,0,1,0,2,9,0,0,0,0,0,0,0,0,1,0,0,0,0,0,2,1,0,0,0,1,0,1,0,0,0,0,2,0,1,0,1,0,0,0,0,0,0,0,0,2,0,0,1,0,0
2020-08-06,0,0,1,0,0,0,1,0,0,0,0,0,68,0,0,2,0,1,0,0,2,0,0,0,0,0,0,0,0,0,0,0,0,0,0,1,0,0,0,0,0,0,0,0,0,0,0,0,0,0,0,0,0,0,0,0,0,0,0,0,0,0,0,0,0,0
2020-08-07,1,0,0,0,0,0,0,0,0,0,1,0,101,0,1,0,0,0,0,0,7,0,0,0,0,0,0,0,2,0,0,0,1,0,0,0,0,1,0,0,1,0,1,1,1,0,0,0,0,1,0,0,0,0,0,0,0,0,0,0,0,0,0,0,0,0
2020-08-08,0,0,0,0,1,0,0,0,0,0,0,0,71,0,0,0,0,0,0,0,4,0,0,0,1,0,0,0,0,0,0,0,0,0,0,0,0,0,0,0,0,1,0,0,0,0,0,0,1,1,0,0,0,0,0,0,0,0,0,0,0,0,0,1,0,1
2020-08-09,0,0,0,0,0,0,0,1,1,0,0,0,51,1,1,0,1,0,0,0,6,1,0,0,0,0,0,0,0,0,0,0,0,0,0,1,0,0,0,0,0,0,0,0,0,0,0,0,0,0,0,0,0,0,0,0,0,0,0,0,0,0,0,0,0,0
2020-08-10,0,0,0,1,0,0,0,0,0,0,0,0,90,0,1,1,0,0,0,0,10,0,0,0,0,0,0,0,0,0,0,0,2,0,0,4,0,0,0,1,0,0,0,0,0,0,0,0,0,2,0,0,0,0,0,0,0,0,0,0,0,0,0,0,0,0
2020-08-11,0,0,0,0,0,1,0,0,0,0,0,0,100,0,2,0,0,1,0,0,7,0,0,0,0,0,0,0,0,0,0,0,0,0,0,0,0,0,0,0,0,0,0,0,0,0,0,0,0,1,0,0,0,1,0,0,0,0,0,0,0,0,0,0,0,0
2020-08-12,0,0,0,0,0,0,0,0,0,0,0,0,75,0,0,0,0,0,0,0,7,0,0,0,0,0,0,0,0,0,0,0,1,0,0,0,0,0,0,0,0,0,2,0,0,0,0,0,0,1,0,0,0,0,0,0,0,0,0,0,0,0,0,0,0,0
2020-08-13,0,0,0,1,1,0,0,0,0,0,0,0,75,0,0,0,0,0,0,0,3,0,0,0,0,0,0,0,0,0,0,0,1,0,0,0,1,0,0,0,1,0,1,0,0,0,0,0,2,1,0,0,0,1,0,0,0,0,1,0,0,0,0,0,0,0
2020-08-14,0,0,0,1,2,2,0,0,0,0,0,0,60,0,0,1,0,0,0,0,4,0,0,0,0,0,0,0,0,0,0,0,0,0,0,0,0,0,0,1,0,0,0,0,0,0,0,1,1,0,0,0,0,0,0,0,0,0,0,0,0,0,0,0,0,0
2020-08-15,0,0,0,0,0,0,0,1,0,1,0,0,53,0,0,1,0,0,0,0,6,0,0,2,0,0,0,0,0,0,0,0,0,0,0,1,0,0,0,0,0,0,0,0,0,0,0,0,0,0,0,0,0,0,0,0,0,0,0,0,0,0,0,0,0,0
2020-08-16,0,0,0,0,1,1,0,0,0,1,0,0,59,0,1,0,0,0,0,0,1,0,1,0,0,0,0,0,0,0,0,0,0,0,1,0,0,0,0,0,0,0,0,0,0,0,0,0,0,0,0,0,0,1,0,0,0,0,0,0,1,1,0,0,0,0
2020-08-17,0,0,1,0,0,1,0,0,0,0,0,0,61,0,0,0,0,0,0,0,5,1,0,0,0,0,0,1,0,0,0,0,1,0,0,0,0,2,0,0,0,0,0,0,0,0,0,0,0,0,0,0,0,0,0,0,0,0,0,0,0,0,0,0,0,1
2020-08-18,0,0,0,0,0,1,0,0,0,0,0,0,71,1,0,0,0,0,0,0,3,0,0,0,0,0,0,0,0,0,0,0,0,0,0,0,0,1,0,0,0,0,0,0,0,0,0,0,0,0,0,0,0,0,0,0,0,0,0,0,0,0,0,0,0,0
2020-08-19,0,0,0,0,0,0,0,0,0,0,0,0,58,0,1,0,0,0,0,0,9,0,0,0,0,0,0,0,0,0,0,0,1,0,0,0,0,0,0,0,0,0,0,0,0,0,0,0,0,0,0,0,0,0,0,0,0,2,0,0,0,0,0,0,0,0
2020-08-20,1,0,1,0,0,0,0,0,0,0,0,0,67,0,0,0,0,0,0,0,7,0,0,1,0,0,0,0,0,0,1,0,0,0,0,0,0,0,0,0,0,1,0,0,0,0,1,0,0,1,0,0,0,0,0,0,0,0,0,0,0,0,0,0,0,0
2020-08-21,0,0,1,0,1,0,0,0,0,0,0,0,42,0,0,0,0,0,0,0,9,3,1,0,0,0,0,0,0,0,0,0,0,0,0,0,0,1,0,1,0,0,0,0,0,0,0,1,0,0,1,0,0,0,0,0,0,0,0,0,1,0,0,0,0,0
2020-08-22,0,0,0,1,0,3,0,0,0,0,0,0,47,0,0,1,0,0,1,0,7,0,0,0,0,0,0,0,0,0,0,0,0,0,0,0,0,1,0,0,0,0,0,0,0,0,0,0,1,1,0,0,0,0,0,0,0,0,0,0,1,0,0,0,0,0
2020-08-23,0,0,0,0,0,0,0,0,0,0,0,0,54,0,0,0,0,0,0,0,4,0,0,0,0,0,0,0,0,0,0,0,0,0,0,0,0,0,0,0,0,0,0,0,0,0,0,0,0,0,0,0,0,0,0,0,0,0,0,0,0,0,1,0,0,0
2020-08-24,0,0,0,0,0,0,0,0,0,0,0,0,71,0,0,0,0,0,0,0,12,0,0,0,0,0,0,0,0,0,1,0,0,0,1,1,0,0,0,1,0,1,0,0,0,0,0,0,0,0,0,0,0,0,0,0,0,0,0,0,0,0,0,0,0,0
2020-08-25,0,0,1,0,0,0,0,0,0,0,0,1,64,0,0,0,0,0,0,0,8,0,0,0,0,0,0,0,0,0,0,0,0,0,0,0,0,0,0,0,0,0,0,0,0,0,0,0,0,0,0,0,0,0,0,0,0,0,0,0,0,0,0,0,0,0
2020-08-26,0,0,1,0,0,0,0,1,0,0,0,0,56,0,0,0,0,0,0,0,8,0,0,0,0,0,0,1,0,0,0,0,0,0,0,0,0,0,0,0,0,0,0,0,0,0,0,0,0,0,0,0,0,0,0,0,0,0,0,0,0,0,0,0,0,0
2020-08-27,0,0,0,0,0,0,0,1,0,0,0,0,62,0,0,0,0,0,0,0,9,0,0,0,0,0,0,0,0,0,0,0,0,0,0,0,0,0,0,0,0,0,0,0,0,0,0,0,0,0,0,0,0,0,0,0,0,0,0,0,0,0,0,0,0,0
2020-08-28,0,0,0,0,0,0,0,0,0,0,0,1,61,0,0,0,0,0,0,1,11,0,0,0,0,0,0,0,0,0,0,0,0,0,0,0,0,0,0,2,0,0,0,0,0,0,0,0,0,0,0,0,1,0,0,0,0,0,0,0,1,0,0,1,0,0
2020-08-29,0,0,0,0,0,0,0,0,0,0,0,0,78,0,0,0,0,0,0,1,16,0,0,0,0,0,0,0,0,0,0,0,0,0,0,0,0,0,0,0,0,1,0,0,0,0,0,0,0,0,0,1,0,0,0,0,0,0,0,0,0,0,0,0,0,0
2020-08-30,0,0,0,0,0,0,0,0,0,0,0,0,46,0,0,0,0,0,0,0,12,0,0,0,0,0,0,0,0,0,0,0,0,0,0,0,0,0,0,0,0,0,0,0,0,0,0,1,1,1,0,0,0,1,0,0,2,0,0,0,0,0,0,0,0,0
2020-08-31,0,0,1,0,0,0,0,0,0,0,0,0,58,0,0,0,0,0,0,3,10,0,0,0,0,0,0,1,0,0,0,0,0,0,0,0,0,0,0,0,0,0,0,0,0,0,0,0,0,0,0,0,0,0,0,0,0,0,0,0,0,0,0,0,0,0
2020-09-01,0,0,1,0,0,0,0,0,0,0,0,0,58,1,0,0,0,0,0,0,17,0,0,0,0,0,0,0,0,0,0,0,0,0,0,1,0,0,0,0,0,1,0,0,0,0,0,0,0,0,0,0,0,1,0,0,0,0,0,0,0,0,0,0,0,0
2020-09-02,0,0,1,0,1,0,0,0,0,0,0,0,74,0,0,0,0,0,0,0,19,0,0,0,0,0,0,0,0,0,0,0,0,0,0,0,1,0,0,0,0,0,0,0,0,0,0,0,0,0,0,0,0,0,0,0,0,0,0,0,0,0,0,0,0,0
2020-09-03,0,0,0,0,0,0,0,0,0,0,0,0,57,0,0,1,0,1,0,0,10,0,0,0,0,0,0,0,0,0,0,0,0,0,1,0,0,0,0,0,0,0,0,0,0,0,0,0,0,0,0,0,0,0,0,0,0,0,0,0,1,0,0,0,0,0
2020-09-04,1,0,0,0,0,0,0,0,1,0,0,0,78,0,1,0,0,0,0,0,5,0,0,0,0,0,0,0,0,0,0,0,0,0,0,0,0,0,0,0,0,0,0,0,0,1,0,0,0,0,0,0,0,0,0,0,0,0,0,0,1,0,1,0,0,0
2020-09-05,0,0,0,0,0,0,0,1,0,0,0,0,62,0,0,1,0,0,0,0,9,0,0,0,0,0,0,0,0,0,0,0,0,0,0,0,0,0,0,0,0,0,0,0,0,0,0,0,0,0,0,1,0,0,0,0,1,0,0,0,0,0,0,0,0,0
2020-09-06,0,0,0,0,0,0,0,0,0,0,0,1,59,0,0,0,0,0,0,0,5,0,1,0,0,0,0,3,0,0,0,0,0,0,0,0,0,0,0,0,0,0,0,0,0,0,0,0,0,0,0,0,0,0,0,0,0,0,0,0,0,0,0,0,0,0
2020-09-07,0,1,0,0,0,0,0,0,0,0,0,0,70,0,0,0,0,0,0,1,11,0,0,0,1,0,0,1,0,0,0,0,0,0,0,0,0,0,0,0,0,0,0,0,0,0,0,0,0,0,0,0,0,0,0,0,0,0,0,1,0,0,1,0,0,0
2020-09-08,0,0,0,0,0,0,0,0,0,0,0,1,56,0,0,0,0,0,0,0,12,0,0,0,0,0,0,1,0,0,0,0,0,0,0,0,0,0,0,0,0,0,0,0,0,0,0,0,0,0,0,0,0,0,0,0,0,0,0,0,0,0,0,1,0,0
2020-09-09,0,0,1,0,0,0,0,1,0,0,0,0,68,0,0,0,0,0,0,0,4,0,0,0,0,0,0,0,0,1,0,0,0,0,0,0,0,0,0,0,0,0,0,0,0,0,0,0,0,0,1,0,0,1,0,0,0,0,0,0,0,0,0,0,0,0
2020-09-10,0,0,0,0,0,0,0,0,0,0,0,0,46,0,0,0,0,1,0,0,2,0,0,0,0,0,0,0,0,0,0,0,0,0,0,0,0,0,0,0,0,0,0,0,0,0,0,0,0,0,0,0,0,0,0,0,0,0,0,0,0,0,0,0,0,0
2020-09-11,0,0,0,0,0,0,0,0,0,0,0,0,61,0,0,0,0,0,0,1,5,0,0,0,0,0,0,0,0,0,0,0,0,0,0,0,0,5,0,0,0,0,0,0,0,0,0,0,0,0,0,0,0,0,0,0,0,0,0,0,0,0,0,0,0,0
2020-09-12,0,0,0,0,0,0,0,0,0,0,0,0,33,0,0,0,0,0,0,0,3,0,0,0,0,0,0,0,0,0,1,0,0,0,0,0,0,0,0,0,0,0,0,0,0,0,0,0,0,1,0,0,1,0,0,0,0,0,0,0,0,0,0,0,0,0
2020-09-13,0,0,0,0,0,0,0,0,0,0,0,0,46,0,0,0,0,0,0,0,2,0,0,0,0,0,0,0,0,0,0,0,0,0,0,0,0,0,0,0,0,0,0,0,0,0,0,0,0,0,0,0,0,0,0,0,0,0,0,0,0,0,0,0,0,0
2020-09-14,0,0,1,0,0,0,0,0,0,0,0,0,21,0,0,0,0,0,0,0,4,0,0,0,0,0,0,0,0,0,0,0,0,0,0,0,0,0,0,0,0,0,0,0,0,0,0,0,0,0,0,0,0,1,0,0,0,0,0,0,0,0,0,0,0,0
2020-09-15,0,0,0,0,0,0,0,0,0,0,0,0,32,0,0,0,0,1,0,0,3,1,0,0,0,0,0,0,0,0,0,0,1,0,0,0,0,0,0,0,0,0,0,0,0,0,0,0,0,1,0,0,0,0,0,0,0,0,0,0,0,0,0,0,0,0
2020-09-16,0,0,1,0,0,0,0,0,0,0,0,0,36,0,1,0,0,0,0,0,6,0,0,1,0,0,0,1,0,0,0,0,0,0,0,0,0,0,0,0,0,0,0,0,0,0,0,0,0,0,0,0,0,0,0,0,0,0,0,0,0,0,0,0,0,0
2020-09-17,0,0,1,0,0,0,0,0,0,0,0,0,42,0,0,0,0,0,0,0,4,0,0,0,0,0,0,1,0,0,1,0,0,0,0,0,0,0,0,0,0,0,0,0,0,0,0,0,1,0,0,0,1,0,0,0,0,0,0,0,1,0,0,1,0,0
2020-09-18,0,0,1,0,0,0,0,0,0,0,0,0,34,0,0,0,0,0,0,0,2,0,0,0,0,0,0,0,0,0,0,0,0,0,0,0,2,1,0,0,0,0,0,0,0,0,0,0,0,1,0,0,0,0,0,0,0,0,0,0,0,0,0,0,0,0
2020-09-19,0,0,1,0,0,0,0,0,0,0,0,0,38,0,0,0,0,0,0,0,5,0,0,0,0,0,0,0,0,0,0,0,0,0,0,0,0,1,0,0,0,0,0,0,0,0,0,0,0,0,0,1,0,0,0,0,0,0,0,0,0,0,0,0,0,0
2020-09-20,0,0,0,0,0,0,0,0,0,0,0,0,33,0,1,0,0,0,0,0,3,0,0,0,0,1,0,0,0,0,0,0,0,0,0,0,0,0,0,0,0,0,0,0,0,0,0,0,0,0,0,0,0,0,0,0,0,0,0,0,0,0,0,0,0,0
2020-09-21,0,0,1,0,0,0,0,1,0,0,0,0,44,0,0,0,0,0,0,0,3,0,0,0,0,0,0,0,0,0,1,0,0,0,0,0,1,0,0,0,0,0,0,0,0,0,0,0,0,0,0,1,0,0,0,0,0,0,0,0,0,0,0,0,0,0
2020-09-22,0,0,0,0,0,1,0,0,0,0,0,0,23,0,1,0,0,0,0,0,2,0,0,0,0,0,0,1,0,0,0,0,0,0,0,0,0,0,0,0,0,0,0,0,0,0,0,0,0,1,0,0,0,0,0,0,0,0,0,0,0,0,0,0,0,0
2020-09-23,0,0,0,0,0,0,0,0,0,0,0,0,35,0,0,0,0,0,0,0,3,2,0,0,0,0,0,0,0,0,0,0,0,0,0,0,0,0,0,0,0,0,0,0,0,0,0,0,0,1,0,0,0,0,0,0,0,0,0,0,0,0,0,0,0,0
2020-09-24,0,0,0,0,0,0,0,0,0,0,0,0,22,0,0,0,0,1,0,0,2,0,0,0,0,0,0,0,0,0,0,0,0,0,0,0,0,0,0,0,0,0,0,0,0,0,0,0,0,0,0,0,0,0,0,0,0,0,0,0,1,0,0,0,0,0
2020-09-25,0,0,0,0,0,0,0,0,0,0,0,0,17,0,0,0,0,0,0,0,6,0,0,0,0,0,0,1,0,0,0,0,0,0,0,0,0,0,0,0,0,0,0,0,0,0,0,0,0,0,0,0,0,0,0,0,0,0,0,0,0,0,0,0,0,0
2020-09-26,0,0,0,0,0,0,0,0,0,0,0,0,27,0,0,0,0,0,0,0,3,0,0,0,0,0,0,0,0,0,0,0,0,0,0,0,0,0,0,0,0,0,0,0,0,0,0,0,0,0,0,0,0,0,0,0,0,0,0,0,1,0,0,0,0,0
2020-09-27,0,0,0,0,0,0,0,0,0,0,0,0,31,0,0,0,0,0,0,0,3,0,1,0,0,0,0,0,0,0,0,0,0,0,0,0,0,1,0,1,0,0,0,0,0,0,0,0,0,0,0,0,0,0,0,0,0,0,0,0,1,0,0,0,0,0
2020-09-28,1,0,0,0,0,0,0,1,0,0,0,0,36,0,0,0,0,0,0,0,2,0,0,0,0,0,0,1,0,0,0,0,0,0,0,0,0,0,0,0,0,0,0,0,0,0,0,0,0,0,0,0,0,0,0,0,0,0,0,0,0,0,0,0,0,0
2020-09-29,0,0,0,0,0,0,0,0,0,0,0,0,34,0,0,0,0,1,0,0,5,0,0,0,0,0,0,1,0,0,0,0,0,0,0,0,0,0,0,0,0,0,0,0,0,0,0,0,0,0,0,0,0,0,0,0,0,0,0,0,0,0,0,0,0,0
2020-09-30,0,0,0,0,0,0,0,0,0,0,0,0,17,0,0,0,0,0,0,0,5,0,0,0,0,0,0,0,0,0,0,0,1,0,0,0,0,0,0,0,0,0,0,0,0,0,1,0,0,0,0,0,0,0,0,0,0,0,0,0,0,0,0,0,0,0
2020-10-01,0,0,1,0,1,0,0,0,0,0,0,1,23,0,0,0,0,0,0,0,1,0,0,0,0,0,0,0,0,0,0,0,0,0,0,0,0,0,0,0,0,0,0,0,0,0,0,0,0,0,0,0,0,0,0,0,0,0,0,0,0,0,0,0,0,0
2020-10-02,0,0,0,0,0,0,0,0,0,0,0,0,17,0,0,0,0,0,0,0,2,0,0,0,0,0,0,0,0,0,0,0,0,0,0,0,1,0,0,0,0,0,0,0,1,0,0,0,0,1,0,0,0,0,0,0,0,0,0,0,0,0,0,0,0,0
2020-10-03,0,0,0,0,0,0,0,0,0,0,0,0,20,0,1,0,0,0,0,0,2,0,0,0,0,0,0,0,0,0,0,0,0,0,0,0,0,0,0,0,0,0,0,0,0,0,0,0,0,0,0,0,0,0,0,0,0,0,0,0,0,0,0,0,0,0
2020-10-04,0,0,0,0,0,0,0,0,0,0,0,0,27,0,0,0,0,0,0,0,2,0,0,0,0,0,0,0,0,0,0,0,0,0,0,0,0,0,0,0,0,0,0,0,0,0,0,0,0,0,0,0,0,0,0,0,0,0,0,0,0,0,0,0,0,0
2020-10-05,0,0,0,0,0,0,0,0,0,0,0,0,17,0,0,0,0,0,0,0,4,0,0,0,0,0,0,0,0,0,0,0,0,0,0,0,0,0,0,0,0,0,0,0,0,0,0,0,0,0,0,0,0,0,0,0,0,0,0,0,0,0,0,0,0,0
2020-10-06,0,0,0,0,0,0,0,0,0,0,0,0,19,0,0,0,0,0,0,0,1,0,0,0,0,0,0,0,0,0,0,0,0,0,0,0,0,0,0,0,0,0,0,0,0,0,0,0,0,0,0,0,0,0,0,0,0,0,0,0,1,0,0,0,0,0
2020-10-07,0,0,0,0,0,0,0,0,0,0,0,0,32,0,0,0,0,0,0,0,5,0,0,0,0,0,1,0,0,0,0,0,0,0,0,0,0,0,1,0,0,0,0,0,0,0,0,0,0,0,0,0,0,0,0,0,0,0,0,0,1,1,0,0,0,0
2020-10-08,0,0,1,0,0,0,0,0,0,0,0,0,30,0,0,0,0,0,0,0,3,0,0,0,0,0,0,0,0,0,0,0,0,0,0,0,0,0,0,0,0,0,0,0,0,0,0,0,0,0,0,0,0,0,0,0,0,0,0,0,0,0,0,0,0,0
2020-10-09,0,0,0,0,0,0,0,0,0,0,0,0,15,0,0,0,0,0,0,0,1,0,0,0,0,0,0,0,0,0,0,0,0,0,0,0,0,0,0,0,0,0,0,0,0,0,0,0,0,0,0,0,0,0,0,0,0,0,0,0,0,0,0,0,0,0
2020-10-10,0,0,0,0,0,0,0,0,0,0,0,0,20,0,0,0,0,0,0,0,5,0,0,0,0,0,0,0,0,0,0,0,0,0,0,0,0,0,0,0,0,0,0,0,0,0,0,0,0,0,0,0,0,0,0,0,0,0,0,0,0,0,0,0,0,0
2020-10-11,0,0,0,0,1,1,0,0,0,0,0,0,19,0,0,0,0,0,0,0,2,0,0,0,0,0,0,0,0,0,0,0,0,0,0,0,0,0,0,0,0,0,0,0,0,0,0,0,0,0,0,0,0,0,0,0,0,0,0,0,0,0,0,0,0,0
2020-10-12,0,0,1,0,0,0,0,0,0,0,0,0,19,0,0,0,0,0,0,0,1,0,0,0,0,0,0,0,0,0,0,0,0,0,0,0,0,0,0,0,0,0,0,0,0,0,0,0,1,0,0,0,0,0,0,0,0,0,0,0,0,0,0,0,0,0
2020-10-13,0,0,0,0,0,0,0,0,0,0,0,0,25,0,0,0,0,0,0,0,4,0,0,0,0,1,0,0,0,0,0,0,0,0,0,0,0,0,0,1,0,0,0,0,0,0,0,0,0,0,0,0,0,0,0,0,0,0,0,0,0,0,0,0,0,2
2020-10-14,0,0,0,0,0,0,0,0,0,0,0,0,24,0,0,0,0,0,0,0,4,2,0,0,0,0,0,0,0,0,0,0,0,0,0,1,0,0,0,0,0,0,0,0,0,0,0,0,0,0,0,0,0,0,0,0,0,0,0,0,0,0,0,0,0,0
2020-10-15,0,0,0,0,0,0,0,0,0,0,0,0,17,0,0,0,0,0,0,0,5,1,0,0,0,0,0,0,0,0,0,0,0,0,0,0,0,0,0,0,0,0,0,0,0,0,0,0,0,0,0,0,0,0,0,0,0,0,0,0,0,0,0,0,0,0
2020-10-16,0,0,0,0,0,0,0,0,0,0,0,0,23,0,0,0,0,0,0,0,4,0,0,0,0,0,0,0,0,0,0,0,0,0,0,0,0,0,0,0,0,0,0,0,0,0,0,0,0,0,0,0,0,0,0,0,0,0,0,0,0,0,0,0,0,0
2020-10-17,0,0,2,0,0,0,0,0,0,0,0,0,10,0,0,0,0,0,0,0,4,0,0,0,0,0,0,0,0,0,0,0,0,0,0,0,0,0,0,0,0,0,0,0,0,0,0,0,0,0,0,0,0,0,0,0,0,0,0,0,0,0,0,0,0,0
2020-10-18,0,0,2,0,0,0,0,0,0,0,0,0,17,0,0,0,0,0,0,0,1,0,0,0,0,0,0,0,0,1,0,0,0,0,0,0,0,0,0,0,0,0,0,0,0,0,0,0,0,0,0,0,0,0,0,0,1,0,0,0,0,0,0,0,0,0
2020-10-19,0,0,0,0,0,0,0,0,0,0,0,0,15,0,0,0,0,0,0,0,7,0,0,0,0,0,0,0,0,0,0,0,0,0,0,0,0,0,0,0,0,0,0,0,0,0,0,3,0,0,0,0,0,0,0,0,1,0,0,0,0,0,0,0,0,0
2020-10-20,0,0,0,0,0,0,0,0,0,0,0,0,18,0,0,0,0,1,0,0,1,0,1,0,0,0,0,0,0,0,0,0,0,0,0,0,0,1,0,0,0,0,0,1,0,0,0,1,0,0,0,0,0,0,0,0,0,0,0,0,0,0,0,0,0,0
2020-10-21,0,0,1,0,0,0,0,0,0,0,0,0,33,0,0,0,0,0,0,0,2,0,0,0,0,0,0,0,0,0,0,0,0,0,0,0,0,0,0,0,0,0,0,0,0,0,0,0,0,0,0,0,0,0,0,0,0,0,0,0,0,0,0,0,0,0
2020-10-22,0,0,0,0,0,0,0,0,0,0,0,0,25,0,0,0,0,1,0,0,4,0,0,0,0,0,0,0,0,0,0,0,0,0,0,0,0,0,0,0,0,0,0,0,0,0,0,0,0,0,0,0,0,0,0,0,0,0,0,0,0,0,0,0,0,0
2020-10-23,0,0,0,0,0,0,0,0,0,0,0,0,15,0,0,0,0,0,0,0,3,0,0,0,0,0,0,0,0,0,0,0,0,0,0,0,0,0,0,0,1,0,0,0,0,1,0,0,0,0,0,0,0,0,0,0,0,0,0,0,0,0,0,0,0,0
2020-10-24,0,0,0,0,0,0,0,0,0,0,0,0,17,0,0,0,0,0,0,0,1,0,0,0,0,0,0,0,0,0,0,0,0,0,0,0,0,0,0,0,0,0,0,0,0,0,0,0,0,0,0,0,0,0,0,0,0,0,0,0,0,0,0,0,0,0
2020-10-25,0,0,0,0,0,0,0,0,0,0,0,0,13,0,0,0,0,0,0,0,3,0,0,0,0,0,0,0,0,0,0,0,2,0,0,0,0,0,0,0,0,0,0,0,0,0,0,0,0,0,0,0,0,0,0,0,0,0,0,0,0,0,0,0,0,0
2020-10-26,0,0,0,0,0,0,0,0,0,0,0,0,22,0,0,0,0,0,0,0,3,0,0,0,0,0,0,0,0,0,0,0,2,0,0,0,0,0,0,0,0,0,0,0,0,0,0,0,0,0,0,0,0,0,0,0,0,0,0,0,0,0,0,0,0,0
2020-10-27,0,0,0,0,0,0,0,0,0,0,0,0,15,0,0,0,0,0,0,0,5,0,0,0,0,0,0,0,0,0,0,0,0,0,0,0,0,0,0,0,0,0,0,0,0,0,1,0,0,0,0,0,0,0,0,0,0,0,0,0,0,0,0,0,0,0
2020-10-28,0,0,0,0,0,0,0,0,1,0,0,0,22,0,0,0,0,0,0,0,4,0,0,0,0,0,0,0,0,0,0,0,0,0,0,0,0,0,0,0,0,0,0,0,0,0,0,0,0,0,0,0,0,0,0,0,0,0,0,0,0,0,0,0,0,0
2020-10-29,0,0,0,0,0,0,0,0,0,0,0,0,28,0,0,0,0,0,0,0,3,0,0,0,0,0,0,0,0,0,0,0,0,0,0,0,0,0,0,0,0,0,0,0,0,0,0,0,0,0,0,0,0,0,0,0,0,0,0,0,2,0,0,0,0,0
2020-10-30,0,0,0,0,0,0,0,0,0,0,0,0,13,0,0,0,0,0,0,0,1,0,0,0,0,0,0,0,0,0,0,0,0,0,0,0,0,1,0,0,0,0,0,0,0,0,0,0,0,0,0,0,0,0,0,0,0,0,0,0,0,0,0,0,0,0
2020-10-31,0,0,1,0,0,0,0,0,0,0,0,0,23,0,0,0,0,0,0,0,4,0,0,0,0,0,0,0,0,0,0,0,0,0,0,0,0,0,0,3,0,0,0,0,0,0,0,0,0,0,0,0,0,0,0,0,0,0,0,0,0,0,0,0,0,0
2020-11-01,0,0,0,0,0,0,0,0,0,0,0,0,31,0,0,0,0,0,0,0,2,0,0,0,0,0,0,0,0,0,0,0,0,0,0,1,0,0,0,0,0,0,0,0,0,0,0,0,0,0,0,0,0,0,0,0,0,0,0,0,0,0,0,0,0,0
2020-11-02,0,0,1,0,0,0,0,0,0,0,0,0,14,0,0,0,0,0,0,0,1,0,0,0,0,0,0,0,0,0,0,0,0,0,0,0,0,0,0,0,0,0,0,0,0,0,0,0,0,0,0,0,0,0,0,0,0,0,0,0,0,0,0,0,0,0
2020-11-03,1,0,0,0,0,0,0,1,0,0,0,0,17,0,0,0,0,0,0,0,2,0,0,0,0,0,0,0,0,0,0,0,0,0,0,0,0,0,0,0,0,0,0,0,0,1,0,0,0,1,0,0,0,0,0,0,0,0,0,0,0,0,0,0,0,0
2020-11-04,0,0,2,0,0,0,0,0,0,0,0,0,24,0,1,0,0,0,0,0,5,0,0,0,0,0,0,0,0,0,0,0,0,0,0,0,0,0,0,0,0,0,0,0,0,0,0,0,0,0,0,0,0,0,0,0,0,0,0,0,1,0,0,0,0,0
2020-11-05,0,0,0,0,0,0,0,0,0,0,0,0,11,0,0,0,0,0,0,0,1,0,0,0,0,0,0,0,0,0,0,0,0,0,0,0,0,0,0,0,0,0,0,0,0,0,0,0,0,0,0,0,0,0,0,0,0,0,0,0,0,0,0,0,0,0
2020-11-06,0,0,0,0,0,0,0,0,0,0,0,0,22,0,0,0,0,0,0,0,1,0,0,0,0,0,0,0,0,0,0,0,0,0,0,1,0,0,0,0,0,0,0,0,0,0,0,0,0,0,0,0,0,0,0,0,0,0,0,0,0,0,0,0,0,0
2020-11-07,0,0,0,0,0,0,0,0,0,0,0,0,14,0,0,0,0,0,0,0,3,0,0,0,0,0,0,0,0,0,0,0,0,0,0,0,0,0,0,0,0,0,0,0,0,0,0,0,0,0,0,0,0,0,0,0,0,0,0,0,0,0,0,1,0,0
2020-11-08,0,0,0,0,0,0,0,0,0,0,0,0,14,0,0,0,0,0,0,0,2,0,0,0,0,0,0,0,0,0,0,0,0,0,0,0,0,0,0,0,1,1,0,0,1,0,0,0,0,0,0,0,0,0,0,0,0,0,0,0,0,0,0,0,0,0
2020-11-09,0,0,0,0,0,0,0,0,0,0,0,0,30,0,0,0,0,0,0,0,1,0,0,0,0,0,0,0,0,0,0,0,0,0,0,0,0,0,0,0,0,0,0,0,0,0,0,0,0,0,0,0,0,0,0,0,0,0,0,0,0,0,0,0,0,0
2020-11-10,0,0,0,0,0,0,0,0,0,0,0,0,22,0,0,0,0,0,0,0,0,0,0,0,0,0,0,0,0,0,0,0,0,0,0,0,0,0,0,0,0,0,0,0,0,0,0,0,0,0,0,0,0,0,0,0,0,0,0,0,0,0,0,0,0,0
2020-11-11,0,0,0,0,0,0,0,0,0,0,0,0,24,0,0,0,0,0,0,0,0,0,0,0,0,0,0,0,0,0,0,0,0,0,0,0,0,0,0,0,0,0,0,0,0,0,0,0,0,0,0,0,0,0,0,0,0,0,0,0,0,0,0,0,0,0
2020-11-12,0,0,1,0,0,0,0,0,0,0,0,0,36,0,0,0,0,1,0,0,2,0,0,0,0,0,0,0,0,0,0,0,0,0,0,0,0,0,0,0,0,1,0,0,0,0,0,0,0,0,0,0,0,0,0,0,0,0,0,0,0,0,0,0,0,0
2020-11-13,0,0,1,0,0,0,0,0,0,0,0,0,34,0,0,0,0,0,0,0,3,0,0,0,0,0,0,0,0,0,0,0,0,0,0,0,0,0,0,0,0,0,0,0,0,0,0,0,0,0,0,0,0,0,0,0,0,0,0,0,0,0,0,0,0,0
2020-11-14,0,0,1,0,0,0,0,0,0,0,0,0,24,0,0,0,0,0,0,0,1,0,0,0,0,0,0,0,0,0,0,0,0,0,0,0,1,0,0,0,0,0,0,0,0,0,0,0,0,0,0,0,0,0,0,0,0,0,0,0,0,0,0,0,0,0
2020-11-15,0,0,0,0,0,0,1,0,0,0,0,0,23,0,0,0,0,0,0,0,5,0,0,0,0,0,0,0,0,0,0,0,0,0,0,0,0,0,0,1,1,1,0,0,0,0,0,0,0,0,0,0,0,0,0,0,0,0,0,0,0,0,0,0,0,0
2020-11-16,0,0,0,0,0,0,0,0,0,0,0,1,17,0,0,0,0,0,0,0,4,0,0,0,0,3,0,0,0,0,0,0,0,0,0,0,0,0,0,0,0,0,0,0,0,0,0,1,0,0,0,0,0,0,0,0,0,0,0,0,0,0,0,0,0,0
2020-11-17,0,0,1,0,0,0,0,0,0,0,0,0,30,0,0,0,0,0,0,0,4,0,0,0,0,0,0,0,0,0,0,0,0,0,0,0,0,0,0,0,0,0,0,0,0,0,0,0,0,0,0,0,0,0,0,0,0,0,0,0,0,0,0,0,0,0
2020-11-18,0,0,0,0,0,0,0,0,0,0,0,0,21,0,0,0,0,0,0,0,2,0,0,0,0,0,0,0,0,0,0,0,1,0,0,0,0,0,0,0,0,0,0,0,0,0,0,0,0,0,0,0,0,0,0,0,0,0,0,0,0,0,0,0,0,0
2020-11-19,0,0,0,0,0,0,0,0,0,0,0,0,27,0,0,0,0,0,0,0,5,1,0,0,0,0,0,0,0,0,0,0,0,0,0,0,0,0,1,0,0,0,0,0,0,0,0,0,0,0,0,0,0,0,0,0,0,0,0,0,0,0,0,0,0,0
2020-11-20,0,0,0,0,0,0,0,0,0,0,0,0,16,0,0,0,0,0,0,0,2,0,0,0,0,0,0,0,0,0,0,0,0,0,0,0,0,0,0,0,0,0,0,0,0,0,0,0,0,1,0,0,0,0,0,0,0,0,0,0,0,0,0,0,0,0
2020-11-21,0,0,0,0,0,0,0,0,0,0,0,0,22,0,1,0,0,0,1,0,6,0,0,0,0,0,0,0,0,0,0,0,0,0,0,0,0,0,0,0,0,0,0,0,0,0,0,0,0,0,0,0,0,0,0,0,0,0,0,0,0,0,0,0,0,0
2020-11-22,0,0,0,0,0,0,0,0,0,0,0,0,32,0,0,0,1,1,0,0,6,0,0,0,0,0,0,0,0,0,0,0,0,0,0,0,0,0,0,0,0,0,1,0,0,0,0,0,0,0,0,0,0,0,0,0,0,0,0,0,0,0,0,0,0,0
2020-11-23,0,0,0,0,0,0,0,0,0,0,0,0,22,0,0,0,0,0,0,0,2,0,0,0,0,0,0,0,0,0,0,0,1,0,0,0,0,0,0,0,0,0,0,0,0,0,0,0,0,0,0,0,0,0,0,0,0,0,0,0,0,0,0,0,0,0
2020-11-24,0,0,0,0,0,0,0,0,0,0,0,0,27,0,0,0,0,0,0,0,3,0,0,0,0,1,0,0,1,0,0,0,0,0,0,0,0,0,0,0,0,0,0,0,0,0,0,0,0,0,0,0,0,0,0,0,0,0,0,0,1,0,0,0,0,0
2020-11-25,0,0,0,0,0,0,0,1,0,0,0,0,33,0,0,0,0,0,0,0,4,0,0,0,0,0,0,0,0,0,0,0,0,0,0,1,0,0,0,0,0,0,0,0,0,0,0,0,0,0,0,0,0,0,0,0,0,0,0,0,1,0,0,0,0,0
2020-11-26,0,0,0,0,0,0,0,0,0,0,1,0,19,0,0,0,0,0,0,0,5,0,0,0,0,0,0,0,0,0,0,0,0,0,0,0,0,0,0,0,0,0,0,0,0,0,0,0,0,0,0,0,0,0,0,0,0,0,0,0,0,0,0,0,0,0
2020-11-27,0,0,0,0,0,0,0,0,0,0,0,0,20,0,0,0,0,0,0,0,1,0,0,0,0,0,0,0,0,0,0,0,0,0,0,0,0,0,0,0,0,0,0,0,0,0,0,0,0,0,0,0,0,0,0,0,0,0,0,0,0,0,0,0,0,0
2020-11-28,0,0,0,0,0,0,0,0,0,0,0,0,16,0,0,0,0,0,0,0,2,0,0,0,0,0,0,0,0,0,0,0,0,0,0,1,1,0,0,0,0,0,0,0,0,0,0,0,0,0,0,0,0,0,0,0,0,0,0,0,0,0,0,0,0,0
2020-11-29,0,0,0,0,0,0,0,0,0,0,0,0,44,0,0,0,0,0,0,0,4,0,0,0,0,0,0,0,0,0,0,0,0,0,0,0,0,0,0,1,0,0,0,0,0,0,0,0,0,0,0,0,0,0,0,0,0,0,0,0,0,0,1,0,0,0
2020-11-30,0,0,0,0,0,0,0,0,0,0,0,0,31,0,0,1,0,0,1,0,4,0,0,0,0,0,0,0,0,0,0,0,0,0,0,0,0,0,0,0,0,0,0,0,0,0,0,0,0,0,0,0,0,0,0,0,0,0,0,0,0,0,0,0,0,0
2020-12-01,0,0,2,0,0,0,0,0,0,0,0,0,24,0,0,0,1,0,0,0,2,0,0,0,0,0,0,0,0,0,0,0,0,0,0,0,0,0,0,0,0,0,0,0,2,0,1,0,0,0,0,0,0,1,0,0,0,0,0,0,0,1,0,0,0,0
2020-12-02,0,0,1,0,0,0,0,0,0,0,0,0,21,0,0,0,0,1,0,0,3,0,0,0,0,0,0,0,0,0,0,0,0,0,0,0,0,0,0,0,0,1,0,0,0,0,0,0,0,0,0,0,0,0,0,0,0,0,0,0,0,0,0,0,0,0
2020-12-03,0,0,2,0,0,0,0,0,0,0,0,0,23,0,0,1,0,0,0,0,2,0,0,0,0,0,1,0,0,0,0,0,0,0,0,0,0,0,0,0,0,0,0,0,0,0,0,0,0,0,0,0,0,0,0,0,0,0,0,0,0,0,0,0,0,0
2020-12-04,0,0,0,0,0,0,0,0,0,0,0,0,32,0,0,0,0,0,0,0,2,0,0,0,0,0,0,0,1,0,0,0,0,0,0,0,0,0,0,0,0,0,0,0,0,1,0,0,0,0,0,0,0,0,0,0,0,0,0,0,0,0,0,0,0,0
2020-12-05,0,0,2,0,0,0,0,0,0,0,0,0,32,0,0,0,0,0,0,0,1,0,0,0,0,0,0,0,0,0,0,0,0,0,0,0,0,0,0,0,0,0,0,0,0,0,0,0,0,0,0,0,0,0,0,0,0,0,0,0,0,0,0,0,0,0
2020-12-06,0,0,0,0,0,0,0,0,0,0,0,0,13,0,0,0,0,0,0,0,2,0,0,0,0,0,0,0,0,0,0,0,0,0,0,0,0,0,0,0,1,0,0,0,0,0,0,0,0,0,0,0,0,0,0,0,0,0,0,0,0,0,0,0,0,0
2020-12-07,0,0,0,0,0,0,0,0,0,0,0,0,19,0,0,0,0,0,0,0,4,0,0,0,0,0,0,0,0,0,0,0,0,0,0,0,0,0,0,0,0,0,0,0,0,0,0,0,0,0,0,0,0,1,0,0,0,0,0,0,1,0,0,0,0,0
2020-12-08,0,0,0,0,0,0,0,0,0,0,0,0,19,0,0,0,0,0,0,0,1,0,0,0,0,0,0,0,0,0,0,0,0,0,0,0,0,0,0,1,0,0,0,0,0,0,0,0,0,0,0,0,0,0,0,0,0,0,0,0,0,0,0,0,0,0
2020-12-09,0,0,0,0,0,0,0,0,0,0,0,0,26,0,0,0,0,0,0,0,3,0,0,0,0,0,0,0,0,0,0,0,0,0,0,0,0,0,0,0,0,0,0,0,0,0,0,0,1,1,0,0,0,0,0,0,0,0,0,0,0,0,0,0,0,0
2020-12-10,0,0,0,0,0,0,0,0,0,0,0,0,19,0,0,0,0,1,0,0,2,0,0,0,0,0,0,0,0,0,0,0,0,0,0,0,0,0,0,0,1,0,0,0,0,0,0,0,0,0,0,0,0,0,0,0,0,0,0,0,0,0,0,0,0,0
2020-12-11,0,0,1,0,0,0,0,0,0,0,0,0,20,0,0,0,0,0,0,0,3,0,0,0,0,0,0,0,0,0,0,0,0,0,0,0,0,0,0,0,0,0,0,0,0,0,0,0,0,0,0,0,0,0,0,0,0,0,0,0,0,0,0,0,0,0
2020-12-12,0,0,0,0,0,0,0,0,0,0,0,0,12,0,0,0,0,0,0,0,0,0,0,0,0,0,0,0,0,0,0,0,0,0,0,1,0,1,0,0,0,0,0,0,0,0,0,0,0,0,0,0,0,0,0,0,0,0,0,0,0,1,0,0,0,0
2020-12-13,0,0,0,0,0,0,0,0,0,0,0,0,21,0,0,0,0,0,0,0,0,0,0,0,0,0,0,0,0,0,0,0,0,0,0,0,0,0,0,0,0,0,0,0,0,0,0,0,0,0,0,0,0,0,0,0,0,0,0,0,0,0,0,0,0,0
2020-12-14,0,0,0,0,0,0,0,0,0,0,0,0,14,0,0,0,0,0,0,0,0,0,0,0,0,0,0,0,0,0,0,0,0,0,0,0,0,0,0,0,0,0,0,0,0,0,0,0,0,0,0,0,0,0,0,0,0,0,0,0,0,0,0,0,0,0
2020-12-15,0,0,0,0,0,0,0,0,0,0,0,0,26,0,0,0,0,0,0,0,1,0,0,0,0,0,0,0,0,0,0,0,0,0,0,0,0,0,0,0,0,0,0,0,0,0,0,0,0,0,0,0,0,0,0,0,0,0,0,0,0,0,0,0,0,0
2020-12-16,0,0,0,0,0,0,0,0,0,0,0,0,13,0,0,0,0,0,0,0,5,0,0,0,0,1,0,0,0,0,0,0,0,0,0,0,0,0,0,0,0,1,0,0,0,0,0,0,0,0,0,0,0,0,0,0,0,0,0,0,0,0,0,0,0,0
2020-12-17,0,0,0,0,0,0,0,0,1,0,0,0,16,0,0,0,0,0,0,0,4,0,0,0,0,0,0,0,0,0,0,0,0,0,0,0,0,0,0,0,0,0,0,0,0,0,0,0,0,0,0,0,0,0,0,0,0,0,0,0,0,0,0,0,0,0
2020-12-18,0,0,1,0,0,0,0,0,0,0,0,0,14,0,0,0,0,0,0,0,1,0,0,0,0,0,0,0,0,0,0,0,2,0,0,0,0,0,0,0,0,0,0,0,0,0,0,0,0,0,0,0,0,0,0,0,0,0,0,0,0,0,0,0,0,0
2020-12-19,0,0,0,0,0,0,0,0,0,0,0,0,16,0,0,0,0,0,0,0,2,0,0,0,0,0,0,0,0,0,0,0,0,0,0,0,0,0,0,0,0,0,0,0,0,0,0,0,0,0,0,0,0,0,0,0,0,0,0,0,0,0,0,0,0,0
2020-12-20,0,0,0,0,0,0,0,0,0,0,0,0,7,0,0,0,0,0,0,0,1,0,0,0,0,0,0,0,0,0,0,0,0,0,0,0,0,0,1,0,0,0,0,0,0,0,0,0,0,0,0,0,0,0,0,0,0,0,0,0,1,0,0,0,0,0
2020-12-21,0,0,0,0,0,0,0,0,0,0,0,0,18,0,0,0,0,0,0,0,1,0,0,0,0,0,0,0,0,0,0,0,0,0,0,0,0,0,0,0,0,0,0,0,0,0,0,0,0,0,0,0,0,0,0,0,0,0,0,0,2,0,0,0,0,0
2020-12-22,0,0,0,0,0,0,0,0,0,0,0,0,15,0,0,0,0,0,0,0,2,0,0,0,0,0,0,0,0,0,0,0,0,0,0,0,0,0,0,0,0,0,0,0,0,0,0,1,0,0,0,0,0,0,0,0,0,0,0,0,0,0,0,0,0,0
2020-12-23,0,0,0,0,0,0,0,0,0,0,0,0,15,0,0,0,0,0,0,0,2,0,0,0,0,0,0,0,0,0,0,0,0,0,0,0,0,0,0,0,0,0,0,0,0,0,0,0,0,0,0,0,0,0,0,0,0,0,0,0,0,0,0,0,0,0
2020-12-24,0,0,0,0,0,0,0,0,0,0,0,0,16,0,0,0,0,0,0,0,2,0,0,0,0,0,0,0,0,0,0,0,0,0,0,0,0,0,0,0,0,0,0,0,0,0,0,0,0,0,0,0,0,1,0,0,0,0,0,0,0,0,0,0,0,0
2020-12-25,0,0,0,0,0,0,0,0,0,0,0,0,23,0,0,0,0,0,0,0,3,0,0,0,0,0,0,0,0,0,0,0,0,0,0,0,0,0,0,0,0,0,0,0,0,0,0,0,0,0,0,0,0,0,0,0,0,0,0,0,1,0,0,0,0,0
2020-12-26,0,0,0,0,0,0,0,0,0,0,0,0,12,0,0,0,0,0,0,0,0,0,0,0,0,0,0,0,0,0,0,0,0,0,0,0,0,0,0,0,0,0,0,0,0,0,0,0,0,0,0,0,0,0,0,0,0,0,0,0,0,0,0,0,0,0
2020-12-27,0,0,0,0,0,0,0,0,0,0,0,0,11,0,0,0,0,0,0,0,3,0,0,0,0,0,0,0,0,1,0,0,0,0,0,0,0,0,0,0,0,0,0,0,0,0,0,0,0,0,0,0,0,0,0,0,0,0,0,0,0,0,0,0,0,0
2020-12-28,0,0,1,0,0,0,0,0,0,0,0,0,19,0,0,0,0,0,0,0,0,0,0,0,0,0,0,0,0,1,0,0,0,0,0,0,0,0,0,0,0,0,0,0,0,0,0,0,0,0,0,0,0,0,0,0,0,0,0,0,0,0,0,1,0,0
2020-12-29,0,0,2,0,0,0,0,0,0,0,0,0,25,0,0,0,0,0,0,0,2,0,0,1,0,0,0,0,0,0,0,0,0,0,0,0,0,0,0,0,0,0,0,0,0,0,0,1,0,0,0,0,0,0,0,0,0,0,0,0,0,0,0,0,0,0
2020-12-30,0,0,0,1,0,0,0,0,0,0,0,0,18,0,0,0,0,0,0,0,0,0,0,0,0,0,0,1,0,0,0,1,0,0,0,0,0,0,0,0,0,0,0,0,0,0,0,0,0,0,0,0,0,0,0,0,0,0,0,0,0,0,0,0,0,0
2020-12-31,0,0,0,0,0,0,0,0,0,0,0,0,16,0,0,0,0,0,0,0,0,0,0,0,0,0,0,0,0,0,0,0,0,0,0,0,0,0,0,0,0,0,0,0,0,0,0,0,0,0,0,0,0,0,0,0,0,0,0,0,0,0,0,0,0,0
2021-01-01,0,0,0,0,0,0,1,0,0,0,0,0,11,0,0,0,0,0,0,0,0,0,0,0,0,0,0,0,0,0,0,0,0,0,0,0,0,0,0,0,0,0,0,0,0,0,0,0,0,0,0,0,0,0,0,0,0,0,0,0,0,0,0,0,0,0
2021-01-02,0,0,0,0,0,0,0,1,0,0,0,0,15,0,0,0,0,0,0,0,1,0,0,0,0,0,0,0,0,0,0,0,0,0,0,0,0,0,0,0,0,0,0,0,0,0,0,0,0,0,0,0,0,0,0,0,0,0,0,0,0,0,0,0,0,0
2021-01-03,0,0,0,0,0,0,0,0,0,0,0,0,12,0,0,0,0,0,0,0,0,0,0,0,0,0,0,0,0,1,0,0,0,0,0,0,0,0,0,0,0,0,0,0,0,0,0,0,0,0,0,0,0,0,0,0,0,0,0,0,0,0,0,0,0,0
2021-01-04,0,0,0,0,0,0,0,0,0,0,0,0,19,0,0,0,0,0,0,1,0,0,0,0,0,0,0,0,0,0,0,0,0,0,0,0,0,0,0,0,0,0,0,0,0,0,0,0,0,0,0,0,0,0,0,0,0,0,0,0,1,0,0,0,0,0
2021-01-05,0,0,0,0,0,0,0,0,0,0,0,0,19,0,0,0,0,0,0,0,2,0,0,0,0,0,0,0,0,0,0,0,0,0,0,0,0,0,0,0,0,0,0,0,0,0,0,0,0,1,0,0,0,0,0,0,0,0,0,0,0,0,0,0,0,0
2021-01-06,0,0,0,0,0,0,0,0,0,0,0,0,15,0,0,0,0,0,0,0,1,0,0,0,0,0,0,0,0,0,0,0,0,0,1,0,0,0,0,0,0,0,0,0,0,0,0,0,0,0,0,0,0,0,0,0,0,0,0,0,0,0,0,0,0,0
2021-01-07,0,0,0,0,0,0,0,0,0,0,0,0,14,0,0,0,0,0,0,0,1,0,0,0,0,0,0,0,0,0,0,0,0,0,0,0,0,0,0,0,0,0,0,0,0,0,0,0,0,0,0,0,0,0,0,0,0,0,0,0,0,0,0,0,0,0
2021-01-08,0,0,0,0,0,0,0,0,0,0,0,0,16,0,0,0,0,0,0,0,1,0,0,0,0,0,0,0,0,0,0,0,0,0,0,0,0,0,0,0,0,0,0,0,0,0,0,0,0,0,0,0,0,1,0,0,0,0,0,0,0,0,0,0,0,0
2021-01-09,0,0,1,0,0,0,0,0,0,0,0,0,11,0,0,0,0,0,0,0,0,1,0,0,0,0,0,0,0,0,0,0,0,0,0,0,0,0,0,0,0,0,0,0,0,1,0,0,0,0,0,0,0,0,0,0,0,0,0,0,0,0,0,0,0,0
2021-01-10,0,0,0,0,0,1,0,0,0,0,0,0,12,0,0,0,0,0,0,0,4,0,0,0,0,0,0,0,0,0,0,0,0,0,0,0,0,0,0,0,0,0,0,0,0,0,0,0,0,0,0,0,0,0,0,0,0,0,0,0,0,0,0,0,0,0
2021-01-11,0,0,0,0,0,0,0,0,0,0,0,0,17,0,0,0,0,0,0,0,2,0,0,0,0,0,0,0,0,0,0,0,0,0,0,0,0,0,0,0,0,0,0,0,0,0,0,0,0,0,0,0,0,0,0,0,0,0,0,0,0,0,0,0,0,0
2021-01-12,0,0,0,0,0,0,0,0,0,0,0,0,13,0,0,0,0,0,0,0,2,0,0,0,0,0,0,0,0,0,0,0,0,0,0,0,0,0,0,0,0,0,0,0,0,0,0,0,0,0,0,1,0,0,0,0,0,0,0,0,0,1,0,1,0,0
2021-01-13,0,0,0,0,0,0,0,0,0,0,0,0,16,0,0,0,0,0,0,0,1,0,0,0,0,0,0,0,0,0,0,0,0,0,0,0,0,0,0,0,0,0,0,0,0,0,0,1,0,0,0,0,0,0,0,0,0,0,0,0,0,0,0,0,0,0
2021-01-14,0,0,0,0,0,0,0,0,0,0,0,0,20,0,0,0,0,0,0,1,1,1,0,0,0,0,0,0,0,0,0,0,0,0,0,0,1,0,0,0,0,0,0,0,0,0,0,0,0,0,1,0,0,0,0,0,0,0,0,0,0,0,0,0,0,0
2021-01-15,0,0,0,0,0,0,0,0,0,0,0,0,8,0,0,0,0,0,0,0,0,0,0,0,0,0,0,0,0,0,0,0,0,0,0,0,0,0,0,0,0,0,0,0,0,0,0,0,0,0,0,0,0,0,0,0,0,0,0,0,0,0,0,0,0,0
2021-01-16,0,0,0,0,0,0,0,0,0,0,0,0,9,0,0,0,0,0,0,0,0,0,0,0,0,0,0,1,0,0,0,0,1,0,0,0,0,2,0,0,0,0,0,0,0,0,0,0,0,0,0,0,0,0,0,0,0,0,0,0,0,0,0,0,0,0
2021-01-17,0,0,0,0,0,0,0,0,0,0,0,0,15,0,0,0,0,0,0,0,1,0,0,0,0,0,0,0,0,0,0,0,0,0,0,0,0,0,0,0,0,0,0,0,0,0,0,0,0,0,0,0,0,0,0,0,0,0,0,0,0,0,0,0,0,0
2021-01-18,0,0,0,0,0,0,0,0,0,0,0,0,10,0,1,0,0,0,0,0,3,0,0,0,0,0,0,0,0,1,0,0,0,0,0,0,0,0,0,1,0,0,0,0,0,0,0,0,0,0,0,0,0,0,0,0,0,0,0,0,0,0,0,0,0,0
2021-01-19,0,0,0,0,0,0,0,0,0,1,0,0,13,0,0,0,0,0,0,0,0,0,0,0,0,0,0,0,0,1,0,0,0,0,0,0,0,0,0,0,0,0,0,0,0,0,0,0,0,0,0,0,0,0,0,0,0,0,0,0,0,0,0,0,0,0
2021-01-20,0,0,0,0,0,0,0,0,0,0,0,0,11,0,0,0,0,0,0,0,1,0,0,0,0,0,0,0,0,0,0,0,0,0,0,0,0,0,0,0,0,0,0,0,0,0,0,0,0,0,0,0,0,0,0,0,0,0,0,0,0,0,0,0,0,0
2021-01-21,0,0,0,0,0,0,0,0,0,0,0,0,8,0,0,1,0,0,0,0,1,0,0,0,0,0,0,0,0,0,0,0,0,0,0,0,0,1,0,0,0,0,0,0,0,0,0,0,0,0,0,0,0,0,0,0,0,0,0,0,0,0,0,0,0,0
2021-01-22,0,0,0,0,0,0,0,0,0,0,0,0,4,0,0,0,0,0,0,0,1,0,0,0,0,0,0,0,0,0,0,0,0,0,0,0,0,0,0,0,0,0,0,0,0,0,0,0,0,0,0,0,0,0,0,0,0,0,0,0,0,0,0,0,0,0
2021-01-23,0,0,0,0,0,0,0,0,0,0,0,0,9,0,0,0,0,0,0,0,0,0,0,0,0,0,0,0,0,0,0,0,0,0,0,0,0,0,0,0,0,0,0,0,0,0,0,0,0,0,0,0,0,0,0,0,0,0,0,0,0,0,1,0,0,0
2021-01-24,0,0,0,0,0,0,0,0,0,0,0,0,3,0,0,0,0,0,0,0,0,0,0,0,0,0,0,0,0,0,0,0,0,0,0,0,0,0,0,0,0,0,0,0,0,0,0,0,0,0,0,0,0,0,0,0,0,0,0,0,0,0,0,0,0,0
2021-01-25,0,0,0,0,0,0,0,0,0,0,0,0,8,0,0,0,0,0,0,0,0,0,0,0,0,0,0,0,0,0,0,0,0,0,0,0,0,0,0,0,0,0,0,0,0,0,0,0,0,0,0,0,0,0,0,0,0,0,0,0,0,0,0,0,0,0
2021-01-26,0,0,0,0,0,0,0,0,0,0,0,0,7,0,0,0,0,0,0,0,0,0,0,0,0,0,0,0,0,0,0,0,0,0,0,0,0,0,0,0,0,0,0,0,0,0,0,0,0,0,0,0,0,0,0,0,0,0,0,0,0,0,0,0,0,0
2021-01-27,0,0,0,0,0,0,0,0,0,0,0,0,26,0,0,0,0,0,0,0,1,0,0,0,0,0,0,0,0,0,0,0,0,0,0,0,0,0,0,0,0,0,0,0,0,0,0,0,0,0,0,0,0,0,0,0,0,0,0,0,0,0,0,0,0,0
2021-01-28,1,0,1,0,0,0,0,0,0,0,0,0,6,0,0,0,0,0,0,0,1,0,0,0,0,0,0,0,0,0,0,0,0,0,0,0,0,0,0,0,0,0,0,0,0,0,0,0,0,0,0,0,0,0,0,0,0,0,0,0,0,0,0,0,0,0
2021-01-29,0,0,0,0,0,0,0,0,0,0,0,0,11,0,0,0,0,0,0,0,1,0,0,0,0,0,0,0,0,0,0,0,0,1,0,0,0,0,0,0,0,0,0,0,0,0,0,0,0,0,0,0,0,0,0,0,0,0,0,0,0,0,0,0,0,0
2021-01-30,0,0,0,0,0,0,0,0,0,0,0,0,8,0,0,0,0,0,0,0,1,0,0,0,0,0,0,0,0,0,0,0,0,0,0,0,0,0,0,0,0,0,0,0,0,0,0,0,0,0,0,0,0,0,0,0,0,0,0,0,0,0,0,0,0,0
2021-01-31,0,0,0,0,0,0,0,0,0,0,0,0,12,0,0,0,0,0,0,0,0,0,0,0,0,0,0,0,0,0,0,0,0,0,0,0,0,0,0,0,0,0,0,0,0,0,0,0,0,0,0,0,0,0,0,0,0,0,0,0,0,0,0,0,0,0
2021-02-01,0,0,0,0,0,0,0,0,0,0,0,0,9,0,0,0,0,0,0,0,0,0,0,0,0,0,0,0,0,0,0,0,0,0,0,0,0,0,0,0,0,0,0,0,0,0,0,0,0,0,0,0,0,0,0,0,0,0,0,0,1,0,0,0,0,0
2021-02-02,0,0,0,0,0,0,0,0,0,0,0,0,21,0,0,0,0,0,0,0,0,0,0,0,0,0,0,0,0,0,0,0,0,0,0,0,1,0,0,0,0,0,0,0,0,0,0,0,0,0,0,0,0,0,0,0,0,0,0,0,0,0,0,0,0,0
2021-02-03,0,0,0,0,0,0,0,0,0,0,0,0,12,0,0,0,0,0,0,0,3,0,0,0,0,0,0,0,0,0,0,0,0,0,0,0,0,0,0,0,0,0,0,0,0,0,0,0,0,0,0,0,0,0,0,0,0,0,0,0,0,0,0,0,0,0
2021-02-04,0,0,0,0,0,0,0,0,0,0,0,0,16,0,1,0,0,0,0,0,2,0,0,0,0,0,0,0,0,0,0,0,0,0,0,0,0,0,0,0,0,0,0,0,0,0,0,0,0,0,0,0,0,0,0,0,0,0,0,0,1,0,0,0,0,0
2021-02-05,0,0,0,0,0,0,0,0,0,0,0,0,13,0,0,0,0,0,0,0,1,0,0,0,0,0,0,0,0,0,0,0,0,0,0,0,0,0,0,1,0,0,0,0,0,0,0,0,0,0,0,0,0,0,0,0,0,0,0,0,0,0,0,0,0,0
2021-02-06,0,0,0,0,0,0,0,0,0,0,0,0,7,0,0,0,0,0,0,0,5,0,0,0,0,0,0,0,0,0,0,0,0,0,0,0,0,0,0,0,0,0,0,0,0,0,0,0,0,0,0,0,0,0,0,0,0,0,0,0,0,0,0,0,0,0
