date,Brahmanbaria,Satkhira,Chittagong,Magura,Kushtia,Chandpur,Panchagarh,Mymensingh,Nilphamari,Narail,Gopalganj,Manikganj,Unknown,Meherpur,Feni,Noakhali,Barguna,Gazipur,Pirojpur,Jamalpur,Dhaka,Natore,Chuadanga,Madaripur,Jaipurhat,Bogra,Cox's Bazar,Naogaon,Narsingdi,Rangpur,Sunamganj,Bhola,Comilla,Khagrachhari,Rajbari,Dinajpur,Faridpur,Sylhet,Chapainawabganj,Rajshahi,Munshiganj,Pabna,Sherpur,Rangamati,Thakurgaon,Habiganj,Sirajganj,Jhenaidah,Netrokona,Tangail,Bagerhat,Barisal,Gaibandha,Kishoreganj,Bandarban,Shariatpur,Kurigram,Lalmonirhat,Lakshmipur,Narayanganj,Jessore,Maulvibazar,Khulna,Jhalokati,Patuakhali
2020-04-03,3,1,12,3,1,3,2,4,1,0,0,1,0,1,5,5,1,6,0,2,93,2,0,2,1,7,1,1,1,1,0,2,2,0,0,0,0,3,0,1,1,4,5,0,1,4,0,2,1,1,0,0,0,2,0,2,0,0,3,10,0,0,2,0,0
2020-04-04,3,2,26,0,7,5,3,3,3,0,0,0,0,0,3,6,0,12,1,3,165,1,3,4,1,7,8,4,3,7,1,0,12,0,6,5,1,6,3,6,0,11,1,1,4,8,16,2,2,17,1,13,5,2,0,1,1,1,2,28,6,4,4,0,0
2020-04-05,2,4,25,0,1,8,1,9,3,0,8,7,0,0,5,10,1,6,0,1,194,1,0,0,1,7,6,5,2,6,4,2,11,0,3,6,2,13,2,9,5,10,1,0,0,1,6,1,3,6,3,4,4,2,0,2,0,0,3,18,4,1,21,1,6
2020-04-06,19,3,48,2,2,6,0,23,9,5,8,9,0,0,8,11,2,23,3,10,391,2,3,0,1,11,0,4,4,11,5,2,21,6,0,9,9,8,3,10,3,4,1,0,1,2,3,3,2,1,1,9,5,3,2,6,3,2,0,31,16,1,12,3,3
2020-04-07,4,4,12,2,0,1,1,3,8,3,2,5,0,1,1,3,0,14,1,4,103,4,0,2,2,4,2,2,3,2,0,0,5,2,0,4,7,9,0,4,7,3,1,0,0,0,0,2,0,7,0,3,3,1,0,2,0,0,0,10,5,3,4,0,0
2020-04-08,2,3,1,0,0,0,0,3,0,0,0,0,0,0,0,0,0,6,0,0,265,2,0,0,0,2,1,0,0,1,0,0,5,0,0,2,0,2,0,1,0,0,1,0,0,0,0,0,1,1,0,2,0,0,0,2,0,0,0,2,0,0,1,0,0
2020-04-09,0,1,8,1,2,5,0,1,1,0,0,2,0,0,1,1,0,4,0,2,67,2,0,0,1,4,1,3,5,12,0,1,5,4,1,2,8,6,1,3,2,6,0,1,1,2,3,2,3,8,1,4,3,3,0,2,0,0,2,13,5,0,1,2,0
2020-04-10,1,1,5,0,1,2,0,2,1,0,0,0,205,0,1,0,0,1,0,0,39,0,1,2,0,3,0,1,3,4,3,0,2,1,0,2,8,3,0,2,2,1,1,0,1,0,0,0,0,5,4,0,0,1,1,0,0,1,0,0,0,0,0,0,0
2020-04-11,2,0,10,0,2,2,2,0,0,0,0,0,403,0,0,2,0,0,0,0,37,1,0,0,2,2,0,2,0,0,1,1,4,0,0,0,1,1,0,0,0,0,0,0,0,0,3,0,0,1,0,1,0,0,0,2,0,0,0,7,2,0,2,0,1
2020-04-12,0,1,6,2,0,2,0,1,3,0,1,0,471,0,0,1,0,4,0,0,22,2,0,1,0,1,1,5,4,1,0,2,0,0,0,2,0,1,0,0,0,3,0,0,0,0,0,1,0,4,1,2,0,1,0,0,0,0,0,9,0,0,4,0,0
2020-04-13,1,0,2,0,0,5,1,0,0,1,1,1,317,0,0,0,0,3,0,2,38,0,0,0,0,0,0,1,1,1,0,0,2,0,0,0,0,1,0,1,2,1,0,0,0,1,1,1,2,0,1,0,2,0,0,0,0,0,0,6,0,0,1,0,0
2020-04-14,0,0,4,0,0,0,0,2,0,0,2,0,321,0,0,0,0,3,0,1,32,0,1,0,0,1,0,3,0,0,0,0,5,1,0,2,0,0,0,1,0,0,0,0,0,0,1,10,0,1,0,0,0,0,0,0,0,0,0,3,0,0,0,0,1
2020-04-15,0,0,3,1,2,1,0,1,0,0,0,0,297,0,0,1,0,2,0,0,19,0,0,0,0,0,0,4,0,0,0,0,1,0,0,0,0,0,2,3,0,0,0,0,0,0,2,0,0,0,0,0,2,4,0,0,0,0,1,7,1,0,0,0,0
2020-04-16,3,0,2,0,1,0,0,0,0,0,0,0,145,0,0,1,0,1,0,1,18,0,0,0,2,0,1,0,2,0,0,0,1,0,0,0,3,0,1,0,0,1,0,0,0,0,0,0,0,0,0,4,1,0,0,0,0,0,1,1,0,0,2,0,0
2020-04-17,2,1,10,0,0,0,0,1,0,0,0,0,274,1,0,0,0,5,0,0,25,0,2,0,0,0,2,0,0,1,0,0,1,0,0,1,0,0,2,3,0,0,0,0,0,1,2,0,0,2,0,2,0,3,0,0,0,0,0,5,0,0,1,0,0
2020-04-18,0,0,7,0,2,0,0,1,1,0,0,0,227,0,0,0,0,2,0,2,35,0,0,0,0,0,1,0,1,0,0,0,1,0,0,2,3,1,0,0,0,0,0,0,1,0,0,0,0,1,0,1,0,1,0,0,1,0,0,1,0,0,1,0,0
2020-04-19,1,0,4,0,1,0,0,3,0,0,0,0,185,0,1,0,0,1,0,1,25,0,0,0,0,2,1,3,1,3,0,0,0,0,0,2,0,0,0,0,0,2,0,0,0,0,5,0,0,0,0,0,0,0,0,0,0,0,0,4,3,0,0,0,1
2020-04-20,0,3,8,0,0,2,0,3,0,0,0,0,288,0,0,0,0,3,1,0,39,0,1,0,0,2,1,1,2,4,0,0,4,0,0,2,1,2,0,0,1,2,4,0,0,0,0,1,0,1,3,0,0,1,0,0,0,1,0,8,1,1,3,0,1
2020-04-21,0,0,6,0,0,1,0,5,0,2,0,1,338,0,1,0,0,11,1,3,57,0,0,0,1,1,0,0,1,1,0,2,3,0,1,0,3,4,0,1,1,1,1,0,0,0,0,1,1,5,0,0,0,4,0,0,1,1,1,8,1,0,0,0,0
2020-04-22,0,0,9,1,1,1,0,1,0,0,0,0,337,0,0,1,0,3,1,2,48,1,5,0,0,1,1,0,1,3,0,0,6,0,0,1,0,2,2,2,1,0,0,0,0,1,2,0,0,1,1,1,0,2,0,1,0,1,0,6,3,0,3,0,0
2020-04-23,0,0,2,0,0,1,0,2,1,0,3,1,276,5,0,0,0,10,0,1,41,0,0,0,0,7,1,0,1,1,0,0,2,0,0,3,1,0,1,2,1,2,0,0,0,1,2,0,0,3,0,1,0,0,0,0,0,0,0,4,2,1,1,0,0
2020-04-24,0,0,3,0,1,3,0,2,0,0,0,0,295,1,0,3,0,8,1,0,34,1,2,2,0,0,3,0,0,0,1,1,0,0,0,1,0,2,1,1,0,1,2,0,1,2,2,2,0,3,1,1,0,0,0,0,0,0,0,2,0,0,1,0,2
2020-04-25,2,0,2,0,1,2,3,0,0,0,1,0,228,0,0,0,0,0,0,0,18,0,0,0,1,2,2,1,2,2,0,0,1,0,0,1,0,2,1,0,0,1,0,0,1,0,1,0,0,3,0,0,0,0,0,0,0,0,0,1,5,0,0,0,0
2020-04-26,0,0,1,0,6,1,0,2,0,0,0,0,184,0,1,0,0,1,0,1,36,1,0,1,0,2,0,1,0,0,0,1,2,0,1,1,1,1,0,0,0,1,0,0,0,1,2,1,1,0,1,0,1,1,0,0,0,1,0,1,3,0,0,0,1
2020-04-27,0,0,3,0,1,1,1,5,0,0,0,2,178,0,2,0,0,2,0,1,38,0,0,0,0,1,0,1,1,1,0,0,1,0,2,3,1,0,0,0,0,3,0,0,0,0,0,1,1,2,0,1,0,1,0,0,0,1,0,4,2,0,0,0,0
2020-04-28,3,0,3,0,0,0,0,0,0,0,0,0,137,0,0,0,0,2,0,0,31,0,0,1,0,0,0,0,2,0,0,0,0,0,0,1,1,0,0,0,0,1,0,0,0,1,1,1,0,1,0,0,0,0,0,0,0,0,0,2,2,0,0,0,0
2020-04-29,0,0,3,0,1,4,0,1,0,0,0,0,166,0,0,0,0,6,0,2,29,0,0,0,0,2,1,0,0,1,0,0,6,0,0,0,2,1,0,0,0,1,0,0,0,0,0,1,0,0,0,2,0,0,0,0,0,0,0,2,1,0,1,1,0
2020-04-30,0,0,1,0,0,3,0,0,0,0,0,0,161,0,0,0,0,3,1,0,28,0,2,0,0,0,0,0,0,3,0,0,0,0,0,0,0,0,0,1,0,1,1,0,1,0,0,0,0,1,0,0,0,0,0,0,0,0,0,2,0,0,1,0,0
2020-05-01,0,0,4,1,1,1,0,2,1,0,1,0,177,0,0,2,0,3,0,0,39,1,0,0,0,0,0,0,2,1,0,0,0,0,0,0,0,1,0,1,1,3,0,1,0,0,0,0,2,0,0,0,0,0,0,0,0,0,0,5,0,0,1,0,0
2020-05-02,2,0,2,0,0,0,0,1,0,0,1,0,312,0,1,0,0,5,0,0,41,1,0,1,0,1,0,4,1,0,0,0,0,0,1,2,0,0,0,0,0,0,0,0,0,0,1,2,0,0,0,1,0,1,0,1,0,0,0,1,0,0,0,0,1
2020-05-03,0,0,2,0,1,0,0,0,0,0,0,0,148,0,0,0,0,0,0,0,23,2,0,0,0,0,0,0,0,0,0,0,1,0,0,0,0,1,0,0,0,0,0,0,0,0,1,0,1,0,0,0,0,0,0,0,0,0,0,1,0,0,0,0,0
2020-05-04,0,0,2,0,1,1,2,1,0,0,1,0,124,0,0,2,0,0,0,0,44,0,1,0,0,3,0,0,0,0,0,0,1,0,0,0,0,0,1,0,0,0,0,0,0,0,0,0,0,0,0,0,1,2,0,0,0,0,0,1,1,0,0,0,0
2020-05-05,0,1,2,0,0,0,0,1,0,2,0,0,103,0,1,3,0,2,2,0,21,0,0,0,0,0,0,2,0,1,0,0,5,0,0,1,0,2,0,2,0,1,0,0,0,0,2,1,0,0,0,1,3,1,0,0,2,0,0,0,0,0,0,1,0
2020-05-06,2,0,10,0,1,0,0,0,0,0,0,0,110,0,0,0,0,1,0,1,27,1,0,0,0,0,0,2,0,0,0,0,0,0,0,1,0,1,1,0,0,1,0,0,0,1,0,0,0,0,0,1,0,1,0,0,1,0,0,1,0,0,1,0,0
2020-05-07,0,0,2,0,0,1,0,0,0,0,1,0,129,0,1,1,0,4,0,0,20,0,0,0,0,0,1,1,0,1,0,1,0,3,0,0,1,0,0,2,0,1,0,0,0,2,1,1,0,0,2,0,0,0,0,0,0,0,1,3,0,1,4,0,0
2020-05-08,1,0,1,0,1,0,0,1,0,0,0,0,161,0,0,0,0,1,0,0,21,0,0,0,0,0,0,1,2,0,0,0,2,1,1,0,1,0,0,1,0,0,0,0,0,0,0,0,0,5,0,1,0,0,0,0,0,0,0,4,0,0,1,0,0
2020-05-09,3,0,1,0,1,0,0,0,0,0,0,0,88,0,1,1,0,1,0,0,14,1,0,1,0,0,0,1,0,0,0,0,0,0,0,1,0,2,0,2,0,1,0,0,0,0,0,1,0,0,0,0,0,0,0,0,0,0,0,5,0,0,0,0,0
2020-05-10,0,0,1,0,0,1,0,0,0,0,0,0,62,0,0,0,0,2,0,0,14,0,0,1,0,0,0,1,0,0,0,0,1,0,0,0,0,1,1,0,0,1,0,0,0,0,0,0,2,0,0,1,0,0,0,0,0,0,0,1,1,0,1,0,0
2020-05-11,0,0,4,0,1,2,0,1,0,0,0,0,82,0,0,0,0,3,0,0,28,0,0,0,0,0,0,0,0,4,0,0,0,0,0,1,0,1,0,0,1,2,1,0,0,0,0,0,0,2,0,0,1,0,0,0,0,0,0,4,0,0,0,1,0
2020-05-12,1,0,0,0,1,0,0,0,0,0,0,0,86,0,0,1,0,4,0,0,26,0,2,0,0,0,2,2,2,2,1,0,0,0,0,0,0,1,0,1,0,0,0,0,0,0,0,0,0,1,0,0,1,0,0,0,0,0,0,3,0,0,0,0,0
2020-05-13,0,0,8,0,0,0,0,0,0,0,0,1,73,0,0,0,0,0,0,0,16,0,0,1,0,1,0,0,2,0,0,0,0,0,0,0,0,2,0,0,0,0,0,0,0,0,0,0,0,0,0,0,0,0,0,0,0,0,1,2,0,0,0,0,0
2020-05-14,2,0,0,0,1,0,0,0,0,0,0,1,77,0,1,0,0,3,0,0,20,0,2,0,0,1,0,0,0,2,0,0,1,0,0,0,1,3,0,0,0,0,0,0,0,0,0,0,0,0,0,0,0,1,0,0,0,0,0,1,0,0,2,0,0
2020-05-15,0,0,2,0,0,0,0,0,0,0,0,0,90,0,0,0,0,2,0,0,23,0,0,0,0,1,0,2,0,0,0,0,0,0,0,0,0,0,0,0,0,0,0,0,0,2,0,0,0,0,0,0,0,1,0,0,0,0,0,2,0,0,0,0,0
2020-05-16,0,0,3,0,0,0,0,0,0,0,0,0,113,0,1,2,0,1,0,0,29,1,0,1,0,0,1,0,1,0,0,0,1,0,0,0,1,1,0,1,0,3,0,0,1,0,0,0,0,0,0,6,0,0,0,0,0,0,0,3,0,0,0,0,0
2020-05-17,0,0,3,0,0,0,0,0,0,0,0,0,85,0,0,0,0,1,0,0,30,0,0,0,0,0,0,0,0,0,0,0,0,0,0,0,0,2,0,0,1,0,0,0,0,0,0,0,0,0,0,0,0,0,0,0,0,0,3,2,0,0,0,0,0
2020-05-18,1,0,2,0,0,4,0,0,0,0,0,0,70,0,0,1,1,1,0,1,23,0,0,0,0,1,0,0,0,0,0,0,0,0,0,1,2,1,0,0,0,1,0,0,0,0,0,0,0,0,1,1,0,0,0,0,0,0,0,3,0,0,0,1,0
2020-05-19,0,0,6,0,1,0,0,1,0,0,0,0,94,0,0,0,0,1,0,1,16,0,0,0,0,0,0,0,1,0,0,0,1,0,0,0,1,0,1,0,0,3,0,0,0,0,0,0,0,2,0,1,0,0,0,0,0,0,0,3,0,0,0,0,0
2020-05-20,0,0,5,0,0,0,0,0,0,0,0,0,95,0,0,0,3,2,0,0,20,0,0,0,0,1,0,0,0,0,0,0,0,0,0,1,2,1,0,0,2,1,0,0,0,0,0,0,1,1,1,1,0,1,1,0,0,0,0,6,0,0,0,0,0
2020-05-21,0,0,1,0,0,1,1,0,0,1,0,0,135,0,1,0,1,6,0,2,32,1,0,1,0,1,0,1,1,0,0,0,4,0,0,0,0,0,0,0,0,0,0,0,0,0,0,0,0,0,0,0,0,0,0,0,0,0,0,3,0,1,1,0,0
2020-05-22,1,1,3,0,0,2,2,1,0,0,0,0,118,0,1,1,0,4,0,2,31,0,0,0,0,2,0,0,0,0,0,0,1,0,1,0,4,4,2,0,0,1,0,0,0,0,0,0,0,1,0,2,0,0,0,0,0,0,0,1,0,0,0,1,0
2020-05-23,0,0,4,0,1,2,0,0,0,0,2,0,109,0,0,0,0,5,0,0,29,0,0,0,0,1,3,1,0,0,0,0,0,0,0,0,1,3,0,0,0,2,0,0,0,1,0,0,0,0,1,0,0,0,0,3,0,0,2,1,0,0,0,0,0
2020-05-24,0,0,7,0,0,0,0,3,0,0,0,0,85,1,0,0,1,3,0,0,29,0,0,0,0,0,0,0,0,0,0,0,1,0,0,2,0,0,1,1,1,0,0,0,0,0,0,0,0,0,1,0,0,1,0,0,0,0,0,0,0,0,0,0,0
2020-05-25,0,0,4,0,0,0,0,0,0,0,0,3,99,0,0,0,0,2,0,0,29,0,0,0,0,1,0,0,0,0,0,0,1,0,0,0,0,0,0,1,0,0,0,1,0,0,0,0,0,0,0,6,5,0,0,0,0,0,0,2,4,0,0,0,0
2020-05-26,0,0,3,0,0,0,0,0,0,0,0,1,156,0,1,0,0,1,0,0,34,0,0,0,0,1,0,0,1,0,0,0,1,0,0,0,0,1,0,1,0,0,0,0,0,0,0,0,1,0,0,1,1,1,0,0,0,0,0,5,0,0,1,0,0
2020-05-27,2,0,8,0,0,1,0,1,1,0,0,0,152,0,0,1,0,6,0,1,42,0,0,0,0,0,0,0,0,1,0,0,1,0,0,0,0,1,0,1,1,1,0,0,1,0,0,0,0,1,1,2,0,3,0,0,0,0,0,2,1,0,1,0,0
2020-05-28,1,0,7,0,0,1,0,0,0,0,0,0,156,0,1,0,0,5,0,0,35,0,0,0,0,0,0,1,0,0,0,0,6,0,0,1,0,0,0,0,0,0,1,0,0,0,0,0,2,0,0,2,0,2,1,0,0,0,0,5,3,0,1,0,0
2020-05-29,0,1,9,0,0,0,0,1,0,0,0,1,168,0,2,0,0,2,0,0,50,0,0,0,0,0,0,0,1,1,0,1,1,0,0,0,0,3,1,0,3,3,0,0,0,1,0,1,0,0,0,0,0,0,0,0,0,0,0,3,0,1,0,0,0
2020-05-30,2,0,4,0,0,0,0,0,0,0,0,0,173,0,0,0,0,3,0,2,43,0,0,0,0,0,0,2,1,0,0,0,1,0,0,0,0,3,0,0,1,1,0,0,1,0,1,1,3,0,1,0,1,0,0,1,0,0,0,3,1,0,2,0,0
2020-05-31,0,1,5,0,0,1,0,0,0,0,0,0,189,0,0,0,0,6,1,2,47,2,0,2,0,2,2,0,1,0,0,0,2,0,0,0,1,2,0,1,1,0,0,0,0,0,0,0,0,1,0,0,1,2,0,0,0,0,1,1,1,1,0,0,0
2020-06-01,2,0,2,0,1,1,0,1,0,0,0,1,175,0,0,0,0,9,0,0,62,0,0,0,0,0,0,0,0,0,0,0,2,0,0,2,1,2,0,1,0,0,0,0,1,0,0,0,0,1,0,2,0,2,0,0,0,0,2,7,1,1,0,0,3
2020-06-02,1,0,13,1,0,1,0,2,0,0,0,0,178,0,1,1,0,5,0,0,46,0,0,0,0,1,0,0,0,0,0,0,2,0,0,1,0,2,2,0,3,1,0,0,0,0,0,0,0,0,0,2,0,0,0,1,0,0,1,2,0,0,0,0,1
2020-06-03,0,0,14,0,0,0,0,1,0,0,0,0,184,0,1,0,0,3,0,0,47,0,1,0,0,2,1,1,3,1,0,0,2,0,0,2,2,2,0,0,1,1,0,0,0,0,0,0,2,1,0,3,0,0,0,0,0,0,2,3,1,0,2,0,4
2020-06-04,1,8,28,2,1,5,0,4,1,1,0,0,397,1,1,3,5,10,0,3,115,2,0,0,1,1,7,4,0,1,0,0,14,0,0,1,1,4,1,2,2,4,0,1,1,0,1,0,1,7,1,1,1,2,0,3,1,3,3,7,4,1,3,0,0
2020-06-05,7,2,74,1,3,12,0,8,5,0,2,3,799,2,9,9,4,11,0,2,200,0,1,0,1,6,7,5,7,10,4,0,27,0,1,1,1,19,3,5,3,8,2,2,4,8,6,3,3,7,1,10,2,6,1,1,0,1,2,16,5,0,10,0,2
2020-06-06,7,1,31,0,4,7,1,3,2,1,3,0,671,0,6,4,0,30,2,0,143,3,5,2,3,8,5,5,8,9,0,1,13,1,3,1,6,5,0,4,4,6,1,0,1,2,2,2,1,4,1,2,1,3,0,1,0,5,1,8,4,1,6,1,3
2020-06-07,4,4,39,2,4,12,3,1,1,0,1,0,652,1,1,8,1,29,3,2,123,1,1,1,1,2,3,4,2,1,0,1,9,1,1,9,3,8,0,5,0,3,2,1,3,4,6,1,2,4,1,2,2,2,7,2,4,3,3,9,2,3,8,0,3
2020-06-08,6,1,34,1,4,4,1,7,2,1,5,2,483,1,4,4,1,16,3,3,107,1,2,2,0,5,3,3,2,5,2,0,16,0,0,2,4,7,0,5,3,7,0,1,0,1,0,1,2,6,1,7,1,6,0,1,1,0,8,13,5,1,4,1,0
2020-06-09,0,0,18,0,4,11,0,7,1,0,1,0,439,0,2,6,3,14,0,1,84,2,2,0,1,4,2,0,0,2,3,6,5,0,2,2,1,3,0,3,4,2,0,0,0,1,3,0,2,2,1,3,0,3,2,0,1,0,0,8,6,3,4,3,1
2020-06-10,5,0,20,0,2,1,0,2,2,0,3,1,279,0,3,2,0,13,1,2,73,2,0,1,0,6,4,0,0,0,0,0,5,0,0,3,1,3,2,5,0,8,0,0,0,1,2,2,0,0,1,4,4,1,0,0,1,0,1,9,2,1,2,1,1
2020-06-11,3,1,24,1,3,1,0,0,0,0,0,2,308,1,2,0,0,6,0,1,57,0,0,1,0,1,3,0,2,0,0,1,8,0,0,1,0,1,0,3,0,7,0,0,2,0,1,0,2,3,0,0,1,1,0,0,0,0,0,7,2,1,6,0,0
2020-06-12,0,2,14,0,0,1,0,4,1,0,2,3,273,0,1,2,0,9,2,2,53,0,0,1,0,3,0,3,0,0,3,0,12,0,0,3,1,3,2,2,0,1,0,1,0,0,2,1,1,1,0,4,1,2,0,0,0,2,0,1,2,4,0,0,1
2020-06-13,1,1,7,0,0,2,0,1,2,1,0,1,255,0,5,1,0,6,0,1,44,1,0,1,0,0,1,0,1,1,0,0,3,0,0,0,3,2,1,10,1,1,5,0,0,1,0,0,1,1,0,3,2,0,0,1,0,1,1,8,3,1,1,0,2
2020-06-14,1,0,3,0,2,4,0,0,2,0,1,3,248,0,0,0,0,5,1,0,52,0,0,1,1,2,2,1,0,1,0,0,2,0,3,2,3,0,1,3,0,0,2,0,0,3,1,4,1,3,1,1,1,4,1,0,1,2,1,3,0,0,1,0,0
2020-06-15,2,1,9,1,0,2,0,1,0,0,2,1,278,0,2,3,0,6,3,2,47,1,1,1,0,1,0,0,1,2,1,0,5,0,5,1,0,4,1,0,1,3,0,0,0,0,2,0,0,0,0,1,1,0,1,0,2,0,0,5,3,2,4,0,0
2020-06-16,0,0,5,0,3,4,1,5,1,0,2,0,275,0,1,4,2,6,2,1,48,0,0,0,0,5,1,0,2,4,1,0,4,1,2,0,0,3,1,2,0,1,0,0,0,2,1,1,0,1,1,1,0,5,0,0,1,0,2,2,1,0,4,0,10
2020-06-17,1,0,12,0,2,1,0,3,0,1,0,1,214,0,2,0,0,10,0,2,34,0,0,1,1,2,1,0,1,1,0,0,4,0,0,6,1,7,2,0,2,1,0,0,1,0,0,2,1,3,0,1,1,3,1,0,0,0,0,3,1,1,4,0,3
2020-06-18,0,2,33,0,4,2,0,7,2,1,1,2,586,3,3,4,2,12,3,2,106,1,4,4,1,3,3,3,3,2,5,2,8,3,3,2,3,11,1,5,2,2,1,0,2,4,6,3,1,7,0,2,1,3,1,0,1,1,4,6,6,2,6,0,2
2020-06-19,3,1,13,1,3,5,0,1,0,1,1,0,342,0,4,1,0,7,2,1,58,2,0,1,1,7,1,1,2,2,0,1,9,1,1,1,1,1,0,2,0,0,1,0,0,0,4,1,0,1,2,2,0,6,1,1,0,3,2,7,8,2,12,1,1
2020-06-20,1,4,5,6,0,2,0,1,3,1,3,0,258,1,2,0,1,10,0,0,52,1,2,1,0,8,2,0,3,2,1,3,7,1,0,1,3,1,1,4,0,4,0,1,0,1,2,0,0,1,0,5,1,4,0,0,1,0,1,4,2,0,1,0,0
2020-06-21,0,2,4,1,2,1,0,1,0,0,1,0,245,0,4,6,0,4,0,0,38,2,0,0,1,3,1,1,0,0,0,0,0,0,0,2,2,0,0,3,0,3,0,0,0,2,1,0,1,0,0,0,3,4,0,0,0,0,0,3,1,0,2,1,0
2020-06-22,4,0,10,1,4,2,0,5,0,0,0,0,236,1,5,3,0,2,0,0,42,3,4,0,0,3,0,0,0,4,0,0,3,0,0,0,0,4,1,2,2,6,0,1,0,1,1,0,0,4,0,3,3,2,0,1,0,0,0,1,0,0,0,1,0
2020-06-23,4,1,5,1,1,0,0,2,1,1,1,1,221,1,3,4,0,4,0,1,43,0,1,1,0,4,0,0,2,0,2,0,2,0,0,2,2,1,0,2,1,2,0,0,0,1,0,0,2,4,3,8,2,5,0,1,0,0,8,1,0,2,4,0,0
2020-06-24,2,0,11,1,1,1,0,0,1,1,0,0,207,0,1,1,1,3,0,0,33,0,0,0,0,2,1,0,1,0,0,1,4,0,0,1,2,2,0,4,1,3,0,0,0,2,2,0,0,3,2,0,1,0,2,0,2,0,1,0,1,1,1,0,0
2020-06-25,2,3,7,1,0,2,0,2,0,0,2,2,176,0,2,1,0,2,0,1,26,1,0,0,1,1,2,3,0,1,4,0,8,0,0,0,0,2,0,4,0,3,2,2,1,1,0,0,0,0,1,2,1,1,0,0,0,0,2,1,0,0,2,0,1
2020-06-26,2,1,10,0,1,0,0,2,1,0,0,1,177,0,2,5,0,0,1,1,32,1,0,0,0,1,2,1,0,1,0,1,5,0,2,1,0,7,0,3,2,0,0,0,0,0,1,0,0,3,1,1,0,1,0,0,0,0,1,3,1,2,1,0,1
2020-06-27,2,0,10,0,1,2,0,2,0,0,0,1,163,0,2,0,0,6,0,0,21,1,2,3,0,1,1,0,1,1,0,0,6,0,0,1,2,1,0,1,0,2,1,0,0,0,1,0,0,4,0,2,1,0,0,0,0,0,1,1,1,2,4,0,2
2020-06-28,2,2,7,0,3,0,0,1,1,0,0,0,140,1,1,3,0,4,0,0,33,0,1,0,0,0,0,1,3,1,0,4,3,0,1,0,2,3,0,0,0,1,0,1,0,1,0,1,0,3,1,1,4,1,1,0,0,0,0,2,1,2,3,0,0
2020-06-29,4,4,2,0,2,0,0,0,0,0,1,0,134,0,0,1,0,1,0,0,26,0,2,0,1,0,0,0,2,2,0,0,3,0,0,1,1,1,1,1,1,4,0,0,0,0,0,0,1,0,1,2,2,0,0,0,0,0,1,3,2,1,3,0,0
2020-06-30,4,0,2,0,1,2,1,1,0,0,2,1,154,0,1,1,0,4,0,1,26,0,1,0,1,3,0,3,0,3,0,0,9,0,0,0,0,3,0,1,0,0,1,0,0,0,0,0,0,0,1,2,1,1,0,0,1,0,0,3,1,1,3,0,0
2020-07-01,4,1,1,0,1,0,0,2,0,0,0,1,116,0,4,0,1,3,2,0,31,0,0,0,0,0,0,2,1,0,2,0,4,0,0,3,2,3,0,0,1,0,1,0,0,0,1,0,1,2,1,2,0,0,0,0,0,1,2,2,1,0,2,0,1
2020-07-02,0,1,3,0,3,0,0,0,0,0,2,0,104,1,3,0,0,0,0,1,17,0,1,1,1,0,0,0,0,3,1,0,2,0,1,1,1,1,0,0,0,0,0,0,0,0,0,0,0,0,0,1,0,0,0,0,0,0,0,2,2,0,6,1,0
2020-07-03,0,0,5,0,0,0,0,3,1,2,0,0,117,0,2,0,0,0,1,0,15,0,0,0,0,1,0,0,0,0,0,0,1,0,0,0,0,1,1,2,0,1,1,0,1,1,0,0,0,0,0,0,1,1,0,0,0,0,0,0,0,0,2,0,1
2020-07-04,1,1,1,0,1,0,0,0,0,0,0,0,109,0,0,0,0,5,1,0,27,0,2,0,0,1,0,0,0,1,0,0,2,0,3,0,0,0,0,1,0,0,0,0,0,0,0,0,0,1,0,3,0,1,0,0,0,0,0,4,0,0,0,0,0
2020-07-05,0,1,4,0,2,0,0,0,0,0,0,1,96,0,0,1,1,3,0,0,29,0,0,4,0,3,1,0,0,0,0,0,2,0,0,1,3,0,1,1,1,1,0,0,0,0,0,0,1,0,0,2,1,3,0,0,0,0,0,1,0,1,3,2,0
2020-07-06,2,0,2,1,0,1,0,5,0,0,0,0,119,0,0,1,0,1,0,0,17,1,0,0,0,2,0,0,0,2,0,0,4,0,1,1,1,1,0,5,0,0,0,0,0,0,0,1,1,0,0,2,0,1,0,0,1,0,0,2,3,0,2,0,0
2020-07-07,3,2,4,0,0,0,0,0,0,0,0,0,85,0,1,2,0,1,0,0,12,4,0,0,2,2,1,0,0,2,0,0,2,0,1,1,2,0,0,1,0,0,0,0,0,0,0,0,0,0,0,2,0,0,0,0,0,4,0,2,2,0,2,1,1
2020-07-08,0,4,2,1,2,1,0,0,0,0,0,0,102,0,1,1,1,2,1,0,16,0,1,0,0,0,0,0,0,0,1,0,9,0,0,0,1,2,0,1,0,0,0,0,0,0,0,0,0,0,1,0,0,2,0,0,0,1,0,4,1,0,1,0,0
2020-07-09,1,0,3,0,0,0,0,1,1,2,0,0,89,0,0,0,0,1,0,0,16,0,0,0,0,2,1,0,0,1,0,0,4,0,0,0,0,0,1,5,0,1,1,1,0,0,0,0,0,0,0,0,0,1,0,0,0,0,0,1,2,0,1,0,0
2020-07-10,2,3,3,0,0,0,0,0,0,1,0,0,96,0,0,0,1,1,1,0,8,1,0,0,0,1,0,0,0,0,0,0,0,0,1,2,1,0,1,4,1,0,0,0,0,1,0,0,0,1,0,1,0,1,0,0,0,0,0,0,0,0,0,0,3
2020-07-11,0,0,0,0,0,0,0,2,2,0,0,0,81,0,0,1,0,0,2,1,14,1,0,0,0,0,0,3,0,1,1,0,1,0,0,0,1,1,0,1,1,0,0,0,0,0,0,0,0,2,0,0,0,1,0,0,0,0,0,0,1,1,2,0,1
2020-07-12,1,0,1,0,0,0,0,1,0,0,0,0,74,0,0,0,0,3,0,0,15,2,0,0,0,1,0,1,0,0,0,0,3,0,0,0,1,0,1,5,0,1,0,0,0,2,0,0,0,1,0,0,0,0,0,0,0,0,0,1,2,1,2,0,1
2020-07-13,0,0,6,0,0,0,0,1,0,0,0,0,78,0,0,0,1,0,0,1,15,1,0,0,0,0,2,1,0,4,0,1,3,0,0,0,2,0,0,0,0,1,0,0,1,2,0,0,1,0,0,0,0,0,0,0,0,0,0,1,0,0,0,0,1
2020-07-14,0,0,2,0,0,0,1,4,0,0,0,1,95,0,1,0,0,2,0,0,13,0,0,0,0,0,0,1,0,2,0,0,2,0,0,2,0,2,0,1,0,1,0,0,0,1,0,0,0,1,0,0,0,2,0,0,0,0,0,3,0,0,1,0,0
2020-07-15,1,0,0,0,0,0,0,1,0,0,0,0,129,0,0,0,1,0,0,0,6,0,1,0,0,0,0,0,0,1,0,0,0,0,0,0,0,0,0,0,0,0,0,0,0,0,0,0,1,1,1,2,0,1,0,0,0,0,1,0,0,0,2,0,0
2020-07-16,0,0,0,0,4,2,0,0,0,0,2,0,105,0,1,0,0,0,1,1,8,0,0,0,0,0,0,0,0,0,0,0,0,0,0,0,1,0,0,0,0,0,0,0,0,0,0,0,0,0,0,0,1,0,0,0,0,0,0,0,0,0,0,1,0
2020-07-17,0,0,1,0,4,1,0,0,0,0,0,0,85,0,0,0,0,1,0,0,3,0,0,0,0,1,0,0,0,0,0,0,0,0,0,0,0,0,0,0,0,0,0,0,0,0,1,0,0,1,1,1,0,0,0,0,0,0,0,1,0,0,0,0,0
2020-07-18,1,0,1,0,5,0,0,0,0,0,0,0,88,0,0,0,0,1,1,0,4,0,0,0,0,0,0,1,0,0,0,0,1,0,1,0,1,0,0,0,0,0,0,0,0,0,0,0,0,1,0,0,1,0,0,0,0,0,0,0,0,0,0,0,0
2020-07-19,0,0,2,0,1,0,1,0,0,0,0,0,110,0,0,0,0,0,0,0,3,0,0,0,0,0,0,0,0,0,0,0,0,2,1,0,0,0,0,0,0,0,1,0,0,0,0,0,0,0,0,1,0,0,0,0,0,0,0,1,0,0,2,0,0
2020-07-20,1,0,0,0,0,0,0,0,0,1,0,1,83,0,0,0,0,0,0,0,7,0,0,0,0,1,0,0,0,0,0,0,1,1,0,0,0,0,0,0,1,0,0,0,0,0,0,0,0,0,0,1,0,0,0,0,0,0,0,0,0,0,1,0,0
2020-07-21,0,0,3,0,0,1,0,0,0,0,0,0,105,0,1,1,0,0,0,0,5,0,0,0,0,0,0,2,0,0,0,0,1,1,2,1,0,0,0,2,0,1,1,0,0,0,0,0,0,0,0,0,0,1,0,1,0,0,0,0,1,0,1,0,0
2020-07-22,0,1,0,0,0,3,0,0,0,0,0,0,92,0,0,1,0,1,0,1,6,0,1,0,0,0,0,0,0,0,0,0,1,0,0,0,0,0,0,0,0,0,0,0,0,0,0,0,0,0,0,0,0,0,0,0,0,0,0,0,0,0,1,0,0
2020-07-23,0,1,0,0,0,0,0,0,0,0,0,0,81,0,0,0,0,0,0,0,5,0,1,0,0,0,0,1,0,0,0,0,0,0,0,1,0,0,0,1,0,0,0,0,0,0,1,2,0,1,1,1,0,1,0,0,0,0,0,0,0,1,0,0,0
2020-07-24,0,1,1,0,0,0,0,2,0,1,0,0,77,0,0,0,0,1,0,0,7,0,1,0,0,0,0,0,0,0,0,0,0,0,0,2,0,0,0,0,1,0,0,0,0,0,1,0,0,0,0,0,0,1,1,0,0,0,0,0,0,0,0,0,0
2020-07-25,1,1,0,0,0,0,2,1,1,0,0,0,76,0,0,0,0,0,0,2,7,0,0,0,0,1,0,0,0,0,0,0,0,0,1,0,1,0,0,0,0,0,0,0,0,0,0,0,1,0,1,0,0,0,0,0,0,0,0,0,0,0,0,0,0
2020-07-26,0,0,3,0,1,0,0,1,0,1,1,0,91,0,0,0,0,0,0,1,7,0,0,0,1,0,0,0,0,0,0,0,0,0,1,1,0,1,0,0,0,0,0,1,0,0,0,0,0,0,0,0,0,2,0,0,0,0,0,0,0,0,0,0,0
2020-07-27,0,0,0,0,0,0,0,0,0,0,0,0,88,0,0,0,0,2,0,1,9,0,0,0,0,0,0,0,0,0,0,0,0,0,0,0,0,0,0,0,0,0,0,0,0,0,0,0,0,0,0,1,0,0,0,0,0,0,0,1,0,0,0,0,0
2020-07-28,0,0,0,0,0,1,0,2,0,0,0,0,75,0,0,1,0,0,0,0,5,1,0,0,0,1,0,1,0,0,1,0,2,0,0,0,0,0,0,0,0,0,0,0,0,0,0,0,0,1,0,0,1,0,0,0,0,0,0,0,0,0,0,0,0
2020-07-29,0,0,1,0,0,1,0,0,0,0,0,1,72,0,0,0,1,1,0,0,6,0,0,0,0,0,0,0,0,0,0,0,0,0,0,1,0,1,0,0,0,0,0,0,0,0,1,0,1,2,0,0,0,0,0,0,0,0,0,0,0,0,0,0,0
2020-07-30,0,0,0,0,0,0,0,0,0,0,0,0,76,0,0,0,0,1,0,0,7,2,0,0,0,0,0,0,0,0,0,0,0,0,0,1,1,1,0,0,0,0,0,0,0,0,1,0,1,0,0,0,0,0,0,0,0,0,0,0,0,0,0,0,0
2020-07-31,0,0,0,0,0,0,0,0,0,0,0,0,66,0,0,0,0,0,0,0,6,0,0,0,0,0,0,0,0,0,0,0,1,0,0,0,1,1,0,1,0,0,0,0,0,0,0,0,0,0,0,0,0,0,0,0,0,0,0,0,0,0,0,0,0
2020-08-01,0,0,0,1,0,0,0,0,0,0,0,0,57,0,0,0,0,0,0,0,6,0,0,0,0,0,0,0,0,0,0,0,0,0,0,0,0,1,0,0,0,0,0,1,0,0,0,0,0,0,0,1,0,0,0,0,0,0,1,0,0,0,1,0,0
2020-08-02,0,0,0,0,0,0,0,0,0,0,0,0,58,0,0,0,0,0,0,0,1,0,0,0,0,0,0,0,0,0,0,0,1,0,0,1,0,0,0,0,0,0,0,0,0,0,0,0,1,0,0,0,0,0,0,0,0,0,0,0,0,0,0,0,1
2020-08-03,1,0,0,0,0,0,0,0,0,0,0,0,85,0,0,0,0,2,0,0,8,0,0,1,0,0,0,0,1,0,0,0,0,0,0,0,1,0,0,0,0,0,0,0,0,0,0,0,0,2,1,2,0,1,0,1,0,0,0,1,1,0,0,0,0
2020-08-04,0,0,0,0,1,0,1,0,0,0,0,0,87,0,0,1,0,0,0,0,8,0,0,0,0,0,0,0,0,1,0,0,0,0,0,0,1,0,0,0,0,1,0,0,1,0,0,0,0,1,0,0,0,0,0,0,0,0,0,0,0,0,0,0,0
2020-08-05,0,0,0,0,1,0,0,0,0,0,0,0,66,0,0,1,0,0,0,0,9,0,0,0,0,0,0,0,0,0,0,0,0,0,0,1,0,2,0,1,0,1,0,0,0,0,0,0,0,0,0,0,0,0,0,0,0,0,0,0,0,0,2,0,2
2020-08-06,0,0,1,0,0,0,0,0,0,0,0,0,74,0,0,2,0,0,0,0,7,0,0,0,0,0,0,0,0,0,0,0,1,0,0,0,0,0,0,0,0,0,0,0,0,0,1,0,0,0,0,0,0,0,0,0,0,0,0,0,0,0,0,0,0
2020-08-07,0,0,1,2,2,1,0,0,0,0,0,0,75,0,0,0,0,0,0,1,5,0,0,1,0,0,0,0,0,0,1,0,0,0,0,0,0,1,0,0,0,0,1,0,2,0,0,1,0,1,0,0,0,0,0,0,0,0,0,1,0,0,0,0,0
2020-08-08,0,0,0,0,2,0,0,0,0,0,0,0,73,0,0,0,0,0,0,0,11,0,1,0,1,1,0,0,0,0,1,0,0,0,0,0,0,1,0,0,0,0,0,0,1,0,0,1,0,0,0,0,0,0,0,0,0,0,0,0,0,0,0,0,1
2020-08-09,0,0,0,0,1,0,0,0,1,0,0,0,56,0,0,0,1,0,0,0,5,0,0,0,0,2,0,0,1,0,1,0,1,0,0,0,0,0,0,0,0,0,0,0,0,0,0,0,0,0,0,0,0,0,0,0,0,0,0,0,0,0,0,0,0
2020-08-10,0,0,0,0,0,0,0,0,0,0,0,0,67,0,0,0,0,0,1,0,8,0,0,0,0,0,1,1,0,0,0,0,1,0,0,2,1,1,0,0,0,0,0,0,0,0,0,0,0,1,0,0,0,0,0,0,0,0,0,0,0,0,0,0,0
2020-08-11,0,0,1,0,0,1,0,0,0,0,0,1,64,0,1,0,0,0,0,0,10,0,0,0,0,0,0,0,0,1,0,0,1,0,0,1,2,0,0,0,0,0,0,0,2,1,0,0,0,0,0,0,1,2,0,0,0,0,0,0,0,1,0,0,0
2020-08-12,0,0,0,0,0,0,0,0,0,0,0,0,74,0,1,0,1,0,1,0,9,0,0,0,0,1,0,0,0,0,0,0,0,0,0,0,0,0,0,0,0,0,0,0,2,0,0,0,0,0,0,0,0,0,0,0,0,0,0,0,0,0,0,0,0
2020-08-13,0,0,1,0,1,0,0,0,0,0,0,0,77,0,0,0,0,0,0,1,2,0,0,0,0,0,0,0,0,0,0,0,1,0,0,0,1,0,0,0,0,0,0,1,0,0,0,1,0,1,0,0,0,0,1,0,0,0,1,1,1,0,0,0,0
2020-08-14,0,1,0,0,0,0,0,0,1,0,0,0,55,0,0,1,0,1,0,0,4,0,0,0,0,0,0,0,0,0,0,0,0,1,0,1,0,0,0,0,0,1,0,0,0,0,1,0,1,1,0,0,0,0,0,0,0,0,0,0,0,0,0,0,0
2020-08-15,0,0,0,0,0,0,0,0,0,0,0,0,61,0,0,1,0,0,0,0,5,1,0,0,0,1,0,0,0,0,0,0,0,0,0,1,0,0,1,0,0,0,0,0,0,0,0,0,0,0,0,0,0,0,0,0,0,0,0,0,0,0,0,0,0
2020-08-16,0,0,1,0,0,0,0,0,0,0,0,0,70,0,1,0,0,0,0,0,9,4,0,0,1,0,0,0,0,0,0,0,0,0,0,0,0,0,0,0,0,0,0,0,0,0,0,0,0,0,0,0,0,1,0,0,0,0,0,1,0,0,1,0,0
2020-08-17,0,0,2,0,0,0,1,0,0,0,0,0,53,0,0,1,0,1,0,0,7,1,0,0,0,0,0,0,2,2,0,0,0,0,0,0,0,1,0,0,0,0,0,0,0,0,0,1,0,0,0,0,0,0,0,0,0,0,0,1,0,0,0,0,0
2020-08-18,1,0,0,0,0,0,0,0,0,0,0,0,68,3,0,0,0,0,0,0,5,0,0,0,0,0,0,0,0,0,0,0,1,0,0,1,0,0,1,0,0,0,0,0,0,0,0,0,0,0,0,0,0,0,0,0,0,0,0,0,0,0,0,0,0
2020-08-19,0,0,0,0,0,0,1,3,0,0,0,0,58,0,0,1,1,0,0,0,5,0,0,0,0,0,0,2,0,0,0,0,0,0,0,0,0,0,0,0,0,0,0,0,1,1,0,0,0,0,0,0,0,0,0,2,0,0,0,1,1,2,1,0,0
2020-08-20,1,0,0,0,1,0,0,0,0,0,0,0,58,0,0,1,0,0,0,0,7,0,0,0,0,0,0,0,0,0,0,0,0,0,0,0,0,0,0,0,0,0,0,0,0,0,0,0,0,2,0,1,0,0,0,0,0,0,0,0,0,0,0,0,0
2020-08-21,0,0,0,0,0,0,0,0,0,0,0,0,34,0,0,0,0,0,0,0,5,3,0,0,0,0,0,0,0,0,0,0,0,0,0,0,0,0,0,0,0,2,0,0,0,0,0,0,0,0,0,0,0,0,0,0,0,0,0,0,0,0,0,0,0
2020-08-22,0,0,1,1,0,1,0,1,0,0,0,0,60,0,0,0,0,1,0,0,6,0,0,0,1,0,0,0,2,0,0,0,0,0,0,0,0,0,0,0,0,0,0,0,0,0,0,1,0,0,0,0,0,0,0,0,0,0,0,0,0,0,0,0,0
2020-08-23,0,0,0,0,0,0,0,1,0,0,0,0,67,0,0,0,0,1,0,0,8,0,0,0,0,1,0,1,0,0,0,0,0,0,0,0,0,0,0,0,0,0,0,0,0,0,0,0,0,0,0,0,0,0,0,0,0,1,0,0,0,0,0,0,0
2020-08-24,0,0,0,0,0,0,0,0,0,0,0,0,50,1,0,0,0,0,0,0,11,0,0,0,0,0,0,0,0,0,0,0,0,0,0,0,0,1,0,0,0,0,0,0,0,0,0,0,0,0,0,0,1,1,0,0,0,0,0,1,0,0,1,0,0
2020-08-25,0,0,0,0,0,0,0,0,0,0,0,1,59,0,0,0,0,0,0,0,5,0,0,0,0,0,0,0,0,0,0,0,0,0,0,1,1,0,0,0,0,0,0,0,0,0,0,0,0,0,0,0,0,0,0,0,0,0,0,0,2,0,0,0,0
2020-08-26,0,0,1,0,0,0,0,0,0,0,0,0,59,0,0,0,0,0,0,0,5,0,0,0,0,0,0,0,0,0,0,0,3,0,0,0,1,0,0,0,0,0,0,0,0,0,0,0,0,1,0,0,0,0,0,0,0,0,0,0,0,0,0,0,0
2020-08-27,0,0,2,0,0,1,0,0,0,0,0,0,83,0,0,1,0,0,0,0,5,0,0,0,0,0,0,0,0,0,0,0,0,0,2,0,0,1,0,0,0,0,0,0,0,0,0,0,0,0,0,0,0,0,0,0,0,0,0,0,0,0,0,0,0
2020-08-28,0,0,0,0,0,0,0,0,0,0,0,0,63,0,0,0,0,0,0,1,5,0,0,0,0,0,0,0,0,0,0,0,0,0,0,0,0,1,0,0,0,0,0,0,0,0,0,0,0,0,0,0,0,0,0,0,0,1,0,0,0,0,0,0,0
2020-08-29,0,0,0,0,0,0,0,0,0,0,0,1,71,0,0,0,0,1,0,1,10,0,0,0,0,0,0,0,1,0,0,0,0,0,0,0,0,0,0,0,0,1,0,0,0,0,0,1,0,0,0,0,0,0,0,0,0,0,0,0,0,0,0,0,0
2020-08-30,3,0,0,0,0,0,0,0,0,0,0,0,71,0,2,0,0,0,0,0,14,0,0,0,0,0,0,0,0,0,0,0,0,0,0,1,0,0,0,0,0,0,0,0,0,2,0,0,0,0,0,0,0,0,0,0,0,0,0,1,0,0,2,0,0
2020-08-31,1,0,0,0,0,0,0,0,0,0,0,0,81,0,1,0,0,1,0,1,21,0,0,0,0,0,0,0,1,0,0,0,0,0,0,0,0,0,0,0,0,0,0,0,1,0,0,0,0,0,0,0,0,0,0,1,0,0,0,0,0,0,0,0,0
2020-09-01,0,0,0,0,1,0,0,0,0,0,0,0,67,0,0,1,0,1,0,0,10,0,0,0,1,0,0,0,0,0,0,0,1,0,0,1,0,0,0,0,0,1,2,0,0,0,1,0,0,0,0,0,0,0,0,0,0,0,0,1,0,0,0,0,1
2020-09-02,0,0,1,0,0,0,0,0,0,0,0,0,66,0,0,1,0,0,0,0,15,0,0,0,0,0,0,0,0,0,0,0,0,0,0,0,1,0,0,0,0,0,0,0,0,0,0,0,0,0,0,3,0,0,0,0,0,0,0,0,0,0,0,0,0
2020-09-03,0,0,2,0,0,0,0,0,0,0,0,0,69,0,0,1,0,3,0,1,9,0,0,0,0,0,1,0,0,0,0,0,0,0,0,0,2,1,0,0,0,1,0,0,0,0,0,3,0,0,0,1,0,0,0,0,0,0,0,0,0,0,0,0,0
2020-09-04,1,0,1,0,0,0,0,1,0,0,0,0,77,1,0,0,0,1,0,0,5,1,1,0,0,0,0,0,1,0,0,0,2,0,0,1,0,0,0,0,0,0,0,0,0,0,0,0,0,1,0,0,0,1,0,0,0,0,0,0,0,0,0,0,0
2020-09-05,0,1,0,0,0,0,0,0,1,0,0,0,80,0,0,1,0,0,0,0,11,0,0,0,0,0,0,0,0,0,1,0,0,0,0,0,0,0,0,0,0,0,0,0,0,0,0,0,0,0,0,0,0,2,0,0,0,0,0,0,0,0,0,0,0
2020-09-06,0,0,3,0,0,0,0,0,0,0,0,2,76,0,0,0,0,0,0,0,10,0,0,0,0,0,0,0,0,0,0,0,1,0,0,0,0,0,0,0,0,0,0,0,0,0,0,0,0,0,0,0,0,0,0,0,1,0,0,1,0,0,0,0,0
2020-09-07,0,1,1,0,0,0,1,1,0,0,0,1,51,0,0,1,0,0,0,0,4,0,0,0,0,0,0,0,1,0,0,0,0,0,0,1,0,1,0,0,1,0,0,0,0,0,0,0,0,0,1,0,0,1,0,2,0,0,0,0,0,0,0,0,0
2020-09-08,0,0,0,0,0,0,0,0,0,0,0,0,86,0,0,0,0,2,0,1,11,0,0,2,0,0,0,0,0,0,0,0,0,0,0,0,0,1,0,0,0,0,1,0,0,0,0,0,0,0,0,1,0,0,0,0,0,0,0,1,1,0,0,0,0
2020-09-09,0,0,1,0,0,1,0,0,0,0,0,0,80,0,0,0,0,2,0,0,7,0,0,0,0,0,0,0,0,0,0,0,1,0,0,1,0,3,0,0,0,0,0,0,0,0,0,0,0,0,1,0,0,0,0,0,0,0,0,0,0,0,0,0,0
2020-09-10,0,0,3,0,0,0,0,0,0,0,0,0,56,0,0,0,0,0,0,0,5,0,0,0,0,0,0,0,0,0,0,0,0,0,0,1,0,0,0,0,0,0,0,0,0,0,0,0,0,1,0,1,0,0,0,0,0,0,0,1,0,0,0,0,0
2020-09-11,0,0,0,0,0,0,0,0,0,0,0,0,53,0,0,0,0,0,0,0,6,0,0,0,0,0,1,0,0,0,0,0,0,0,0,0,0,0,0,0,0,0,0,0,0,0,0,0,0,0,0,0,0,0,0,0,0,0,0,0,0,0,0,0,0
2020-09-12,0,0,1,0,1,0,0,0,0,0,0,0,43,0,1,0,0,0,0,0,5,0,0,0,0,1,0,0,0,1,0,0,0,0,0,0,0,1,0,0,0,0,0,0,0,0,0,0,0,0,0,0,0,0,0,0,0,0,0,0,0,0,0,0,0
2020-09-13,0,0,0,0,0,0,0,0,0,0,0,0,72,0,2,0,0,0,0,0,6,0,0,0,0,0,0,0,0,0,0,0,0,0,0,0,0,1,0,0,0,0,0,0,0,0,0,0,0,0,0,0,0,0,0,0,0,0,0,1,0,0,0,0,0
2020-09-14,0,0,0,0,0,0,0,1,0,0,0,0,67,0,0,0,0,0,0,0,1,1,0,0,0,0,0,0,0,0,0,0,2,0,0,0,0,0,0,0,0,0,0,0,0,0,0,1,1,0,0,0,1,0,0,0,0,0,0,0,0,0,1,0,0
2020-09-15,0,0,0,0,0,0,0,0,0,0,0,0,52,0,0,0,0,1,0,0,8,1,0,0,0,0,0,3,0,1,1,0,0,0,0,0,0,0,0,0,0,0,0,0,0,0,2,0,0,0,0,0,0,0,0,0,0,0,0,0,0,0,0,0,0
2020-09-16,0,0,1,0,0,0,0,0,0,0,0,0,60,0,0,0,0,2,0,0,11,2,0,0,0,0,0,0,0,2,0,0,0,0,0,0,0,2,0,0,0,1,1,0,0,0,0,0,0,0,0,0,2,1,0,0,2,0,0,0,0,0,0,0,0
2020-09-17,2,0,0,0,0,0,0,0,0,0,0,0,44,0,0,0,0,0,1,0,6,0,0,0,0,2,1,1,0,0,1,0,1,0,1,0,0,1,0,0,0,0,0,0,0,0,0,0,0,0,0,0,1,0,0,0,0,2,0,1,0,0,0,0,0
2020-09-18,2,0,1,0,0,0,0,0,0,0,0,0,48,0,0,0,0,0,0,0,5,0,0,0,0,0,0,0,0,0,0,0,0,0,0,0,0,0,0,0,0,2,0,0,0,0,0,0,1,0,0,0,0,0,0,0,0,0,0,0,0,0,1,0,0
2020-09-19,0,0,0,0,0,1,0,0,0,0,0,0,46,0,0,0,0,0,0,0,4,0,0,0,0,0,0,0,0,0,0,0,1,0,0,0,0,0,0,0,0,0,0,0,0,0,0,0,0,0,0,0,0,0,0,0,0,0,0,0,0,0,1,0,0
2020-09-20,0,0,1,0,0,1,0,0,0,0,0,0,44,0,0,0,0,0,0,0,5,0,0,0,0,0,0,0,0,0,0,0,1,0,0,0,0,0,0,0,0,1,0,0,0,0,0,1,0,0,0,0,0,0,0,0,0,0,0,0,0,0,0,0,0
2020-09-21,0,0,0,0,0,0,0,0,0,0,0,0,43,0,0,0,0,0,0,0,5,0,0,0,0,0,0,0,0,0,0,0,0,0,0,0,2,0,0,0,0,0,0,0,0,0,0,0,0,2,0,1,0,0,0,0,0,0,0,0,0,0,0,0,0
2020-09-22,0,0,2,0,0,0,0,0,0,0,0,1,54,0,1,0,0,0,0,0,3,0,0,0,0,1,0,0,0,1,0,0,1,0,0,0,0,0,0,0,0,0,0,0,0,0,0,0,0,1,2,0,0,0,0,0,0,0,0,0,0,0,0,0,0
2020-09-23,0,0,0,0,0,0,0,0,0,0,0,0,25,0,0,0,0,0,0,2,2,2,0,0,0,0,0,0,0,0,0,0,0,0,0,0,0,0,0,0,0,0,0,0,0,0,0,0,0,0,0,0,0,1,0,0,0,0,0,0,0,0,0,0,1
2020-09-24,0,0,0,0,0,1,0,0,0,0,0,0,43,0,0,0,0,0,0,0,2,0,0,0,0,0,0,1,0,0,0,0,0,0,0,0,0,0,0,0,0,0,1,0,0,0,0,0,2,0,0,0,0,0,0,0,0,0,2,0,0,0,0,0,0
2020-09-25,0,0,0,0,0,0,0,0,0,0,0,1,44,0,0,0,0,0,0,0,4,0,0,0,0,0,0,0,0,0,0,0,0,0,0,0,0,0,1,2,0,0,0,0,0,0,0,0,0,0,0,0,0,0,0,0,0,0,0,0,0,0,0,0,0
2020-09-26,0,0,0,0,0,0,0,0,0,0,0,0,14,0,0,0,0,0,0,0,5,1,0,0,0,0,0,0,0,0,0,0,0,0,0,0,0,0,0,0,0,0,0,0,0,0,0,0,0,0,0,0,0,0,0,0,0,0,0,1,0,0,0,0,0
2020-09-27,0,0,0,0,0,0,0,1,0,0,0,0,30,0,0,1,0,0,0,0,2,0,1,0,0,0,0,0,0,0,0,0,0,0,0,0,0,0,0,0,0,0,0,0,0,0,0,0,0,0,0,0,0,0,0,0,0,0,0,0,0,0,0,0,0
2020-09-28,1,0,0,0,0,0,0,1,0,0,0,0,32,0,0,0,0,1,0,0,3,0,0,0,0,0,0,0,0,0,0,0,0,0,0,0,0,0,0,0,0,0,0,0,0,0,0,0,0,0,0,0,0,0,0,0,0,0,0,0,0,0,0,0,0
2020-09-29,0,0,0,0,0,0,0,0,0,0,0,1,42,1,0,0,0,0,0,0,6,0,1,0,0,0,0,0,0,2,0,0,0,0,0,0,0,0,1,0,0,0,0,0,0,0,0,0,0,0,0,0,0,0,0,0,0,0,0,0,0,0,0,0,0
2020-09-30,0,0,0,0,0,0,0,0,0,0,0,0,35,0,0,0,0,1,0,0,4,0,0,0,0,0,0,1,0,0,0,0,0,0,0,0,0,0,0,0,0,0,0,0,0,0,1,0,0,0,0,0,0,0,0,0,0,0,0,0,0,0,0,0,0
2020-10-01,1,0,0,0,1,0,0,0,0,0,0,2,30,0,0,0,0,1,0,0,2,0,0,0,0,0,0,0,0,0,0,0,1,0,0,0,0,0,0,0,0,0,0,0,0,0,0,0,0,1,0,0,0,0,0,0,0,0,0,0,0,0,0,0,0
2020-10-02,0,0,2,0,0,0,0,0,0,0,0,1,24,0,0,0,0,1,0,0,2,0,0,0,0,0,0,1,0,0,0,0,0,0,0,0,0,0,0,0,0,0,0,0,1,0,0,0,0,0,0,0,0,0,0,0,0,0,0,0,0,0,0,0,0
2020-10-03,0,0,0,0,1,0,0,0,0,0,0,0,21,0,0,0,0,0,0,0,8,0,0,0,0,0,0,0,0,0,0,0,1,0,0,0,0,0,0,0,0,0,0,0,0,0,0,0,0,0,0,0,0,0,0,0,0,0,0,0,0,0,0,0,0
2020-10-04,0,0,0,0,0,0,0,0,0,0,0,0,20,0,0,1,0,0,0,0,5,0,0,0,0,0,0,0,0,1,0,0,0,0,0,0,0,0,0,0,0,0,0,0,0,0,0,0,0,0,0,0,0,0,0,0,0,0,0,1,0,0,0,0,0
2020-10-05,0,0,0,0,1,0,0,0,0,0,0,0,21,0,0,1,0,0,0,0,3,0,0,0,0,0,0,0,0,0,0,0,0,0,0,0,0,0,0,0,0,0,0,0,0,1,0,0,0,0,0,0,0,0,0,0,0,0,0,0,0,0,0,0,0
2020-10-06,0,0,0,0,0,1,0,0,0,0,0,0,31,0,0,0,0,0,0,0,1,0,0,0,0,0,0,0,0,0,0,0,0,0,0,0,0,0,0,0,0,0,0,0,1,0,0,0,0,0,0,0,0,0,0,0,0,0,0,0,0,0,0,0,0
2020-10-07,0,0,2,0,0,0,0,0,0,0,0,0,28,0,0,0,0,1,0,1,4,0,0,0,0,0,0,0,0,0,0,0,0,0,0,0,1,0,0,0,0,0,0,0,0,0,0,0,0,0,0,0,0,0,0,0,0,0,0,1,0,0,0,0,0
2020-10-08,0,0,0,0,0,0,0,0,0,0,0,0,32,0,0,0,0,1,0,0,2,0,0,0,0,0,0,0,0,0,0,0,0,0,0,0,0,0,0,0,0,0,0,0,0,0,0,0,0,0,0,0,0,0,0,0,0,0,0,0,0,0,0,0,0
2020-10-09,0,0,0,0,0,0,0,0,0,0,0,1,20,0,0,0,0,0,0,0,1,1,0,0,0,0,0,0,0,0,0,0,0,0,0,0,0,0,0,0,1,0,0,0,0,0,0,0,0,0,0,0,0,0,0,1,0,0,0,0,0,0,0,0,0
2020-10-10,0,0,0,0,0,0,0,0,0,0,0,0,18,0,0,0,0,0,0,0,2,0,0,0,0,0,0,0,0,0,0,0,0,0,0,0,0,0,0,0,0,0,0,0,0,0,1,0,0,0,0,0,0,0,0,0,0,0,0,0,0,0,0,0,0
2020-10-11,0,0,0,0,0,1,0,0,0,0,0,0,15,0,0,0,0,0,0,0,0,1,0,0,0,0,0,0,0,0,0,0,0,0,0,0,0,0,0,0,0,0,0,0,0,0,1,0,0,0,0,0,0,0,0,0,0,0,0,0,0,0,0,0,0
2020-10-12,0,0,0,0,0,0,0,0,0,0,0,0,36,0,0,0,0,0,0,0,1,0,0,0,0,0,0,0,0,0,0,0,0,0,0,0,0,0,0,0,0,0,1,0,0,0,0,1,0,0,0,0,0,0,0,0,0,0,0,0,0,0,0,0,0
2020-10-13,0,0,0,0,0,0,0,0,0,0,0,0,21,0,0,0,0,0,0,0,4,0,0,0,0,1,0,0,0,0,0,0,0,0,0,0,0,0,0,1,0,0,0,0,0,0,0,0,0,0,0,0,0,0,0,0,0,0,0,0,0,0,0,0,2
2020-10-14,0,0,0,0,0,0,0,0,0,0,0,0,33,0,0,0,0,0,0,0,6,0,0,0,0,0,0,0,0,0,0,0,0,0,0,0,0,0,0,0,0,0,0,0,0,0,0,0,0,0,0,0,0,0,0,0,0,0,0,0,0,0,0,0,0
2020-10-15,0,0,0,0,0,0,0,0,0,0,0,0,16,0,0,0,0,0,0,1,5,0,0,0,0,0,0,0,0,0,0,0,0,0,0,0,0,0,0,0,0,0,0,0,0,0,0,0,0,0,0,0,0,0,0,0,0,0,0,0,0,0,0,0,0
2020-10-16,0,0,0,0,0,0,0,0,0,0,0,0,25,0,0,0,0,0,0,0,3,0,0,0,0,0,0,0,0,0,0,0,0,0,0,0,0,0,0,0,0,0,0,0,0,0,0,0,0,0,0,0,0,0,0,0,0,0,0,0,0,0,0,0,0
2020-10-17,0,0,1,0,0,0,0,0,0,0,0,0,18,0,0,0,0,0,0,1,1,0,0,0,0,0,0,0,0,0,0,0,0,0,0,0,0,0,0,0,0,0,0,0,0,0,0,0,0,1,0,0,0,0,0,0,0,0,0,1,0,0,0,0,0
2020-10-18,0,0,0,0,0,0,0,0,0,0,0,0,23,0,0,0,0,1,0,0,1,0,0,0,0,0,1,0,0,0,0,1,0,0,0,0,0,0,0,0,0,0,0,0,0,0,0,1,0,0,0,0,0,0,0,0,1,0,0,1,2,0,0,0,0
2020-10-19,0,0,0,2,0,0,0,0,0,0,0,0,17,0,0,0,0,0,0,0,4,0,0,0,0,0,0,1,0,0,0,0,0,0,0,0,0,0,0,0,0,0,0,0,0,0,0,0,0,0,1,0,0,0,0,0,0,0,0,0,0,0,0,0,0
2020-10-20,0,0,0,0,0,0,0,2,0,0,0,0,37,0,0,0,0,0,0,0,2,0,0,0,0,0,0,0,0,0,0,0,1,0,0,0,0,2,0,0,0,0,0,0,0,0,0,0,0,0,0,0,0,0,0,0,0,0,0,1,0,0,0,0,0
2020-10-21,0,0,0,0,0,0,0,0,0,0,0,0,38,0,0,0,0,0,0,0,2,0,0,1,0,0,0,0,0,0,0,0,0,0,0,0,0,0,0,0,0,0,0,0,0,0,0,0,0,0,0,0,0,0,0,0,0,0,0,0,0,0,0,0,0
2020-10-22,0,0,0,0,0,0,0,0,1,0,0,0,18,0,0,0,0,1,0,0,4,0,0,0,0,0,0,0,0,1,0,0,0,0,0,0,0,0,0,0,0,0,0,0,0,0,0,0,0,0,0,0,0,0,0,0,0,0,0,0,0,0,0,0,0
2020-10-23,0,0,0,0,0,0,0,0,1,0,0,0,34,0,0,0,0,0,0,0,2,0,0,0,0,0,0,0,0,0,0,0,0,0,0,0,0,0,0,0,0,0,0,0,0,1,0,0,0,0,0,0,0,0,0,0,1,0,0,0,0,0,0,0,0
2020-10-24,0,0,0,0,0,0,0,0,0,0,0,0,30,0,0,0,0,0,0,0,4,0,0,0,0,0,0,0,0,0,0,0,0,0,0,0,0,0,0,0,0,0,0,0,0,0,0,1,0,0,0,0,0,0,0,0,0,0,0,0,0,0,0,0,0
2020-10-25,0,0,0,0,0,0,0,0,0,0,0,0,27,0,0,0,0,0,0,0,7,0,0,0,0,0,0,0,0,0,0,0,0,0,0,0,0,0,0,0,0,0,0,0,0,0,0,0,0,0,0,0,0,0,0,0,0,0,0,0,0,0,0,0,0
2020-10-26,0,0,0,0,1,1,0,0,0,0,0,0,23,0,1,0,0,1,1,0,2,0,0,0,0,0,0,0,0,0,0,0,0,0,0,0,0,0,0,0,0,0,0,0,0,0,0,0,0,0,0,0,0,0,0,0,0,0,0,0,0,0,0,0,0
2020-10-27,0,0,0,0,1,0,0,0,0,0,0,0,27,0,0,0,0,0,0,0,6,0,0,0,0,0,0,0,0,0,0,0,0,0,0,0,0,0,0,0,0,0,0,0,0,0,0,0,0,0,0,0,0,0,0,0,0,0,0,0,0,0,0,0,0
2020-10-28,0,0,0,0,0,0,0,1,0,0,0,0,36,0,1,0,0,1,0,0,4,0,0,0,0,0,0,0,0,0,0,0,0,0,0,0,0,1,0,0,0,0,1,0,0,0,0,0,0,0,0,0,0,0,0,0,0,0,0,0,0,0,0,0,0
2020-10-29,0,0,0,0,0,0,0,0,0,0,0,0,22,0,0,0,0,1,0,0,2,0,0,0,0,0,0,0,0,0,0,0,0,0,0,0,0,1,0,0,0,0,0,0,0,0,0,0,0,0,0,0,0,0,0,0,0,0,0,0,0,0,1,0,1
2020-10-30,0,0,0,0,0,0,0,1,0,0,1,0,25,0,0,0,0,0,1,0,2,0,0,1,0,0,0,0,0,0,0,0,0,0,0,0,0,2,0,0,0,0,0,0,0,0,0,0,0,0,0,0,0,0,0,0,0,0,0,0,0,0,0,0,0
2020-10-31,0,0,0,0,0,0,0,0,0,0,0,0,28,0,0,0,0,0,0,0,5,0,0,0,0,0,0,0,0,0,0,0,0,0,0,0,0,0,0,0,0,0,0,0,0,0,0,0,0,0,0,1,0,0,0,0,0,0,0,1,0,0,0,0,0
2020-11-01,0,0,1,0,0,0,0,1,0,0,0,0,29,0,0,0,0,0,0,0,7,0,1,0,0,0,0,0,0,0,0,0,0,0,0,1,0,0,0,0,0,1,0,0,0,0,0,0,0,0,0,0,0,0,0,0,0,0,0,0,0,0,0,0,0
2020-11-02,0,0,1,0,0,0,0,0,0,0,0,0,18,0,1,0,0,1,0,1,2,0,0,0,0,0,0,0,0,0,0,0,0,0,0,0,0,0,0,0,0,0,0,0,0,0,0,0,0,0,0,0,0,0,0,0,0,0,0,0,0,0,0,0,0
2020-11-03,0,0,0,0,0,0,0,1,0,0,0,0,23,0,0,0,0,0,0,0,4,0,0,0,0,0,0,0,0,0,0,0,0,0,0,0,0,0,0,0,0,0,0,0,0,0,0,0,0,0,0,0,0,0,0,0,0,0,0,0,0,0,0,0,0
2020-11-04,1,0,1,0,0,0,0,1,0,0,0,0,24,0,0,0,0,0,0,0,4,0,0,0,0,0,0,0,0,0,0,0,0,0,0,0,0,1,0,0,0,0,0,0,0,0,0,0,0,0,0,0,0,0,0,0,0,0,0,0,0,0,0,0,0
2020-11-05,0,0,0,0,0,0,0,0,0,0,0,0,20,0,0,1,0,0,0,0,4,1,0,0,0,0,0,0,0,0,0,0,0,0,0,0,0,0,0,0,0,0,0,0,0,0,0,0,0,0,0,0,0,0,0,0,0,0,0,0,0,0,0,0,0
2020-11-06,0,1,0,0,0,0,0,0,0,0,0,0,28,0,0,1,0,0,0,0,4,0,0,0,0,0,0,0,0,0,0,0,0,0,0,0,0,0,0,0,0,0,0,0,0,0,0,0,2,0,0,1,0,0,0,0,0,0,0,0,0,0,0,0,0
2020-11-07,0,0,0,0,0,0,0,0,0,0,0,0,29,0,0,0,0,0,0,0,4,0,0,0,0,0,0,0,0,0,0,0,0,0,0,0,1,0,0,0,0,0,0,0,0,0,0,0,0,0,0,0,0,0,0,0,0,0,0,1,0,0,1,0,0
2020-11-08,0,0,0,0,0,0,0,0,0,0,0,0,34,0,0,0,0,0,0,0,2,0,0,1,0,0,0,0,0,0,0,0,0,0,0,0,1,0,0,0,0,0,0,0,0,0,0,0,0,0,0,0,1,0,0,0,0,0,0,0,0,0,0,0,0
2020-11-09,0,0,0,0,2,0,0,0,0,0,0,0,37,0,0,0,0,0,0,0,3,0,0,0,0,0,0,0,0,0,0,0,0,0,0,0,0,0,0,0,0,0,0,0,0,0,1,0,0,0,0,0,0,0,0,0,0,0,0,0,0,0,0,0,0
2020-11-10,0,0,0,0,0,0,0,0,0,0,0,0,33,0,0,0,0,0,0,0,4,0,0,0,1,0,0,0,0,0,0,0,0,0,0,0,0,0,0,0,0,0,0,0,0,0,0,0,0,1,0,0,0,0,0,0,0,0,0,0,0,0,0,0,1
2020-11-11,0,0,0,0,0,0,0,1,0,0,0,0,22,0,0,0,0,1,0,0,3,0,0,0,0,0,0,0,0,0,0,0,0,0,1,0,0,0,0,1,0,0,0,0,0,0,0,0,0,0,0,0,0,0,0,0,0,0,0,0,0,0,0,0,0
2020-11-12,0,0,2,0,0,0,0,0,0,0,0,0,38,0,0,0,0,0,0,0,6,0,0,0,0,0,0,0,0,0,0,0,0,0,0,0,0,0,0,0,1,0,0,0,0,0,0,0,0,0,0,1,0,0,0,0,0,0,0,0,0,0,0,0,0
2020-11-13,0,0,0,0,0,0,0,0,0,0,0,0,27,0,0,0,0,0,0,0,4,0,0,0,0,0,0,0,0,0,0,1,0,0,0,0,0,0,0,0,0,0,0,0,0,0,0,0,0,0,0,0,0,0,0,0,0,0,0,0,0,0,0,0,0
2020-11-14,0,0,0,0,0,0,0,0,0,0,0,0,24,0,0,0,0,0,0,0,5,0,0,0,0,0,0,0,0,0,0,0,0,0,0,0,1,0,0,0,0,0,0,0,0,0,0,0,0,0,0,0,0,0,0,0,0,0,0,0,0,0,0,0,0
2020-11-15,0,0,0,0,1,1,0,0,0,0,0,0,31,0,0,0,0,0,0,0,2,0,0,0,0,0,0,0,0,0,0,0,0,0,0,0,0,0,0,1,0,1,0,0,1,0,0,0,0,0,0,0,0,0,0,0,0,0,0,0,0,0,1,0,0
2020-11-16,0,0,0,0,0,0,0,0,0,0,0,0,27,0,0,0,0,0,0,0,3,0,0,0,0,2,0,0,0,0,0,0,0,0,0,0,0,0,0,0,0,0,0,0,0,0,0,1,0,0,0,0,0,0,0,0,0,0,0,1,0,0,0,0,0
2020-11-17,0,0,0,0,0,0,0,0,0,0,0,0,29,0,0,0,0,0,0,0,4,0,0,0,0,0,0,0,0,0,0,0,1,0,0,0,0,0,0,1,0,0,0,0,0,0,0,0,0,1,0,0,0,0,0,0,0,0,0,1,0,0,0,0,0
2020-11-18,0,1,1,0,0,0,0,0,0,0,0,0,31,0,0,0,0,0,0,0,4,0,0,0,0,0,0,0,0,0,0,0,1,0,0,0,0,1,0,0,0,0,0,0,0,0,0,0,0,0,0,0,0,0,0,0,0,0,0,0,0,0,0,0,0
2020-11-19,0,0,0,0,0,0,0,0,0,0,0,0,41,0,0,0,0,0,0,0,2,1,0,0,0,0,0,0,0,0,0,0,0,0,0,0,0,1,0,0,0,0,0,0,0,0,0,0,0,0,0,0,0,0,0,0,0,0,0,1,0,0,0,0,0
2020-11-20,0,0,0,0,0,0,0,0,0,0,0,0,33,0,0,0,0,0,0,1,5,0,0,0,0,0,0,0,0,0,0,0,0,0,0,0,0,0,0,0,0,0,0,0,0,0,0,0,0,0,0,0,0,0,0,0,0,0,0,0,0,0,0,0,0
2020-11-21,0,0,0,0,0,0,0,0,0,0,0,0,26,0,0,0,0,0,0,0,2,0,0,0,0,0,0,0,0,0,0,0,0,0,0,1,0,0,0,0,0,0,0,0,0,0,0,0,0,0,0,0,0,0,0,0,0,0,0,0,0,0,0,0,0
2020-11-22,0,0,0,0,0,0,0,0,0,0,0,0,34,0,0,0,0,1,0,0,8,0,0,0,2,0,0,0,0,1,0,0,0,0,0,0,0,0,0,0,0,0,0,0,0,1,0,0,0,0,0,0,0,0,0,0,0,0,1,0,0,0,0,0,0
2020-11-23,0,0,0,0,0,0,0,0,0,0,0,0,46,0,0,0,0,0,0,0,10,0,0,0,0,0,0,0,0,0,0,0,1,0,0,0,1,0,0,0,0,0,0,0,0,0,0,0,0,0,0,0,1,0,0,0,0,0,0,0,0,0,1,0,0
2020-11-24,0,0,0,0,0,0,0,0,0,1,0,0,45,0,0,1,0,0,0,0,6,0,0,0,0,0,0,0,0,0,0,0,0,0,0,0,0,0,0,0,0,0,0,0,0,0,0,0,1,1,0,0,0,0,0,0,0,0,0,0,0,0,0,0,0
2020-11-25,0,0,0,0,1,0,0,1,1,0,0,0,37,0,0,0,0,0,0,0,3,0,0,0,0,0,0,0,0,0,0,0,0,0,1,0,0,0,0,0,1,0,0,0,0,0,0,0,0,0,0,0,0,0,0,0,0,0,0,0,0,0,1,0,1
2020-11-26,0,0,0,0,0,0,0,0,0,0,0,0,33,0,0,0,0,0,0,0,4,0,0,0,0,0,0,0,0,0,0,0,0,0,0,0,0,0,0,0,0,0,0,0,0,0,0,0,0,0,1,0,0,1,0,1,0,0,0,0,0,0,0,0,0
2020-11-27,0,0,0,0,0,0,0,0,0,0,0,0,19,0,0,0,0,0,0,0,4,0,0,0,0,1,0,0,0,0,0,0,0,0,0,0,0,0,0,0,0,0,0,0,0,4,0,0,0,0,0,0,0,0,0,0,0,0,0,0,0,0,0,0,0
2020-11-28,0,0,0,0,0,0,0,0,0,0,0,0,27,0,0,0,0,1,0,0,5,0,0,0,0,0,0,0,0,0,0,0,0,0,0,0,0,0,0,0,0,0,0,0,0,0,0,0,0,0,0,0,0,0,0,0,0,1,0,1,0,0,0,0,0
2020-11-29,0,0,0,0,0,0,0,0,0,0,0,0,39,0,0,0,0,0,0,0,7,0,0,0,0,0,0,0,0,1,0,0,0,0,0,0,0,0,0,0,0,0,0,0,0,0,0,0,0,0,0,0,0,1,0,0,0,0,0,0,0,1,0,0,0
2020-11-30,0,0,0,0,0,0,0,0,0,0,0,0,38,0,0,0,0,0,0,0,6,0,0,0,0,0,0,0,0,0,0,0,0,0,0,0,0,0,0,0,0,0,0,0,0,0,0,0,0,0,0,1,0,0,0,0,0,0,0,1,0,0,0,0,0
2020-12-01,0,0,0,0,0,0,0,0,0,1,1,0,37,0,0,0,0,0,0,0,7,0,0,0,0,0,0,0,0,0,0,0,1,0,0,0,0,0,0,0,0,0,0,0,0,0,0,0,0,0,0,0,0,0,0,0,0,0,0,0,0,0,0,0,0
2020-12-02,0,0,2,0,0,0,0,1,0,0,0,0,39,0,0,0,0,1,0,0,5,0,0,0,0,0,0,0,0,0,0,0,0,0,0,0,0,0,0,0,0,0,0,0,0,0,0,0,0,0,0,0,0,1,0,0,0,1,0,0,0,0,0,0,0
2020-12-03,0,0,1,0,0,0,1,1,0,0,0,0,28,0,0,0,0,1,0,0,4,0,0,0,0,0,0,0,0,0,0,0,1,0,0,0,0,0,0,0,0,1,0,0,0,0,0,0,0,0,0,0,0,0,0,0,0,0,0,1,0,0,0,0,0
2020-12-04,0,0,0,0,0,0,0,0,0,0,0,0,27,0,0,0,0,0,0,0,3,0,0,0,0,0,0,0,0,0,0,0,0,0,0,0,0,0,0,0,0,0,0,0,0,1,0,0,0,0,0,0,0,0,0,0,0,0,0,0,0,0,0,0,0
2020-12-05,0,0,0,0,0,0,0,0,0,0,0,0,24,0,0,0,0,0,0,0,0,0,0,0,0,0,0,0,0,0,0,0,1,0,0,0,0,0,0,0,0,0,0,0,0,0,0,0,0,0,0,0,0,0,0,0,0,0,0,0,0,0,0,0,0
2020-12-06,0,0,1,0,0,0,0,0,0,0,0,0,21,0,0,2,0,1,0,0,3,0,0,0,0,0,0,0,0,1,0,0,0,0,0,0,0,0,0,0,0,0,0,0,0,0,0,0,0,0,0,0,0,0,0,0,0,0,0,0,0,0,0,0,0
2020-12-07,0,0,1,0,0,0,0,0,0,0,0,0,22,0,0,0,0,0,0,0,5,0,0,0,1,0,0,0,0,0,0,0,0,0,0,0,0,0,0,0,0,0,0,0,0,0,0,0,0,0,0,0,0,0,0,0,0,0,0,0,0,0,0,0,0
2020-12-08,0,0,0,0,0,0,0,0,0,0,0,0,33,0,0,0,0,0,1,0,3,0,0,0,0,0,0,0,0,0,0,0,0,0,0,0,0,0,0,0,0,0,0,0,0,0,0,0,0,0,0,0,0,1,0,0,0,0,0,0,0,0,0,0,0
2020-12-09,0,0,0,0,0,0,0,0,0,0,0,0,25,0,0,0,0,0,0,0,8,0,0,0,0,0,0,1,0,0,0,0,0,0,0,0,0,0,0,0,0,1,0,0,0,0,0,1,0,0,0,0,0,0,0,0,0,0,0,0,0,0,0,0,0
2020-12-10,0,0,0,0,0,0,0,1,0,0,0,0,24,0,0,0,0,0,0,0,5,0,0,0,0,0,0,3,0,1,0,0,0,0,0,0,0,0,0,0,0,0,0,0,0,0,0,0,0,0,0,0,0,0,0,0,0,0,0,1,0,0,0,0,0
2020-12-11,0,0,1,0,0,0,0,0,0,0,0,0,19,0,0,0,0,1,0,0,2,0,0,0,0,0,0,0,0,0,0,0,0,0,0,1,0,0,0,0,0,0,0,0,0,0,0,0,0,0,0,0,0,0,0,0,0,0,0,0,0,0,0,0,0
2020-12-12,0,0,0,0,0,0,0,0,0,0,0,0,14,0,0,0,0,0,0,0,1,0,0,1,0,0,0,0,0,0,0,0,0,0,0,0,0,0,0,0,0,0,0,0,0,0,1,0,0,0,0,0,0,0,0,0,0,0,0,1,0,0,0,0,0
2020-12-13,0,0,0,0,0,0,0,0,0,0,0,0,17,0,0,0,0,0,0,0,3,0,0,0,0,0,0,1,0,0,0,0,0,0,0,0,0,0,0,0,0,0,1,0,0,0,0,0,0,0,0,0,0,0,0,0,0,0,0,0,0,0,0,0,0
2020-12-14,0,0,0,0,0,0,0,0,0,0,0,0,19,0,0,0,0,1,0,0,1,0,0,0,0,0,0,0,0,0,0,0,1,0,0,0,0,0,0,0,0,0,0,0,0,0,0,0,0,0,0,0,0,0,0,0,0,0,0,0,0,0,0,0,0
2020-12-15,0,0,0,0,0,0,0,0,0,0,1,0,20,0,0,0,0,0,0,0,2,0,0,0,0,0,0,0,0,0,0,0,0,0,0,0,0,0,0,0,0,0,0,0,0,0,0,0,0,0,0,0,0,0,0,0,0,0,0,0,0,0,0,0,0
2020-12-16,0,0,0,0,0,0,0,0,0,0,0,0,18,0,0,0,0,0,0,0,1,0,0,0,0,0,0,0,0,0,0,0,1,0,0,0,0,0,0,0,0,0,0,0,0,0,0,0,0,0,0,0,0,0,0,0,0,0,0,0,0,0,0,0,0
2020-12-17,0,0,0,0,0,0,0,0,0,0,0,0,15,0,0,0,0,0,0,0,7,0,0,0,0,0,1,0,0,0,0,0,0,0,0,0,0,0,0,0,0,0,0,0,0,0,0,0,0,0,0,0,0,0,0,0,0,0,0,0,0,0,1,0,0
2020-12-18,0,0,0,0,0,0,0,0,0,0,0,0,15,0,0,0,0,0,0,0,0,0,0,0,0,0,0,0,0,0,0,0,1,0,0,0,1,0,0,0,0,0,0,0,0,0,0,0,0,0,0,0,0,0,0,0,0,0,0,0,1,0,0,0,0
2020-12-19,0,0,0,0,0,0,0,0,0,0,0,0,9,0,0,0,0,0,0,0,3,0,0,0,0,0,0,0,0,0,0,0,0,0,0,0,0,0,0,0,0,0,0,0,0,0,0,0,0,0,0,0,0,0,0,0,0,0,0,0,0,0,0,0,0
2020-12-20,0,0,0,0,0,0,0,0,0,0,0,0,5,0,0,0,0,0,0,0,1,0,0,0,0,0,0,0,0,0,0,0,0,0,0,0,0,0,1,0,0,0,0,0,0,0,0,0,0,0,0,0,0,0,0,0,0,0,0,1,0,0,0,0,0
2020-12-21,0,0,0,0,0,0,0,0,0,0,0,0,12,0,0,0,0,0,0,0,4,0,0,0,0,0,0,0,0,0,0,0,0,0,0,0,0,0,0,0,0,0,0,0,0,0,0,0,0,0,1,0,0,0,0,0,0,0,0,2,0,0,0,0,0
2020-12-22,0,0,0,0,0,0,0,0,0,0,0,0,14,0,0,0,0,0,0,0,3,0,0,0,0,0,0,0,0,0,0,0,0,0,0,1,0,0,0,0,0,0,0,0,0,0,0,0,0,0,0,0,0,0,0,0,0,0,0,0,0,0,0,0,0
2020-12-23,0,0,0,0,0,0,0,0,0,0,0,0,17,0,0,0,0,1,0,0,2,0,0,0,0,0,0,0,0,0,0,0,0,0,0,0,0,0,0,0,0,0,0,0,0,0,0,0,0,0,0,0,0,0,0,0,0,0,0,0,0,0,0,0,0
2020-12-24,0,0,0,0,0,0,0,0,0,0,0,0,21,0,0,0,0,0,0,0,1,0,0,0,0,0,0,2,0,2,0,0,0,0,0,0,0,0,0,0,0,0,0,0,0,1,0,0,0,0,0,0,0,1,0,0,0,0,0,0,0,0,0,0,0
2020-12-25,0,0,1,0,0,0,0,0,0,0,0,0,21,0,0,0,0,0,0,0,3,0,0,0,0,0,0,0,0,0,0,0,0,0,0,0,0,0,0,0,0,0,0,0,0,0,0,0,0,0,0,0,0,0,0,0,0,0,0,1,0,0,0,0,0
2020-12-26,0,0,0,0,0,0,0,0,0,0,0,0,17,0,0,0,0,1,0,0,3,0,0,0,0,0,0,0,0,0,0,0,0,0,0,0,0,0,1,0,0,0,0,0,0,0,0,0,0,0,0,0,0,0,0,0,0,0,0,0,0,0,0,0,0
2020-12-27,0,0,0,0,0,0,0,0,0,0,0,0,22,0,0,0,0,1,0,0,2,0,0,1,0,0,0,1,0,0,0,0,0,0,0,0,0,0,0,0,0,0,0,0,0,0,0,0,0,0,0,0,0,0,0,0,1,0,0,0,0,0,0,0,0
2020-12-28,0,0,0,0,0,0,0,0,0,0,0,0,18,0,0,0,0,0,0,0,1,0,0,0,0,0,1,1,0,0,0,0,0,0,0,0,0,0,0,0,1,0,0,0,0,0,0,0,0,0,0,0,0,0,0,0,0,0,0,0,0,0,0,0,0
2020-12-29,0,0,0,0,0,0,0,0,0,0,0,0,19,0,0,0,0,0,0,0,1,0,0,0,0,0,0,0,0,0,0,0,0,0,0,0,0,0,0,0,0,0,0,0,0,0,0,0,0,0,0,0,0,0,0,1,1,0,0,0,0,0,0,0,0
2020-12-30,0,0,1,0,0,0,0,0,0,0,0,0,25,0,0,1,0,0,0,0,3,0,0,0,0,0,0,0,0,1,0,0,0,0,0,0,0,0,0,0,0,0,0,0,0,0,0,0,0,0,0,0,0,0,0,0,0,0,0,0,0,0,0,0,0
2020-12-31,0,0,0,0,0,0,0,0,0,0,0,0,11,0,0,0,0,1,0,0,4,0,0,1,0,0,0,0,0,0,0,0,0,0,0,0,0,0,0,0,0,0,0,0,0,0,0,0,0,0,0,0,0,0,0,0,0,0,0,0,0,0,0,0,0
2021-01-01,0,0,0,0,0,0,0,0,0,0,0,0,6,0,0,0,0,0,0,0,2,0,0,0,0,0,0,0,0,0,0,0,0,0,0,0,0,0,0,0,0,0,0,0,0,0,0,0,0,0,0,0,0,0,0,0,0,0,0,0,0,0,0,0,0
2021-01-02,0,0,0,0,0,0,0,0,0,0,0,0,11,0,0,0,0,0,0,0,2,0,0,0,2,0,0,0,0,0,0,0,0,0,0,0,0,0,0,0,0,0,0,0,0,0,0,0,0,0,0,0,0,0,0,0,0,0,0,0,0,0,0,0,0
2021-01-03,0,0,0,0,0,0,0,0,0,0,0,0,15,0,0,0,0,0,0,0,2,0,0,1,0,1,0,0,0,0,0,0,1,0,0,0,0,0,0,0,0,0,0,0,0,0,1,1,0,0,0,0,0,0,0,0,0,0,0,0,0,0,0,0,0
2021-01-04,0,0,1,0,0,0,0,0,0,0,0,0,24,0,0,0,0,0,0,0,1,0,0,0,0,0,0,1,0,0,0,0,1,0,0,0,0,0,0,0,0,0,0,0,0,0,0,0,0,0,0,0,0,0,0,0,0,0,0,0,0,0,0,0,0
2021-01-05,0,0,0,0,0,0,0,0,0,0,0,0,24,0,0,0,0,3,0,0,3,0,0,0,0,0,0,0,0,0,0,0,0,0,0,0,0,0,0,0,0,0,0,0,0,0,0,0,0,0,0,0,0,0,0,0,0,0,0,0,0,0,0,0,0
2021-01-06,0,0,0,0,0,0,0,1,0,0,0,1,15,0,0,0,0,0,0,0,4,0,0,0,0,0,0,0,0,0,0,0,0,0,0,0,0,1,0,0,0,0,0,0,0,0,0,0,0,0,0,0,0,0,0,0,0,0,0,0,0,0,0,0,0
2021-01-07,0,0,0,0,0,0,0,0,0,0,0,0,11,0,0,0,0,0,0,0,3,0,0,0,0,0,0,0,0,0,0,0,0,0,0,0,0,0,0,0,0,0,0,0,0,0,0,0,0,0,0,0,0,0,0,0,0,0,0,0,0,0,0,0,0
2021-01-08,0,0,0,0,0,0,0,0,0,0,0,0,12,0,0,0,0,1,0,0,0,0,0,0,0,0,0,0,0,0,0,0,0,0,0,0,0,0,0,0,0,0,0,0,0,0,0,0,0,0,0,0,0,0,0,0,0,0,0,0,0,0,0,0,0
2021-01-09,0,0,0,0,0,0,0,0,0,0,0,0,14,0,0,0,0,0,0,0,2,0,0,0,0,0,0,0,0,0,0,0,1,0,0,0,0,0,0,0,0,0,0,0,0,0,0,0,0,0,0,0,0,0,0,0,0,1,0,0,0,0,0,0,0
2021-01-10,0,0,1,0,0,0,0,0,0,0,1,0,18,0,0,0,0,0,0,0,2,0,0,0,0,0,0,0,0,0,0,0,0,0,0,0,0,0,0,0,0,0,0,0,0,0,0,0,0,0,0,0,0,0,0,0,0,0,0,0,0,0,0,0,0
2021-01-11,0,0,0,1,0,0,0,0,1,0,0,0,25,0,0,0,0,0,0,0,3,0,0,0,0,0,0,0,0,0,0,0,0,0,0,0,0,0,0,0,0,0,0,0,0,0,0,0,0,0,0,0,0,0,0,0,0,0,0,0,0,0,0,0,0
2021-01-12,0,0,0,0,0,0,0,0,0,0,0,0,9,0,0,0,0,0,1,0,3,0,0,0,0,0,0,0,0,0,0,0,0,0,0,0,0,0,0,0,0,0,0,0,0,0,0,0,0,0,0,0,0,0,0,0,0,0,0,0,0,0,0,0,0
2021-01-13,0,0,0,0,1,0,0,0,0,0,0,0,20,1,0,0,0,0,0,0,0,0,0,0,0,0,0,0,0,0,0,0,0,0,0,0,0,0,0,0,0,0,0,0,0,0,0,0,1,0,0,0,0,0,0,0,0,0,0,0,0,0,0,0,0
2021-01-14,0,0,0,0,0,0,0,0,0,0,0,0,11,0,0,0,0,0,0,0,1,2,0,0,0,0,1,0,0,0,0,0,0,0,0,0,0,1,0,0,0,0,0,0,0,0,0,0,0,0,1,0,0,0,0,0,0,0,0,0,0,0,0,0,0
2021-01-15,0,0,0,0,0,0,0,0,0,0,0,0,15,0,0,0,0,0,0,0,1,0,0,0,0,0,0,0,0,0,0,0,0,0,0,0,0,0,0,0,0,0,0,0,0,0,0,0,0,0,0,0,0,0,0,0,0,0,0,0,0,0,0,0,0
2021-01-16,0,0,0,0,1,1,0,0,0,0,0,0,16,0,0,0,0,0,0,0,0,1,0,0,0,0,0,0,0,0,0,0,0,0,0,0,0,0,0,0,0,0,0,0,0,0,0,0,0,0,0,0,0,0,0,0,0,0,0,0,0,0,0,0,0
2021-01-17,0,0,0,0,0,0,0,0,0,0,0,0,22,0,0,0,0,0,0,1,2,0,0,0,0,0,0,0,0,0,0,0,0,0,0,0,0,1,0,0,0,0,0,0,0,0,0,0,0,0,0,0,0,0,0,0,0,0,0,0,0,0,0,0,0
2021-01-18,0,0,0,0,0,0,0,0,0,0,0,0,15,0,0,0,0,0,0,0,0,0,0,0,0,0,0,0,0,1,0,0,0,0,0,0,0,0,0,0,0,0,0,0,0,0,0,0,0,0,0,0,0,0,0,0,0,0,0,0,0,0,0,0,0
2021-01-19,0,0,0,0,0,0,0,1,0,0,0,0,22,0,0,0,0,0,0,0,2,0,0,0,0,0,0,0,0,0,0,0,0,0,0,0,0,0,0,0,0,0,0,0,0,0,0,0,0,0,0,0,0,0,0,0,0,0,0,0,0,0,0,0,0
2021-01-20,0,0,0,0,0,0,0,0,0,0,0,0,11,0,0,0,0,0,0,0,0,0,0,0,0,0,0,0,0,0,0,0,0,0,0,0,0,1,0,0,0,0,0,0,0,0,0,0,0,0,0,0,0,0,0,0,0,0,0,0,0,0,0,0,0
2021-01-21,0,0,0,0,0,0,0,0,0,0,0,0,14,0,0,0,0,0,0,0,1,0,0,0,0,0,0,0,0,0,0,0,0,0,0,0,0,0,0,0,0,0,0,0,0,0,0,1,0,0,0,0,0,0,0,0,0,0,0,0,0,0,0,0,0
2021-01-22,0,0,0,0,0,0,0,0,0,0,0,0,5,0,0,0,0,0,0,0,1,0,0,0,0,0,0,0,0,0,0,0,0,0,0,0,0,0,0,0,0,0,0,0,0,0,0,0,0,0,0,0,0,0,0,0,0,0,0,1,0,0,0,0,0
2021-01-23,0,0,0,0,0,0,0,0,0,0,0,0,16,1,0,0,0,0,0,0,1,0,0,0,0,0,0,0,0,0,0,0,0,0,0,0,0,0,0,0,0,0,0,0,0,0,0,0,0,0,0,0,0,0,0,0,0,0,0,0,0,0,0,0,0
2021-01-24,0,0,0,0,0,0,0,1,0,0,0,0,12,0,0,0,0,0,0,0,2,0,0,0,0,0,0,0,0,0,0,0,0,0,0,0,0,0,0,0,0,0,0,0,0,0,0,0,0,0,0,0,0,0,0,0,0,0,0,0,0,0,0,0,0
2021-01-25,0,0,0,0,0,0,0,0,0,0,0,0,15,0,0,0,0,0,0,0,3,0,0,0,0,0,0,0,0,0,0,0,0,0,0,0,0,0,0,0,0,0,0,0,0,0,0,0,0,0,0,0,0,0,0,0,0,0,0,0,0,0,0,0,0
2021-01-26,1,0,0,0,0,0,0,0,0,0,0,0,11,0,0,0,0,0,0,0,2,0,0,0,0,0,0,0,0,0,0,0,0,0,0,0,0,0,0,0,0,0,0,0,0,0,0,0,0,0,0,0,0,0,0,0,0,0,0,0,0,0,0,0,0
2021-01-27,0,0,0,0,0,0,0,0,0,0,0,0,11,0,0,0,0,0,0,0,2,0,0,0,0,0,0,0,0,0,0,0,0,0,0,0,0,0,0,0,0,0,0,0,0,0,0,0,0,0,0,0,0,0,0,0,0,0,0,0,0,0,0,0,0
2021-01-28,1,0,1,0,0,0,0,0,0,0,0,0,6,0,0,0,0,0,0,0,1,0,0,0,0,0,0,0,0,0,0,0,0,0,0,0,0,0,0,0,0,0,0,0,0,0,0,0,0,0,0,0,0,0,0,0,0,0,0,0,0,0,0,0,1
2021-01-29,0,0,0,0,0,0,0,0,0,0,0,0,8,0,0,0,0,0,0,0,1,0,0,0,0,0,0,0,0,0,0,0,0,1,0,0,0,0,0,0,0,0,0,0,0,0,0,0,0,0,0,0,0,0,0,0,0,0,0,0,0,0,0,0,0
2021-01-30,0,0,1,0,0,0,0,0,0,0,0,0,7,0,0,0,0,0,0,0,1,0,0,0,0,0,0,0,0,0,0,0,0,0,0,0,0,0,0,0,0,0,0,0,0,0,0,0,0,0,0,0,0,0,0,0,0,0,0,0,0,1,1,0,0
2021-01-31,0,0,0,0,0,0,0,0,0,0,0,0,17,0,0,0,0,0,1,0,1,0,0,0,0,0,0,0,0,0,0,0,0,0,0,0,0,0,0,0,0,0,0,0,0,0,0,0,0,0,0,0,0,0,0,0,1,0,0,0,0,0,0,0,0
2021-02-01,1,0,0,0,0,0,0,0,0,0,0,0,8,0,0,0,0,0,0,0,0,0,0,0,0,0,0,0,0,0,0,0,0,0,0,0,0,0,0,0,0,0,0,0,0,0,0,0,0,0,0,0,0,0,0,0,0,0,0,0,0,0,0,0,0
2021-02-02,0,0,1,0,0,0,0,1,0,0,0,0,14,0,0,0,0,0,0,1,1,0,0,0,0,0,0,0,0,0,0,0,0,0,0,0,1,0,0,0,0,0,0,0,0,0,0,0,0,0,0,0,0,0,0,0,0,0,0,0,0,0,0,0,0
2021-02-03,0,0,0,0,0,0,0,0,0,0,0,0,11,0,0,0,0,0,0,0,1,0,0,0,0,0,0,0,0,0,0,0,0,0,0,0,0,0,0,0,0,0,0,0,0,0,0,0,0,0,0,0,0,0,0,0,0,0,0,0,0,0,0,0,1
2021-02-04,0,0,0,0,0,0,0,0,0,0,0,0,6,0,0,0,0,1,0,0,2,0,0,0,0,0,0,0,0,0,0,0,0,0,0,0,0,0,0,0,0,0,0,1,0,0,0,0,0,0,0,0,0,0,0,0,0,0,0,0,0,0,0,0,0
2021-02-05,0,0,0,0,0,0,0,0,0,0,0,0,9,0,0,0,0,0,0,0,2,0,0,0,0,0,0,0,0,0,0,0,0,0,0,0,0,0,0,0,0,0,0,0,0,0,0,0,0,0,0,0,0,0,0,0,0,0,0,0,0,0,0,0,0
2021-02-06,0,0,0,0,0,0,0,0,0,0,0,0,14,0,0,0,0,0,0,0,0,0,0,0,0,0,0,0,0,0,0,0,0,0,0,0,0,0,0,0,0,0,0,0,0,0,0,0,0,0,0,0,0,0,0,0,0,0,0,0,0,0,0,0,0
