date,Brahmanbaria,Satkhira,Chittagong,Magura,Kushtia,Chandpur,Panchagarh,Mymensingh,Nilphamari,Narail,Gopalganj,Manikganj,Unknown,Meherpur,Ã Â¦ÅÃ Â¦Â¾Ã Â¦Â®Ã Â¦Â¾Ã Â¦Â²Ã Â¦ÂªÃ Â§ÂÃ Â¦Â°,Feni,Noakhali,Barguna,Gazipur,Pirojpur,Jamalpur,Dhaka,Natore,Chuadanga,Madaripur,Jaipurhat,Bogra,Cox's Bazar,Naogaon,Narsingdi,Rangpur,Sunamganj,Bhola,Comilla,Khagrachhari,Rajbari,Dinajpur,Faridpur,Sylhet,Chapainawabganj,Rajshahi,Munshiganj,Pabna,Rangamati,Sherpur,Thakurgaon,Habiganj,Sirajganj,Jhenaidah,Netrokona,Bagerhat,Tangail,Barisal,Gaibandha,Kishoreganj,Bandarban,Kurigram,Shariatpur,Lalmonirhat,Lakshmipur,Narayanganj,Jessore,Maulvibazar,Khulna,Jhalokati,Patuakhali
2020-04-03,5,2,36,3,0,1,3,6,4,3,0,0,0,0,0,2,7,0,15,0,2,151,5,0,7,1,10,4,6,6,3,0,4,8,0,2,4,2,11,0,6,2,7,2,5,1,3,2,5,1,4,7,4,0,6,0,1,0,2,5,18,1,4,8,0,1
2020-04-04,18,7,94,0,14,15,1,12,15,2,8,5,0,3,0,6,16,1,19,5,6,478,0,5,3,6,22,17,10,12,9,1,4,21,4,5,9,7,29,3,9,1,16,1,2,5,9,23,7,10,1,20,5,11,7,2,2,2,1,3,56,12,4,16,1,2
2020-04-05,8,7,115,3,2,25,3,26,5,2,5,14,0,3,0,15,18,1,34,0,4,505,8,5,5,1,5,16,9,11,18,6,4,42,1,4,5,10,32,6,15,5,8,1,4,1,2,4,6,16,4,19,20,9,5,1,1,1,2,3,56,15,2,23,3,3
2020-04-06,16,12,164,11,8,11,3,27,10,5,17,9,0,2,0,20,17,7,56,8,25,1128,7,8,10,5,42,13,10,13,33,12,6,57,5,2,12,13,47,9,25,11,18,1,5,14,6,19,8,5,2,19,29,9,11,4,5,12,5,7,114,29,11,39,7,6
2020-04-07,7,7,45,7,3,3,1,12,6,4,6,2,0,1,0,5,9,0,19,1,2,281,3,0,3,2,6,11,1,9,3,3,4,16,2,2,7,9,12,0,14,6,12,2,0,3,1,8,4,5,1,6,13,2,7,0,0,5,0,2,31,11,4,23,0,0
2020-04-08,4,0,7,0,2,1,0,5,0,0,1,0,0,0,1,0,2,0,10,0,0,674,4,0,2,0,6,12,1,0,3,0,0,8,0,0,1,1,4,2,3,2,1,0,1,0,0,0,0,2,0,8,1,2,5,0,1,2,2,0,8,1,0,1,0,0
2020-04-09,3,3,32,3,3,9,3,15,1,0,1,6,0,1,0,4,7,0,19,0,4,236,2,2,5,5,4,1,8,12,10,0,2,13,4,4,5,9,11,0,7,5,6,1,4,4,3,8,5,3,2,14,8,2,7,1,1,1,1,3,29,4,0,7,4,3
2020-04-10,2,1,25,0,3,2,0,5,1,0,3,4,516,2,0,8,3,0,8,0,3,145,3,1,0,0,5,6,1,10,6,2,1,10,4,0,5,7,5,1,6,4,5,0,3,3,2,1,4,1,4,9,2,0,13,1,1,0,2,3,9,2,1,1,2,0
2020-04-11,1,1,16,1,6,1,0,4,2,1,0,0,1130,3,0,2,5,1,7,0,0,73,1,0,1,1,2,0,2,2,1,0,1,4,0,0,3,0,1,1,3,0,1,0,0,0,0,1,1,0,0,4,1,1,0,0,0,1,1,4,16,3,0,0,1,1
2020-04-12,3,2,19,1,2,0,0,8,0,1,0,1,1135,0,0,2,1,0,10,0,1,49,4,0,3,1,3,0,3,2,2,0,4,0,0,0,6,0,0,0,2,2,4,0,1,0,2,0,1,1,2,3,2,1,4,0,0,0,1,2,10,2,2,7,1,2
2020-04-13,6,1,8,0,0,2,2,2,0,1,3,2,812,1,0,4,1,0,4,0,2,99,1,3,0,0,1,1,3,9,4,0,0,7,0,0,2,0,4,1,2,0,1,0,0,2,0,5,1,10,0,3,0,1,1,0,0,2,0,0,12,1,2,3,0,0
2020-04-14,1,3,13,1,0,0,0,1,0,2,3,1,699,0,0,4,1,0,1,0,2,67,0,0,0,0,4,1,1,0,1,0,0,8,2,1,1,0,0,0,3,1,2,0,1,1,0,2,4,0,0,1,3,4,3,0,0,0,0,0,10,0,1,3,1,2
2020-04-15,0,3,11,2,0,1,1,4,4,0,2,1,663,0,0,3,2,0,5,0,1,68,0,0,0,1,3,3,4,3,0,0,0,2,1,0,0,0,2,1,1,0,0,0,0,1,0,4,0,0,0,1,0,2,2,0,1,0,0,1,7,2,0,1,0,0
2020-04-16,3,3,6,0,1,0,1,8,1,0,1,1,398,0,0,0,3,0,6,0,1,56,2,0,0,0,0,2,4,5,2,0,1,2,0,1,0,0,4,1,1,1,1,0,0,0,0,0,0,1,1,1,4,0,5,0,0,0,0,2,5,1,2,4,0,0
2020-04-17,3,1,18,0,2,5,0,3,2,0,0,3,634,1,0,2,0,0,10,1,2,92,0,1,0,1,4,5,3,0,3,0,0,2,2,0,0,0,1,3,1,1,2,0,1,0,0,7,0,1,7,1,6,0,3,0,0,0,0,0,12,3,0,4,1,0
2020-04-18,0,1,9,0,3,0,0,2,0,1,0,0,593,0,0,3,0,0,7,0,1,65,0,0,0,2,3,4,0,3,1,0,0,3,0,0,3,1,1,0,3,0,2,0,0,1,0,1,3,0,0,5,6,0,2,0,1,0,0,1,10,1,0,8,0,0
2020-04-19,3,2,8,0,1,2,0,5,0,0,0,1,448,0,0,1,1,0,9,2,1,56,0,0,0,0,1,3,3,2,5,0,1,3,0,1,2,1,2,0,2,1,2,0,0,3,0,3,0,0,1,0,0,0,2,0,0,0,0,1,5,0,0,0,0,1
2020-04-20,0,5,8,0,0,4,0,3,2,1,0,2,727,1,0,0,1,0,11,2,0,94,0,0,1,0,7,1,4,3,2,0,1,7,0,1,2,1,3,0,1,1,3,0,1,0,0,3,2,0,3,3,0,0,1,0,2,0,1,1,8,1,1,5,0,1
2020-04-21,4,0,12,0,2,3,0,3,0,0,1,1,856,0,0,3,4,1,19,0,1,119,1,0,7,1,3,6,0,1,2,0,2,3,0,0,2,1,5,1,1,1,5,0,1,0,3,2,1,1,1,7,2,0,8,0,1,0,1,1,12,1,4,4,0,2
2020-04-22,2,0,28,1,8,5,0,7,0,1,0,0,733,0,0,0,4,0,6,0,7,121,0,4,0,0,8,1,0,3,4,0,0,7,1,0,1,1,3,1,3,2,5,0,0,1,2,2,0,1,2,1,2,0,7,1,0,0,0,1,9,9,1,8,1,3
2020-04-23,1,1,15,0,1,1,0,5,0,1,2,4,600,0,0,0,4,0,12,1,1,105,1,0,0,0,6,0,0,1,4,1,0,5,0,0,2,0,7,0,3,2,1,1,0,1,1,3,5,0,0,6,1,2,5,0,2,0,1,1,10,3,0,3,0,0
2020-04-24,0,0,17,1,5,4,0,7,0,0,0,0,727,4,0,2,4,0,18,2,2,89,5,5,4,1,2,4,1,3,5,3,1,4,0,0,3,0,6,1,4,1,8,0,0,0,1,3,1,1,1,3,4,2,7,1,1,0,3,2,10,7,0,2,1,0
2020-04-25,2,0,2,0,2,1,2,1,1,1,0,1,497,1,0,0,4,0,9,0,4,73,0,0,2,1,7,2,2,2,4,0,0,10,0,0,3,1,4,1,3,2,5,2,0,1,0,0,0,0,0,7,3,0,1,0,0,0,4,0,7,1,0,3,0,0
2020-04-26,5,0,8,0,5,5,2,6,0,0,0,0,467,0,0,2,2,0,4,0,4,61,2,0,1,0,2,0,1,1,2,0,1,1,6,1,2,1,2,0,0,1,5,0,0,0,1,0,1,0,4,1,3,2,6,0,0,0,1,0,4,5,0,2,0,1
2020-04-27,0,2,8,0,3,3,0,7,1,0,1,2,437,4,0,1,1,0,5,0,1,99,0,1,0,0,4,1,1,2,6,0,0,5,0,2,2,2,1,0,0,0,0,0,0,1,1,1,2,0,0,3,0,1,1,0,0,3,0,0,3,4,1,2,0,0
2020-04-28,5,0,8,0,2,4,0,6,1,1,0,0,349,0,0,0,1,0,1,1,0,69,2,0,2,0,0,0,2,2,5,0,1,4,0,0,1,0,2,1,1,1,0,0,0,0,1,1,2,1,1,1,3,1,3,0,0,1,0,0,5,4,0,1,0,0
2020-04-29,0,0,5,0,2,3,0,1,0,0,1,0,365,1,0,0,3,0,13,0,1,78,1,0,0,0,4,0,0,2,3,0,3,10,0,0,1,1,2,1,0,0,0,0,0,0,0,0,2,0,0,0,4,2,1,1,0,0,0,0,3,3,0,3,3,0
2020-04-30,0,0,3,0,1,3,1,0,3,0,0,0,384,0,0,0,0,0,6,1,0,72,2,1,0,0,1,0,2,0,3,0,0,9,0,0,0,0,5,0,0,0,1,2,1,3,1,0,0,1,0,3,1,0,0,0,1,0,0,1,12,0,2,2,0,1
2020-05-01,0,0,10,1,1,3,0,2,0,0,6,0,369,0,0,0,4,0,5,0,0,71,1,0,0,0,3,0,2,4,3,0,1,2,0,0,0,1,1,0,1,4,3,1,0,0,0,0,0,0,0,0,1,0,0,0,0,0,0,0,3,2,0,2,0,1
2020-05-02,1,0,9,0,0,2,1,3,2,0,1,0,798,2,0,3,0,1,6,0,0,107,1,0,0,0,2,4,4,0,1,0,3,1,0,0,2,0,2,0,0,0,0,0,1,0,0,3,2,0,0,2,1,0,1,0,0,0,1,2,2,0,1,2,0,1
2020-05-03,0,1,5,0,4,1,0,1,0,0,2,0,390,0,0,1,4,0,5,0,0,63,1,1,0,0,2,0,3,1,3,0,1,0,0,1,0,2,3,0,0,1,0,0,0,0,0,0,0,1,1,0,0,0,3,0,1,1,1,0,5,0,0,1,0,0
2020-05-04,1,0,20,0,3,1,1,1,1,0,0,1,299,0,0,2,3,0,3,1,1,66,0,2,0,0,1,3,1,0,2,1,1,2,0,0,2,0,2,0,1,1,0,0,0,0,0,1,1,2,0,1,0,0,2,0,1,0,0,2,4,2,1,3,0,0
2020-05-05,4,2,11,0,0,4,0,3,0,0,0,0,246,0,0,0,1,0,7,0,0,79,1,0,0,0,1,2,1,1,3,1,0,4,0,0,1,2,5,0,2,1,1,2,0,0,0,0,2,0,1,1,3,1,0,0,0,0,0,1,4,1,1,4,1,0
2020-05-06,2,0,18,0,0,4,0,1,0,0,1,1,292,0,0,0,3,0,9,0,0,73,0,2,0,0,1,1,3,1,1,0,0,5,0,0,1,0,2,0,0,1,3,0,0,1,0,2,0,0,1,1,0,0,1,0,0,0,0,0,5,2,1,3,0,0
2020-05-07,1,0,8,0,2,2,0,2,0,0,0,0,318,1,0,1,0,0,6,0,1,87,0,0,0,0,3,4,1,1,2,1,1,6,1,2,4,3,0,1,2,0,1,1,0,0,0,1,0,0,4,0,3,0,1,1,0,0,0,2,13,1,0,1,0,0
2020-05-08,2,0,13,1,3,1,0,4,0,0,0,3,265,0,0,0,1,0,2,0,2,71,0,0,0,0,1,0,1,2,5,0,0,2,0,0,2,2,0,0,1,1,1,0,0,0,2,3,0,0,0,7,1,0,2,0,0,0,0,0,6,2,0,1,0,0
2020-05-09,1,1,3,0,0,1,0,0,0,0,0,1,226,0,0,1,2,0,0,0,1,54,2,0,1,1,1,0,1,2,0,0,0,1,0,0,5,0,2,0,0,1,0,0,0,0,0,0,1,1,1,0,2,0,0,1,0,0,0,0,10,1,0,2,0,0
2020-05-10,0,0,7,0,0,0,0,0,0,0,0,0,160,0,0,1,4,1,7,0,0,47,0,0,0,0,0,0,2,1,0,0,0,1,2,0,1,1,1,2,0,0,1,0,0,0,1,3,0,2,0,0,0,0,2,0,0,1,0,0,5,0,0,2,0,0
2020-05-11,1,0,9,0,1,2,1,1,0,0,0,0,216,0,0,0,1,0,10,0,0,64,0,1,0,0,1,1,1,1,2,0,0,0,0,0,1,0,2,1,0,1,1,0,1,0,3,0,0,0,0,1,0,0,0,1,0,0,1,0,11,0,0,1,0,0
2020-05-12,0,0,5,0,4,1,0,3,1,0,0,1,260,0,0,0,1,0,15,1,1,85,0,1,0,0,0,1,2,1,2,1,0,3,0,0,1,1,1,0,6,0,2,0,1,0,0,0,0,0,0,2,0,2,4,0,1,0,0,1,4,0,3,0,0,1
2020-05-13,4,0,14,0,2,0,0,0,0,0,0,1,202,0,0,1,1,1,3,0,2,68,0,0,0,1,3,1,2,1,0,0,0,2,0,2,1,1,3,1,0,0,1,1,0,0,1,1,1,1,0,2,1,0,0,1,1,0,0,1,6,1,0,1,0,0
2020-05-14,3,0,4,0,1,4,0,5,1,0,0,2,245,1,0,1,1,0,8,0,2,81,1,0,0,0,3,0,1,1,2,0,0,4,0,0,0,4,8,0,1,1,0,0,0,0,0,0,0,1,0,2,0,0,1,0,1,0,0,5,4,1,0,1,0,0
2020-05-15,0,0,12,0,0,0,0,0,0,0,1,0,225,0,0,1,4,0,4,0,0,79,0,0,1,0,1,0,0,0,2,1,1,1,0,0,1,2,0,0,0,0,1,1,1,0,2,0,0,1,0,0,0,2,4,0,0,1,0,0,9,0,0,0,0,1
2020-05-16,1,0,18,0,0,1,0,2,0,0,0,0,352,1,0,3,1,0,4,0,0,99,2,0,3,0,3,4,2,2,0,0,0,3,1,0,0,2,3,0,1,0,5,1,1,0,0,1,0,0,0,4,6,0,2,0,0,0,0,1,3,3,1,2,0,0
2020-05-17,0,0,16,1,2,1,0,0,2,1,0,0,238,0,0,3,0,0,8,0,0,111,0,1,0,0,0,0,1,0,1,0,0,4,0,0,0,1,2,0,0,1,3,0,0,0,0,0,1,0,1,1,0,3,4,0,1,0,0,3,3,3,0,0,0,0
2020-05-18,3,0,10,1,1,8,1,1,0,0,1,0,225,1,0,2,2,1,2,0,0,77,0,0,1,0,1,0,4,0,0,2,0,2,0,0,1,1,4,0,3,1,1,0,0,0,0,0,0,1,0,3,0,0,1,0,0,0,0,0,9,3,0,1,1,0
2020-05-19,1,0,14,0,2,3,0,2,0,0,0,2,231,0,0,1,0,1,4,1,0,56,1,0,0,0,1,2,0,0,2,0,0,3,0,0,0,0,2,1,0,1,5,0,0,0,0,0,0,0,0,1,0,1,3,0,0,0,0,0,6,0,0,1,0,0
2020-05-20,1,0,16,1,0,1,0,0,0,0,0,1,296,1,0,0,1,0,7,1,0,69,0,0,0,0,1,2,0,0,0,0,0,3,0,1,1,2,3,0,0,0,1,0,0,0,0,1,0,0,0,2,2,0,0,1,0,0,0,0,7,0,0,1,0,0
2020-05-21,0,1,18,0,1,5,0,3,0,0,1,0,415,0,0,3,2,0,19,0,1,125,2,0,0,1,2,1,4,0,1,1,0,11,1,1,0,0,4,0,0,0,3,0,0,1,0,1,0,0,0,2,3,1,1,0,0,0,0,1,9,0,1,3,0,0
2020-05-22,0,1,15,0,0,6,2,2,0,0,2,0,366,0,0,1,3,0,8,0,3,83,1,0,0,0,3,1,1,2,0,0,0,3,0,0,0,4,3,0,1,1,1,1,0,0,0,0,0,1,1,4,1,1,2,0,0,1,0,2,10,2,0,0,1,0
2020-05-23,0,0,19,0,2,1,0,0,0,0,4,2,304,0,0,0,0,0,7,1,0,108,0,0,0,1,1,0,0,3,0,0,1,0,0,0,0,3,4,0,0,0,2,2,2,0,2,2,0,0,1,1,1,0,1,0,2,2,0,0,7,0,0,0,0,1
2020-05-24,1,0,19,0,0,1,0,3,1,0,1,1,313,1,0,0,2,1,9,2,1,80,0,0,1,0,1,0,3,3,0,1,2,3,0,1,0,2,1,1,0,0,0,0,0,0,0,0,0,1,1,0,0,0,2,0,0,0,0,0,2,1,0,0,1,0
2020-05-25,1,0,25,0,0,0,0,0,1,0,2,3,308,0,0,1,2,0,7,0,2,101,0,0,0,0,2,2,1,0,0,0,1,7,0,0,1,0,2,1,1,1,2,0,1,0,1,0,1,2,0,0,6,2,1,0,0,0,0,1,7,2,1,0,1,0
2020-05-26,1,0,19,0,0,3,0,2,0,0,2,2,379,0,0,0,1,0,14,0,0,131,0,0,2,0,0,3,2,4,0,0,0,5,0,1,1,4,4,0,0,0,0,0,0,0,1,0,3,1,0,3,2,1,1,0,0,2,1,0,8,0,1,1,0,0
2020-05-27,2,0,25,1,0,2,0,1,1,0,0,1,460,0,0,0,2,0,12,0,0,107,0,0,0,0,1,0,1,2,2,1,0,5,0,1,0,0,2,0,2,1,1,1,0,0,0,3,0,0,0,3,1,0,7,0,1,1,0,0,5,1,1,1,0,0
2020-05-28,0,0,27,0,1,1,0,0,0,0,1,0,444,0,0,1,2,0,10,0,1,124,0,1,1,0,3,1,1,6,2,1,0,10,0,0,0,1,9,0,0,1,0,0,1,0,0,0,0,2,0,2,2,0,3,0,0,0,0,1,8,1,0,0,0,1
2020-05-29,0,0,22,0,1,3,0,4,1,1,0,0,530,0,0,7,1,0,8,0,0,138,1,2,2,0,2,2,7,2,0,0,1,3,0,0,1,2,3,2,0,0,5,0,0,0,3,1,2,1,1,3,0,0,0,0,0,0,0,0,10,1,0,0,0,0
2020-05-30,1,0,24,0,0,0,0,2,1,0,0,2,524,0,0,3,0,0,11,1,0,118,1,1,0,0,0,0,3,3,1,0,1,1,0,0,4,0,7,1,0,2,1,1,0,1,0,2,2,3,0,1,1,1,1,0,0,0,0,1,8,1,0,3,0,1
2020-05-31,1,3,16,0,0,2,2,4,0,0,0,2,524,0,0,0,0,0,7,0,2,132,0,0,2,0,0,2,5,1,1,1,0,3,0,0,2,0,6,0,2,3,2,0,0,0,0,2,0,1,0,1,5,0,0,3,0,2,0,1,5,0,0,0,0,0
2020-06-01,5,0,18,0,1,2,0,2,0,0,2,1,510,0,0,2,2,0,16,0,1,127,0,1,0,0,1,0,2,0,0,0,0,9,0,1,0,0,7,3,5,1,3,0,0,1,3,0,0,0,1,2,3,0,3,0,0,0,1,1,11,0,6,0,0,6
2020-06-02,5,0,24,0,0,4,0,3,1,0,1,1,522,0,0,2,1,0,19,1,0,93,0,0,1,0,1,2,0,1,1,2,0,4,0,0,1,0,8,0,1,5,2,2,1,1,0,2,0,0,0,0,3,0,1,0,0,1,0,1,5,4,1,1,0,1
2020-06-03,2,0,21,0,0,3,1,4,0,0,0,1,501,0,0,1,2,0,24,1,0,114,0,1,0,1,4,1,0,0,2,0,0,9,0,0,4,2,6,0,1,3,1,0,0,0,0,0,2,1,0,1,4,2,0,0,0,1,0,1,9,4,1,2,0,4
2020-06-04,10,7,87,2,1,14,2,5,1,1,6,3,1234,1,0,16,12,3,29,3,0,299,6,3,0,1,4,22,10,7,13,4,0,25,2,2,5,6,26,1,13,6,12,2,1,6,2,3,0,4,1,5,12,3,6,0,1,4,3,11,25,4,4,9,0,3
2020-06-05,20,6,271,8,12,28,4,37,5,3,4,5,2543,3,0,17,38,7,65,8,8,669,9,3,11,4,19,33,7,27,18,7,11,105,4,1,11,19,32,4,19,13,25,3,7,5,5,14,2,9,3,26,28,4,22,1,5,7,10,8,59,13,11,18,2,3
2020-06-06,12,3,154,4,5,27,0,14,5,3,7,7,1991,3,0,21,22,0,60,4,8,375,8,13,13,4,21,21,13,13,10,3,4,56,2,9,6,12,22,2,11,12,8,3,3,6,8,6,2,2,9,9,16,7,18,5,4,5,6,14,37,8,8,17,1,5
2020-06-07,20,3,148,4,12,29,1,22,6,3,5,15,2097,1,0,30,34,3,74,4,8,422,4,4,7,2,23,34,8,19,9,3,6,48,3,2,15,16,31,2,13,5,20,3,1,3,4,10,2,1,1,15,13,3,20,11,9,3,2,9,38,10,5,19,6,9
2020-06-08,19,4,116,1,9,13,0,21,2,1,4,7,1482,4,0,23,13,4,45,3,5,310,1,4,9,1,21,31,12,10,8,1,2,49,1,3,4,10,18,1,8,8,10,3,2,0,2,12,4,2,2,18,16,8,13,3,1,3,1,12,32,10,2,14,0,4
2020-06-09,4,5,71,0,1,15,1,8,1,1,7,5,1272,0,0,14,17,3,41,1,2,228,3,1,7,1,8,18,0,6,13,4,5,34,1,4,4,7,16,0,14,8,9,1,4,0,4,0,3,1,6,8,8,7,9,1,0,4,1,2,19,10,6,18,2,0
2020-06-10,13,0,61,3,6,10,0,15,3,1,4,1,989,1,0,16,11,5,24,3,3,152,3,1,1,0,11,9,2,4,5,10,4,15,1,1,5,5,26,5,10,2,15,1,0,4,3,0,2,2,2,10,12,5,4,0,1,3,2,2,20,7,4,24,2,1
2020-06-11,9,2,42,1,9,7,0,5,1,2,4,0,862,5,0,10,9,0,28,0,5,148,5,3,7,1,12,2,4,4,2,4,1,22,0,0,3,6,18,0,7,6,3,1,2,2,4,4,0,2,0,4,6,2,3,1,1,1,0,5,17,3,0,6,4,4
2020-06-12,3,2,47,1,6,4,1,5,1,2,4,1,807,0,0,4,13,4,20,3,2,129,1,1,3,0,6,9,7,9,1,0,3,21,0,1,3,4,10,1,2,5,5,6,2,0,3,5,0,1,1,2,6,5,3,0,0,0,0,1,11,4,2,9,1,2
2020-06-13,4,1,38,1,4,9,1,7,5,1,3,0,747,1,0,13,7,0,9,2,3,134,0,3,4,0,13,5,2,1,7,3,2,8,1,0,3,2,11,0,6,4,7,5,2,0,2,3,5,1,0,3,3,4,2,1,0,1,1,5,12,3,2,6,1,5
2020-06-14,8,1,37,1,3,12,0,10,4,0,1,3,713,0,0,7,6,1,16,1,0,120,1,0,1,0,6,11,3,7,3,0,2,21,0,1,2,5,12,1,7,2,7,3,4,4,6,2,2,1,2,6,7,3,7,1,0,1,3,5,10,10,1,7,0,0
2020-06-15,1,1,42,2,4,9,1,7,1,1,4,1,774,1,0,6,3,1,25,2,0,153,1,1,5,0,8,2,5,2,8,3,1,11,1,2,2,5,15,1,5,3,3,1,1,0,2,4,1,1,3,1,6,0,8,5,1,1,1,2,10,11,1,7,1,1
2020-06-16,5,2,32,1,3,16,0,10,1,1,4,3,715,1,0,6,6,3,7,5,1,141,1,0,5,0,18,6,2,16,10,1,2,12,0,1,4,7,9,0,5,1,5,3,1,0,2,2,2,1,1,4,8,5,8,0,0,2,3,4,3,4,2,12,2,16
2020-06-17,4,2,19,0,4,6,0,9,1,2,0,4,656,0,0,5,8,0,20,0,4,115,4,0,5,1,13,10,2,9,10,5,5,15,1,4,6,9,10,4,3,4,6,2,2,0,1,7,0,1,2,5,5,1,6,2,2,1,0,5,9,4,3,9,2,2
2020-06-18,12,8,91,2,13,24,1,13,6,5,9,7,1767,1,0,25,30,6,53,3,10,333,1,3,9,1,19,16,16,10,12,10,6,35,1,11,13,13,20,1,24,15,20,1,2,4,4,8,4,2,1,27,11,4,10,6,2,5,2,6,26,15,3,25,0,10
2020-06-19,6,6,49,3,8,7,0,10,2,2,2,3,958,0,0,13,7,2,27,2,1,181,3,0,3,1,10,7,3,4,8,5,1,24,2,2,8,7,17,1,9,2,5,2,1,0,2,2,2,0,2,3,9,2,5,3,1,4,2,8,15,18,3,23,1,2
2020-06-20,4,7,38,6,5,5,0,4,5,5,4,2,871,0,0,11,10,3,13,1,3,148,1,3,6,2,11,7,3,7,2,3,4,11,1,0,2,12,6,0,7,1,5,1,3,1,2,4,3,1,1,10,7,2,8,0,1,2,2,2,10,13,1,10,0,2
2020-06-21,4,2,32,3,2,4,0,6,0,3,1,4,643,3,0,7,13,1,11,0,3,117,2,1,0,1,7,2,2,5,3,4,0,2,1,1,6,4,3,2,5,4,9,0,1,2,1,7,1,0,0,6,1,2,4,1,0,0,0,0,8,7,1,4,3,1
2020-06-22,9,1,30,1,6,5,3,13,3,0,0,5,709,0,0,10,9,4,12,1,3,120,6,7,1,4,5,2,2,6,3,2,1,11,1,1,0,10,6,0,7,4,13,1,1,3,4,3,0,0,4,5,5,3,11,0,2,1,0,3,5,2,0,7,4,2
2020-06-23,5,2,20,1,2,4,0,6,2,1,2,2,624,2,0,8,8,3,26,3,2,110,1,3,1,0,6,2,2,5,0,1,1,13,1,2,1,6,8,1,3,3,5,1,0,0,2,2,0,1,4,7,5,3,4,3,1,5,2,4,5,6,9,9,1,1
2020-06-24,5,1,14,3,6,4,0,12,1,1,0,5,565,1,0,4,2,0,9,2,2,103,1,2,3,1,15,1,1,4,4,0,0,11,0,0,2,3,6,0,5,4,6,1,0,1,2,3,0,1,6,9,4,3,6,0,0,0,0,3,7,4,2,3,2,2
2020-06-25,7,2,29,1,3,5,0,9,2,2,1,2,560,0,0,6,3,0,10,3,2,86,0,1,1,1,2,2,6,1,6,2,0,10,0,0,4,2,4,2,4,3,10,1,5,2,3,0,1,0,2,4,4,2,3,0,0,0,0,0,6,10,2,8,3,1
2020-06-26,7,4,25,0,3,4,0,6,0,0,2,0,498,1,0,3,6,2,5,0,2,85,6,2,1,0,9,1,0,2,1,0,2,12,0,2,1,2,4,0,10,1,9,0,0,3,1,4,3,0,2,9,4,1,1,1,0,3,0,3,8,4,2,6,1,1
2020-06-27,3,1,20,1,5,3,0,8,1,1,1,2,469,0,0,10,7,3,8,3,0,78,2,3,2,0,5,5,0,1,2,0,1,8,1,1,4,8,3,1,9,0,3,0,5,1,0,1,0,1,1,5,1,0,2,1,0,0,0,1,0,4,5,7,2,3
2020-06-28,6,3,14,0,7,1,0,14,1,1,2,1,451,1,0,2,4,1,11,0,1,89,1,2,1,0,5,2,5,2,1,0,6,7,0,1,4,3,7,2,2,1,6,1,1,2,1,2,4,0,5,6,7,2,5,2,0,0,2,0,7,2,1,2,0,1
2020-06-29,13,0,14,3,4,4,0,3,1,0,4,0,451,0,0,1,5,0,4,0,1,85,3,1,0,1,1,2,2,2,3,1,2,4,4,2,4,5,5,1,8,4,5,1,0,2,2,1,1,1,3,4,4,1,0,0,1,2,4,1,6,1,3,7,0,1
2020-06-30,5,3,22,1,1,3,1,3,1,0,2,3,429,0,0,3,1,1,4,0,2,67,1,1,1,0,2,4,6,0,1,4,0,17,0,3,5,6,8,0,2,4,0,1,2,0,5,2,0,0,4,10,0,0,6,0,1,0,0,3,5,5,5,9,0,3
2020-07-01,4,0,8,1,4,2,0,4,2,0,2,1,349,0,0,7,2,2,5,2,2,50,0,0,0,0,3,1,2,0,1,1,0,6,0,0,5,2,3,0,6,0,3,0,1,0,2,2,4,3,0,5,3,1,1,0,1,0,2,2,5,3,0,9,0,0
2020-07-02,0,1,5,0,3,1,0,2,0,0,1,0,280,2,0,1,1,0,4,0,1,32,0,2,2,1,1,0,2,0,3,1,0,6,1,4,2,1,4,1,5,2,1,0,1,0,2,0,0,4,2,4,2,1,2,0,0,0,0,0,2,1,0,5,1,1
2020-07-03,1,3,9,1,7,1,0,3,1,0,2,1,302,0,0,4,1,0,2,0,0,54,3,0,0,1,0,3,1,3,0,0,2,5,0,0,2,0,3,1,5,0,0,0,0,1,4,1,0,1,1,6,1,1,3,0,2,0,0,0,5,0,2,10,0,2
2020-07-04,2,1,6,0,4,3,0,4,1,0,0,1,362,0,0,2,1,1,5,0,2,88,0,0,0,0,4,1,1,8,1,0,0,7,0,4,1,5,4,0,2,2,0,0,2,1,0,2,0,4,3,6,3,0,4,0,4,0,1,0,6,3,1,3,0,0
2020-07-05,0,2,11,0,1,1,0,3,0,0,0,0,278,1,0,0,3,1,6,1,1,50,0,0,4,0,4,2,4,2,1,2,0,8,0,0,3,3,6,2,5,1,1,0,2,0,4,0,2,1,1,5,3,1,3,0,0,0,0,0,5,5,0,4,2,0
2020-07-06,2,1,11,2,3,3,0,3,0,1,0,0,286,2,0,6,4,0,8,0,1,59,1,2,0,1,2,3,0,0,1,0,2,1,0,1,2,3,6,2,10,1,5,0,0,1,5,0,2,2,0,1,2,0,2,1,2,4,0,1,3,7,8,5,1,0
2020-07-07,3,2,5,0,1,0,0,0,0,1,0,0,291,0,0,4,2,0,5,2,0,47,6,0,1,1,2,0,1,1,2,0,0,4,0,0,3,2,2,0,1,2,2,2,0,1,1,2,0,0,1,0,4,0,3,2,0,0,1,0,10,6,0,3,1,2
2020-07-08,2,0,11,3,8,3,1,2,2,2,2,2,298,1,0,2,4,0,2,0,2,52,0,0,1,1,2,0,1,0,0,1,0,8,0,0,1,4,2,0,6,0,1,0,0,1,0,0,4,0,1,1,1,1,1,0,0,3,2,0,10,6,2,5,0,1
2020-07-09,0,3,3,2,4,0,0,2,0,3,0,1,266,0,0,0,0,0,5,0,0,46,0,1,1,2,3,1,1,0,2,0,1,3,0,0,3,1,2,1,9,0,2,0,0,0,1,0,2,1,1,1,0,0,2,0,0,1,1,3,3,4,0,1,1,2
2020-07-10,3,7,6,0,0,4,1,2,1,1,3,1,283,0,0,0,0,4,4,1,0,48,1,0,0,0,3,2,0,0,2,0,2,3,0,1,1,1,3,2,9,1,1,0,0,0,3,3,2,0,0,3,0,2,1,0,0,0,0,0,0,0,2,2,1,1
2020-07-11,1,2,8,1,7,2,0,1,1,0,1,0,242,0,0,1,1,1,1,0,2,58,0,0,0,1,1,3,2,0,1,0,0,3,0,2,1,2,2,0,3,0,0,0,0,0,1,2,0,0,0,2,0,0,0,0,0,0,0,0,6,2,0,3,0,0
2020-07-12,2,3,8,0,1,0,0,2,0,0,0,0,268,0,0,1,1,0,4,0,0,46,1,0,0,1,3,1,1,1,2,0,5,6,0,0,0,4,2,0,5,1,3,1,0,2,2,1,0,0,3,3,4,0,0,0,1,0,1,0,6,2,2,5,1,1
2020-07-13,0,1,10,0,1,0,0,1,1,1,1,0,262,0,0,0,1,3,4,2,1,57,1,0,0,1,3,0,3,0,1,0,4,3,1,1,1,3,1,0,3,0,2,0,0,1,0,3,5,1,2,4,0,0,2,0,0,1,1,2,2,6,1,3,0,2
2020-07-14,3,3,3,1,0,1,1,8,1,3,0,0,279,0,0,2,2,0,4,0,0,38,1,0,0,0,3,0,1,2,2,0,0,0,0,0,1,0,4,0,2,0,2,0,0,0,4,1,0,0,0,2,0,0,1,0,0,2,0,0,3,3,0,7,2,0
2020-07-15,5,0,3,0,0,0,0,1,0,0,2,0,321,0,0,0,0,1,2,0,1,23,1,2,0,0,1,0,0,1,2,0,1,3,0,0,0,1,1,0,1,0,0,0,1,0,0,0,0,1,1,2,2,0,2,0,0,0,0,1,1,1,0,2,0,0
2020-07-16,0,0,1,0,5,1,0,0,1,0,0,0,326,0,0,0,0,0,1,1,1,25,2,0,0,0,0,0,2,1,1,0,0,0,0,0,1,1,0,0,0,1,3,0,0,0,1,0,0,1,3,1,0,0,2,2,0,0,0,0,2,0,0,3,1,0
2020-07-17,0,1,2,1,3,2,0,0,1,2,0,0,318,1,0,0,0,1,0,0,1,24,0,0,0,1,0,0,1,0,0,0,0,2,0,0,1,1,0,0,2,0,0,1,0,0,0,0,1,0,2,1,1,0,3,0,0,1,0,0,1,1,0,1,0,0
2020-07-18,1,0,0,2,2,1,0,1,0,0,0,0,288,0,0,1,0,0,1,2,0,15,1,1,0,1,0,0,2,0,0,2,0,1,0,0,1,1,1,0,0,0,2,0,0,1,0,0,2,0,0,7,0,2,0,0,0,0,0,0,0,4,0,3,0,0
2020-07-19,0,1,2,0,2,1,0,0,0,0,0,0,358,0,0,1,0,2,1,0,2,25,1,0,0,0,3,0,1,1,2,1,0,2,0,0,0,0,1,0,1,0,0,0,1,3,0,0,0,0,2,0,1,0,0,0,0,0,0,0,3,0,0,3,0,0
2020-07-20,1,1,3,0,0,0,0,1,1,3,0,0,300,0,0,1,1,0,0,0,0,21,1,0,0,0,0,0,0,0,0,1,0,2,0,0,1,0,1,0,1,1,1,2,0,0,0,1,3,0,0,2,0,0,2,0,0,0,0,1,2,1,0,1,0,1
2020-07-21,0,0,2,0,0,1,0,0,0,2,1,0,261,0,0,1,1,0,1,0,0,14,1,1,0,0,0,0,2,0,0,0,0,0,0,2,1,0,1,0,3,0,0,0,1,0,0,1,1,0,0,0,0,0,2,0,0,1,0,0,0,1,0,1,0,0
2020-07-22,0,1,1,0,2,4,0,0,0,0,0,0,253,0,0,0,0,0,0,0,1,28,0,3,0,0,0,0,2,0,0,0,1,3,0,0,1,0,0,0,0,0,0,2,0,0,1,0,0,0,0,4,0,0,2,0,0,0,0,1,0,0,0,4,0,0
2020-07-23,0,0,1,0,1,0,0,2,0,0,0,0,294,0,0,2,1,0,4,0,0,29,0,1,0,0,1,0,0,0,2,0,0,0,0,0,1,3,1,0,2,0,0,0,0,0,0,2,3,0,1,2,1,0,2,0,0,0,0,0,1,0,1,1,1,0
2020-07-24,0,0,3,0,0,0,1,2,0,1,1,0,262,0,0,0,1,0,0,0,0,24,0,1,0,0,1,0,1,0,0,0,0,1,1,0,1,0,0,0,1,1,0,0,0,1,0,2,1,0,2,2,0,0,2,1,0,0,0,0,1,0,0,0,0,0
2020-07-25,1,0,6,0,1,0,1,1,0,0,0,0,259,0,0,3,0,0,1,0,1,23,0,0,0,0,0,2,2,2,0,0,1,2,0,0,0,0,1,0,2,0,0,0,0,0,0,0,1,2,0,3,0,0,0,0,1,0,1,0,0,3,0,0,0,0
2020-07-26,0,1,4,0,3,0,0,0,0,1,1,0,312,0,0,0,1,0,1,0,1,12,0,0,1,1,0,0,0,0,0,0,0,1,0,0,3,0,2,0,0,0,3,1,1,1,1,0,0,1,0,0,1,1,3,0,0,1,1,0,1,1,0,1,0,0
2020-07-27,0,0,0,2,2,0,0,0,1,0,0,0,252,0,0,0,0,0,2,0,0,23,0,0,0,2,2,0,0,1,0,0,0,0,0,2,0,1,2,1,2,1,0,0,0,0,0,0,0,0,1,0,0,0,0,0,0,2,1,0,0,1,2,0,1,0
2020-07-28,2,0,1,0,0,1,0,2,0,0,1,0,238,0,0,2,1,2,0,2,0,20,1,0,2,2,0,0,0,1,1,1,0,0,0,0,0,0,1,0,0,2,0,0,1,0,0,0,0,0,2,1,1,0,0,0,1,2,0,0,1,0,0,2,0,2
2020-07-29,0,0,1,0,1,0,0,3,0,1,2,0,280,0,0,0,0,1,1,1,0,15,0,1,3,1,2,0,1,0,0,0,0,1,0,0,1,1,2,0,0,0,3,0,0,0,0,1,0,1,0,3,0,1,0,0,0,0,1,0,0,0,0,1,0,0
2020-07-30,1,0,1,0,2,0,0,1,0,0,0,0,233,0,0,0,0,0,1,1,0,23,0,0,0,0,0,0,0,0,3,0,0,3,0,0,1,1,1,1,0,0,2,0,0,0,0,0,0,1,0,0,0,0,3,0,0,1,2,0,1,2,0,0,0,1
2020-07-31,0,0,3,0,1,0,0,1,0,0,0,0,217,0,0,0,0,0,1,0,0,9,1,0,0,0,2,0,0,1,0,0,1,1,0,2,0,0,0,0,0,0,1,2,0,0,0,0,0,0,0,0,0,0,1,0,0,0,0,0,2,1,0,0,0,0
2020-08-01,0,0,1,1,0,0,0,1,0,1,0,0,206,0,0,0,0,0,1,0,1,12,2,0,0,0,0,0,1,0,0,0,0,1,0,0,0,0,0,0,1,0,0,1,0,0,1,1,0,0,0,2,0,0,1,0,0,1,0,1,1,2,0,1,0,0
2020-08-02,0,1,1,1,1,0,0,2,0,0,0,0,217,0,0,5,0,0,1,0,0,21,1,0,0,0,0,0,1,0,0,0,0,0,0,0,4,0,0,0,2,2,3,0,0,0,2,1,0,1,0,1,0,0,0,1,2,0,0,0,2,0,0,1,0,0
2020-08-03,0,1,0,0,2,0,0,1,0,0,0,0,268,0,0,0,1,0,2,0,0,27,1,0,1,1,3,0,1,0,2,0,0,0,0,2,1,1,0,0,1,0,1,0,0,0,0,0,0,0,0,2,1,0,1,0,0,0,0,0,1,1,0,0,0,0
2020-08-04,1,0,0,0,0,2,3,0,0,0,0,0,285,0,0,1,0,0,1,0,0,22,0,0,0,0,0,0,0,1,0,0,0,0,0,1,1,1,1,0,0,0,1,1,2,1,0,0,0,1,0,7,0,0,0,0,0,0,0,0,1,0,0,0,0,0
2020-08-05,0,0,1,0,2,2,0,1,0,0,1,0,275,0,0,0,0,0,0,0,2,24,0,0,1,0,0,0,0,0,0,0,0,0,0,0,3,2,0,0,1,1,3,0,0,0,1,2,1,1,0,1,0,0,2,1,2,0,0,0,0,1,0,0,0,2
2020-08-06,1,0,7,0,1,0,0,0,0,0,1,1,244,0,0,0,4,0,0,0,0,19,0,2,0,0,0,0,0,0,0,0,0,0,0,0,1,0,1,0,0,0,0,0,0,1,0,0,0,0,0,0,0,0,0,0,0,0,0,0,2,0,0,5,0,2
2020-08-07,2,0,0,3,2,1,1,2,1,1,1,1,306,0,0,0,0,1,0,0,1,24,0,1,0,0,1,0,0,0,0,0,2,1,0,1,0,1,3,0,0,0,0,1,0,2,0,0,1,0,0,1,0,2,0,0,0,0,0,1,2,0,0,0,0,0
2020-08-08,0,1,0,0,4,0,1,1,1,0,0,0,232,0,0,1,1,0,1,0,1,23,0,2,0,2,1,1,1,0,1,1,0,2,0,1,5,0,0,0,0,0,1,0,0,0,0,1,0,0,1,2,0,1,0,0,0,0,0,0,2,0,0,2,0,1
2020-08-09,0,0,1,0,1,0,1,0,1,0,0,0,240,1,0,1,0,0,0,0,0,25,0,1,0,0,0,0,0,1,0,1,0,2,0,0,1,0,0,1,0,1,1,0,1,1,0,0,1,1,1,3,0,0,0,0,0,0,0,1,1,2,0,3,0,0
2020-08-10,0,1,1,0,1,0,1,0,0,0,0,0,308,0,0,0,1,0,1,3,0,31,2,0,0,1,2,0,0,0,0,0,0,1,0,0,4,0,1,0,0,1,0,0,0,2,0,1,1,0,0,1,0,0,0,0,0,1,0,0,1,1,0,2,0,0
2020-08-11,0,0,3,1,3,0,1,0,0,0,0,0,260,0,0,1,1,0,0,0,0,22,0,0,0,0,1,0,0,0,1,0,0,1,1,1,2,1,1,0,0,0,0,1,0,2,1,0,3,0,1,0,0,1,2,0,0,0,0,1,1,0,1,0,0,0
2020-08-12,0,1,0,1,0,0,0,0,0,0,0,0,251,0,0,1,0,2,2,0,0,32,0,2,0,0,0,0,0,0,0,0,0,0,0,0,1,1,1,0,0,0,0,0,2,2,0,1,0,1,1,6,0,0,0,0,0,0,0,1,0,0,0,0,0,0
2020-08-13,4,0,0,2,2,0,0,1,0,0,0,0,222,0,0,0,2,0,1,0,1,8,1,0,0,0,0,0,0,0,1,2,0,1,0,0,2,2,3,0,1,1,0,0,0,2,1,1,1,1,0,2,0,0,1,1,0,0,1,1,0,1,0,0,0,0
2020-08-14,0,0,0,1,2,0,0,1,1,1,0,0,232,0,0,0,1,1,2,0,0,22,0,0,0,1,0,1,1,0,0,0,0,0,1,0,1,1,2,0,0,0,1,0,0,2,0,0,0,0,2,2,0,0,0,0,0,0,0,0,2,0,0,0,0,0
2020-08-15,0,0,3,0,2,0,0,2,0,1,0,0,189,0,0,0,1,0,0,0,0,14,1,0,1,0,2,0,1,1,0,0,0,3,0,0,0,0,0,0,0,0,0,0,0,1,0,1,0,0,0,0,2,1,0,1,0,0,0,0,0,3,0,1,0,0
2020-08-16,1,0,2,0,3,0,0,1,0,0,0,0,212,1,0,1,0,0,2,0,0,23,3,1,1,0,0,0,1,0,0,0,0,1,0,1,1,1,0,0,0,0,0,0,0,0,2,0,0,1,0,1,0,0,1,0,0,0,1,0,1,2,0,1,0,0
2020-08-17,0,0,4,0,0,0,0,0,0,0,0,0,205,0,0,0,1,0,0,0,0,24,1,0,0,0,0,0,1,2,2,0,0,1,0,1,0,2,5,0,0,0,1,0,1,0,0,0,1,0,0,0,0,0,0,0,0,0,0,0,3,0,0,0,0,1
2020-08-18,1,0,2,0,0,0,0,0,0,0,0,0,223,0,0,0,0,0,0,0,0,27,0,1,2,0,0,0,0,0,0,0,0,2,0,0,2,1,4,1,0,0,0,0,1,1,0,3,0,0,0,0,0,0,0,0,0,0,0,1,1,0,0,1,0,0
2020-08-19,1,0,0,0,0,1,1,3,0,0,0,0,225,0,0,1,1,1,0,0,1,27,1,1,0,0,0,0,4,0,2,0,0,1,0,0,0,1,4,0,0,0,1,0,0,0,0,0,0,0,0,4,1,0,1,0,0,2,0,0,0,1,2,2,0,1
2020-08-20,1,0,0,0,1,1,0,2,0,0,0,0,197,0,0,1,1,0,1,0,0,29,2,0,1,1,2,0,0,1,1,0,0,1,0,1,1,0,0,0,0,1,1,0,0,1,0,2,0,1,0,2,1,0,0,0,0,0,0,0,0,1,0,0,0,0
2020-08-21,0,2,1,0,3,0,0,0,0,0,0,0,222,0,0,0,0,0,0,0,0,20,3,0,1,0,2,1,0,1,0,0,0,0,0,0,0,0,0,0,2,0,3,0,0,0,3,0,0,0,3,0,0,0,1,0,0,0,0,0,0,0,0,0,0,0
2020-08-22,0,0,2,2,0,4,0,0,0,0,0,0,228,0,0,0,1,0,1,1,0,22,0,0,0,1,0,0,0,0,1,0,0,1,0,1,0,1,2,0,1,0,0,0,0,1,0,1,2,0,0,0,0,0,0,2,0,0,0,0,1,0,0,0,1,0
2020-08-23,0,1,1,0,0,0,0,1,0,0,0,0,208,0,0,0,0,0,0,1,0,34,0,0,1,0,0,0,0,0,1,0,0,1,0,0,1,0,2,0,0,0,0,0,0,0,0,0,0,0,0,0,0,0,0,0,0,0,1,0,0,1,0,1,0,0
2020-08-24,0,0,1,0,1,2,0,0,0,0,0,1,236,1,0,0,0,0,1,0,1,35,1,0,1,0,1,0,0,1,0,0,0,1,0,0,0,1,0,0,0,1,1,0,0,0,1,0,0,0,0,2,0,1,1,0,0,0,0,0,2,1,0,0,0,0
2020-08-25,1,1,0,0,2,1,0,1,0,0,0,1,269,0,0,2,0,0,0,0,0,37,0,0,0,0,1,0,2,0,1,0,1,0,0,4,0,2,1,0,0,0,0,0,0,0,0,1,0,0,0,1,0,0,0,0,0,0,1,1,1,0,0,0,0,0
2020-08-26,0,0,3,0,0,0,0,0,0,0,0,0,243,0,0,2,2,1,1,0,1,48,2,0,0,0,2,0,0,0,1,0,0,4,0,2,0,0,0,0,0,0,1,0,0,0,0,0,0,0,0,1,0,0,0,0,0,0,1,0,1,0,0,0,0,1
2020-08-27,0,0,2,0,1,0,0,0,2,0,0,0,297,1,0,2,2,0,2,0,0,36,0,0,0,0,0,0,1,0,0,0,0,1,0,2,0,3,1,2,0,0,0,0,0,0,0,1,0,0,0,0,0,0,0,0,0,0,0,0,3,0,0,0,0,0
2020-08-28,0,0,3,1,0,1,0,0,0,0,0,1,310,0,0,0,0,0,5,0,0,47,0,0,0,0,0,0,0,0,0,0,0,1,0,0,0,0,3,0,2,1,0,2,0,0,0,0,0,0,0,0,0,1,1,0,0,0,1,0,1,0,0,1,0,0
2020-08-29,0,1,2,0,1,0,0,0,0,0,0,0,331,0,0,0,1,0,0,0,1,57,0,0,0,1,0,0,0,2,1,0,0,2,0,0,0,1,1,0,0,0,1,0,0,0,0,0,0,0,1,1,1,0,0,0,0,0,0,0,1,0,0,1,1,1
2020-08-30,1,0,4,0,0,3,0,0,0,0,0,0,358,0,0,2,3,0,0,0,1,48,0,0,0,4,1,0,0,0,2,0,0,1,0,0,2,0,3,0,0,0,0,0,0,0,0,0,1,1,1,1,0,0,0,0,2,0,1,0,2,0,0,2,0,1
2020-08-31,2,0,5,0,1,0,0,0,0,0,0,0,354,0,0,3,0,0,2,0,4,65,0,0,0,0,0,0,0,1,1,0,0,1,0,0,0,0,0,1,1,0,0,1,0,0,0,0,0,0,0,0,1,0,0,1,0,2,0,0,1,0,0,0,1,0
2020-09-01,1,0,2,0,2,0,0,0,0,0,0,0,362,0,0,0,2,0,2,0,0,55,0,1,0,2,0,0,0,0,1,1,0,0,0,0,1,1,1,0,0,0,0,0,2,0,1,1,1,0,0,0,1,0,1,0,0,1,0,0,1,0,0,0,0,1
2020-09-02,0,1,3,0,2,1,0,0,0,0,0,0,393,0,0,1,1,1,3,0,0,62,0,2,1,0,0,2,0,0,0,0,0,0,0,0,0,0,0,0,0,0,1,0,0,0,0,0,0,1,0,0,2,0,0,0,0,1,0,0,4,2,0,0,0,0
2020-09-03,0,0,3,0,1,0,0,0,0,1,0,0,320,0,0,0,1,1,2,0,1,65,0,0,0,2,0,0,1,1,0,1,0,1,0,0,0,4,0,1,0,2,2,0,0,0,0,0,2,0,1,0,1,1,0,0,0,1,0,0,3,0,0,1,0,0
2020-09-04,2,0,9,0,0,1,0,0,0,0,0,1,351,0,0,2,1,0,1,0,0,43,0,2,1,0,0,1,2,1,0,1,0,2,0,0,1,4,0,0,0,0,0,0,0,0,1,0,0,0,0,0,1,1,3,0,0,1,0,0,1,0,1,0,0,0
2020-09-05,0,0,4,1,0,0,0,2,1,0,3,0,342,0,0,0,1,0,4,0,0,60,0,1,0,0,0,0,2,0,1,1,0,1,0,0,1,2,2,0,0,0,2,0,0,0,0,0,0,0,0,0,0,2,1,0,0,0,0,0,1,1,0,1,0,0
2020-09-06,1,0,8,0,0,1,0,3,0,0,1,1,355,1,0,1,1,0,2,0,0,54,0,1,0,0,0,1,1,1,1,1,1,0,0,0,0,0,0,0,0,0,1,0,0,0,0,0,0,0,0,0,0,1,0,0,0,0,0,0,4,0,1,1,0,0
2020-09-07,0,1,6,1,0,0,1,0,0,0,0,1,362,0,0,1,2,0,1,0,0,34,0,0,0,0,1,2,0,2,0,0,0,5,0,1,1,0,2,0,1,0,0,0,0,0,0,0,0,0,1,1,0,0,2,0,0,2,0,1,0,1,1,4,0,0
2020-09-08,0,0,4,0,0,0,0,0,0,0,1,1,396,0,0,2,2,0,3,0,1,48,1,0,1,0,2,1,0,0,0,0,0,0,0,1,0,0,3,0,0,1,0,0,1,0,1,2,0,0,0,3,1,0,1,0,0,0,0,0,2,0,0,1,0,0
2020-09-09,0,0,6,0,0,1,0,1,1,0,0,0,384,0,0,0,1,0,3,0,1,48,1,0,0,0,1,1,1,0,1,0,0,0,0,0,2,3,5,0,0,0,0,0,0,0,0,1,1,0,1,1,1,0,3,0,0,0,0,0,2,0,0,3,0,0
2020-09-10,1,0,5,0,0,0,0,1,0,0,1,1,290,0,0,1,0,0,1,1,1,29,0,0,0,0,2,1,0,0,1,1,0,0,0,0,1,1,4,0,0,0,2,0,0,0,0,0,0,0,0,1,2,1,0,0,0,0,0,0,3,0,0,0,0,0
2020-09-11,2,1,6,1,0,1,0,0,0,0,0,0,289,0,0,0,1,0,0,0,1,29,0,0,0,0,0,1,0,1,0,0,0,1,0,0,1,1,4,0,1,0,0,0,0,0,0,0,1,0,0,0,1,0,0,1,0,1,0,0,0,0,0,2,0,0
2020-09-12,2,0,4,0,0,0,0,1,0,0,1,0,241,0,0,0,0,0,3,0,0,25,0,0,0,2,1,2,1,0,1,0,0,0,0,0,0,0,3,0,0,0,0,0,0,0,0,0,0,0,0,2,0,1,2,0,0,1,0,0,0,0,0,0,0,0
2020-09-13,0,1,5,0,1,0,0,1,0,0,0,0,206,0,0,2,0,1,4,0,0,29,0,1,0,0,1,0,0,0,0,0,0,0,0,2,2,0,0,0,0,0,0,0,1,0,0,0,0,0,0,0,0,0,0,0,0,0,0,0,1,0,0,0,0,0
2020-09-14,0,1,2,0,0,1,0,1,0,0,0,1,226,0,0,0,0,0,0,0,0,20,0,2,1,0,4,1,0,0,0,0,0,2,0,0,0,1,0,0,0,0,3,1,2,1,2,1,0,0,0,0,0,1,3,0,1,0,1,0,0,0,0,2,0,0
2020-09-15,1,0,2,0,0,1,0,0,1,0,0,0,199,0,0,4,2,0,2,0,0,27,1,0,0,0,1,0,4,0,1,0,0,1,0,0,2,0,1,0,1,0,0,0,0,0,2,0,0,0,0,2,0,0,0,0,0,0,0,1,1,0,0,1,0,0
2020-09-16,1,0,4,0,0,0,0,1,0,0,0,0,214,0,0,2,0,0,1,0,0,33,2,0,1,0,0,0,2,0,3,0,0,0,0,2,0,0,2,0,0,0,2,0,2,0,0,0,0,0,1,0,0,2,0,1,1,1,0,0,1,1,0,2,0,0
2020-09-17,4,1,3,1,0,2,0,0,1,3,0,0,195,0,0,0,0,1,1,0,0,27,0,1,0,0,3,1,1,1,0,1,0,2,0,1,0,0,3,1,0,1,0,0,0,0,0,0,2,0,0,0,1,1,0,0,1,0,3,0,1,1,0,2,0,0
2020-09-18,2,0,1,0,2,1,0,5,0,0,1,0,183,0,0,1,0,0,2,0,0,21,0,0,0,0,2,0,0,1,0,1,0,0,0,0,0,2,1,0,1,0,3,0,0,1,0,4,0,3,0,2,2,1,0,0,0,0,0,0,0,1,0,2,0,0
2020-09-19,0,0,2,0,1,2,0,0,0,0,0,0,187,1,0,0,0,0,2,1,0,20,1,1,0,0,0,0,0,0,0,0,0,0,0,0,0,0,1,0,0,0,1,0,0,0,0,0,0,1,0,3,0,0,0,0,0,0,0,0,1,0,0,1,0,0
2020-09-20,0,0,1,0,0,0,0,1,0,0,0,1,161,0,0,0,0,0,0,1,0,15,0,0,0,0,1,0,0,0,0,0,0,4,0,0,0,1,0,0,0,0,1,0,0,0,0,0,1,0,0,1,0,1,0,0,0,0,0,0,1,0,0,0,0,0
2020-09-21,0,0,0,0,1,0,0,1,1,0,0,1,167,0,0,0,0,0,2,0,1,21,0,0,0,0,0,0,0,1,1,0,0,2,0,0,1,3,3,1,0,0,2,1,1,0,1,0,1,0,0,2,1,2,3,0,0,0,0,0,3,1,0,2,1,1
2020-09-22,0,0,0,0,0,0,0,0,0,0,0,1,139,0,0,2,0,0,1,0,0,8,0,0,0,1,1,0,0,0,2,0,1,4,0,1,1,0,1,0,1,0,0,0,1,0,0,0,0,0,2,2,0,0,0,0,0,0,0,0,0,0,0,0,0,0
2020-09-23,1,0,1,0,0,0,0,0,1,1,0,0,98,0,0,0,0,0,1,0,2,8,2,0,0,0,1,0,0,0,0,0,0,1,0,0,0,1,0,0,0,0,0,0,0,0,0,0,0,0,0,0,0,0,2,0,0,0,0,0,2,0,0,0,0,0
2020-09-24,0,0,0,0,0,1,0,0,0,0,0,0,148,0,0,2,0,0,0,0,2,11,0,0,0,0,1,0,0,0,0,2,0,0,0,0,1,0,0,0,0,0,0,0,1,0,0,0,0,1,0,3,1,0,0,0,0,0,0,0,0,0,0,0,0,0
2020-09-25,0,0,2,0,0,0,0,0,0,0,0,1,126,0,0,0,0,0,0,0,0,16,0,0,0,0,0,0,1,0,0,0,0,0,0,0,0,0,0,1,2,0,0,0,0,0,0,0,0,2,0,0,1,0,1,0,0,0,0,0,0,0,1,0,0,0
2020-09-26,0,0,0,0,0,0,0,1,0,0,0,0,93,0,0,0,0,0,0,0,0,18,1,0,1,0,0,1,0,0,0,0,0,1,0,0,0,0,2,0,0,0,0,0,2,0,0,0,0,0,0,0,1,0,0,0,0,0,0,0,1,0,0,0,0,0
2020-09-27,0,0,0,0,0,0,0,2,0,0,0,0,109,0,0,0,2,0,0,0,0,7,0,1,1,0,0,0,0,0,0,0,0,2,0,0,0,0,0,0,0,0,0,0,0,1,0,0,1,0,0,0,0,0,0,0,2,0,0,0,2,0,0,0,0,0
2020-09-28,1,0,0,0,0,0,0,2,0,0,0,0,114,0,0,1,0,0,1,0,0,16,0,0,0,0,0,0,0,0,0,0,0,1,1,0,0,0,0,0,0,0,0,0,0,0,1,0,0,0,0,0,0,0,0,0,0,0,0,0,1,1,0,2,0,0
2020-09-29,0,0,0,0,0,0,0,0,0,0,0,0,117,1,0,1,0,0,1,0,0,16,0,1,0,0,0,0,0,0,1,0,0,2,0,0,1,0,0,1,0,0,0,0,0,0,0,0,1,0,0,0,0,0,0,0,0,0,0,0,0,0,0,2,0,0
2020-09-30,0,0,0,0,0,0,0,2,0,0,0,1,76,0,0,0,0,0,1,0,0,11,0,0,0,0,0,2,2,0,0,0,0,0,0,0,0,0,0,0,0,0,0,0,0,0,0,1,0,0,0,0,0,0,0,0,0,0,0,0,1,0,0,1,0,0
2020-10-01,1,0,1,0,1,1,0,1,0,0,0,1,84,0,0,0,0,0,3,0,0,10,2,0,0,0,0,1,1,0,0,0,0,0,0,0,0,0,0,0,1,0,0,0,0,0,0,0,0,0,0,1,0,0,0,0,0,0,0,0,0,0,0,0,0,0
2020-10-02,1,0,2,0,0,0,0,0,0,0,0,1,52,0,0,0,0,0,1,0,0,14,0,0,0,0,0,0,0,1,1,0,0,0,0,0,2,1,0,0,0,0,0,0,0,1,0,0,0,0,0,0,0,0,0,0,0,0,0,0,1,0,0,0,0,0
2020-10-03,0,0,0,0,1,0,0,0,0,0,0,0,79,0,0,0,0,0,1,0,0,11,0,0,0,0,0,0,1,0,0,1,0,1,0,0,0,0,0,0,0,0,0,0,0,1,0,0,0,0,0,1,0,0,0,0,0,0,0,0,1,0,0,0,1,1
2020-10-04,0,0,0,0,0,0,0,0,0,0,0,0,75,0,0,0,0,0,1,0,0,12,0,0,0,0,0,0,0,0,0,0,0,1,0,0,0,0,0,0,0,0,0,0,0,0,0,0,0,0,0,0,0,0,0,1,0,0,0,0,1,1,0,0,0,0
2020-10-05,0,0,0,0,1,0,0,0,0,0,0,0,68,0,0,0,1,0,0,0,0,12,0,0,0,0,3,1,0,0,0,0,0,0,0,0,0,0,0,0,0,0,0,0,0,0,1,0,0,0,0,1,0,0,0,0,0,0,0,0,2,0,0,0,0,0
2020-10-06,0,0,2,0,0,1,0,0,0,0,0,0,93,0,0,0,0,0,0,0,0,16,0,0,0,0,0,0,0,0,0,0,0,0,0,0,0,0,0,0,0,0,0,1,0,0,0,0,0,0,0,0,0,0,0,0,0,0,0,0,4,1,0,0,0,0
2020-10-07,0,0,0,0,0,0,0,1,0,0,0,0,75,0,0,0,0,0,4,0,0,13,0,0,0,0,0,2,0,0,0,0,0,0,0,0,0,1,0,2,0,0,1,0,0,1,0,0,0,0,0,0,0,0,1,0,0,0,0,0,2,0,0,0,0,0
2020-10-08,0,0,2,0,0,0,0,1,0,0,0,0,83,0,0,0,0,0,0,0,0,10,0,0,0,0,0,0,0,0,0,0,0,0,0,0,0,2,1,0,0,0,1,0,0,0,0,0,0,0,0,0,1,0,0,0,0,0,0,0,0,1,0,1,0,0
2020-10-09,0,0,0,0,0,0,0,0,0,0,0,1,70,0,0,0,0,0,0,0,0,8,1,0,0,0,0,0,0,1,0,0,0,0,0,0,0,0,0,0,0,0,0,0,0,0,0,0,0,0,0,0,0,0,0,0,0,1,0,0,0,0,0,0,0,0
2020-10-10,0,0,0,0,0,0,0,0,0,0,0,0,63,0,0,0,0,0,0,0,0,9,0,0,0,0,0,0,0,0,0,0,0,0,0,0,0,0,0,0,0,0,0,0,1,0,0,1,0,0,0,0,0,0,0,0,0,0,0,1,1,0,0,0,0,0
2020-10-11,0,0,0,1,1,2,0,0,0,0,0,0,63,0,0,0,0,0,0,0,0,9,1,0,0,0,0,0,0,0,0,0,0,0,0,0,0,0,0,0,0,0,1,0,0,0,0,1,0,0,0,0,1,1,0,0,2,1,0,0,0,0,0,1,0,1
2020-10-12,0,0,0,0,0,0,0,0,1,0,0,0,79,0,0,0,0,0,0,0,1,7,0,0,0,0,0,0,0,0,0,0,0,0,0,0,1,2,1,0,0,0,0,0,1,0,0,0,1,0,0,0,0,0,0,0,0,0,0,0,0,0,0,0,0,0
2020-10-13,0,0,1,0,0,0,0,0,0,0,0,0,93,0,0,0,1,0,0,0,0,14,0,0,0,0,1,0,0,0,0,0,0,0,0,1,0,0,1,0,3,0,0,0,0,0,0,0,0,0,0,0,0,0,0,0,0,0,0,0,0,0,0,0,0,2
2020-10-14,0,0,0,0,0,0,0,1,0,0,0,0,98,0,0,0,0,0,0,0,0,13,1,0,0,0,0,0,0,0,0,0,0,0,0,0,1,0,0,0,0,2,0,0,0,0,0,0,0,0,0,0,0,0,0,0,0,0,0,0,0,0,0,0,0,0
2020-10-15,0,0,1,0,1,0,1,0,0,0,0,0,54,0,0,0,0,0,0,0,1,12,0,0,0,0,0,0,0,0,0,0,0,0,0,0,0,0,2,0,0,0,0,0,0,0,0,1,0,0,0,0,0,0,0,0,0,0,0,0,0,0,0,0,0,0
2020-10-16,0,0,1,0,0,0,0,0,0,0,0,0,84,0,0,0,0,0,0,0,0,18,0,0,0,0,1,0,0,2,0,0,0,0,0,0,0,0,0,0,0,0,0,0,0,0,0,0,0,0,0,0,0,0,0,0,0,0,0,0,0,0,0,0,0,0
2020-10-17,0,0,2,0,0,0,0,0,0,0,0,0,76,0,0,0,0,0,1,0,1,10,0,0,0,0,0,1,0,0,1,0,0,0,0,0,0,0,0,0,0,0,0,0,0,0,0,0,0,0,0,1,0,0,0,0,0,0,0,0,1,0,0,0,0,0
2020-10-18,0,0,2,0,0,0,0,0,0,0,0,1,98,0,0,0,0,0,2,0,0,15,0,0,0,0,0,0,2,0,0,0,0,1,0,0,1,0,0,0,0,0,0,0,0,0,0,0,1,0,0,0,0,0,0,0,1,0,0,0,0,0,0,4,0,0
2020-10-19,0,0,0,0,0,0,0,0,0,0,0,0,86,0,0,0,0,0,1,0,0,20,0,1,0,0,0,0,1,0,0,0,0,0,0,0,0,0,0,0,0,0,1,0,0,0,0,0,0,4,1,0,0,0,0,0,1,0,0,0,0,0,0,0,0,0
2020-10-20,0,0,2,0,0,1,0,0,0,0,0,0,80,0,0,1,0,0,0,0,0,17,0,1,0,1,0,0,0,0,0,0,0,1,0,0,1,0,3,0,0,0,0,0,0,0,1,0,0,3,0,2,0,0,0,0,0,0,0,0,0,0,0,0,0,0
2020-10-21,0,0,2,0,0,0,0,0,0,0,0,0,114,0,0,2,0,0,1,0,0,14,0,0,1,0,0,0,0,0,0,0,0,0,0,0,0,0,0,0,0,1,1,0,0,0,0,0,0,0,0,0,0,1,0,0,0,0,0,0,0,0,0,0,0,0
2020-10-22,0,0,1,0,0,0,0,0,1,0,0,0,91,0,0,0,1,0,3,0,1,15,0,0,0,0,0,0,0,0,0,2,0,0,0,0,0,0,0,0,0,1,0,0,0,0,0,0,0,2,0,0,0,0,0,0,0,0,1,0,0,0,0,0,0,0
2020-10-23,0,0,0,0,0,0,0,0,0,0,0,0,74,0,0,0,0,0,0,0,0,8,0,0,0,0,1,0,0,0,0,0,0,1,0,0,0,0,1,0,0,1,0,0,0,1,1,0,0,1,0,0,0,0,0,0,0,0,0,0,1,0,0,0,0,0
2020-10-24,0,0,2,0,0,0,0,0,0,0,0,0,77,0,0,0,0,0,0,0,0,11,1,0,0,0,0,0,0,0,0,0,0,0,0,0,0,0,0,0,0,0,1,0,0,0,0,0,1,0,0,0,0,1,0,0,0,0,0,0,0,0,0,0,0,0
2020-10-25,0,0,1,0,0,0,0,0,0,0,0,0,65,0,0,0,0,0,0,0,0,10,0,0,0,0,0,0,1,0,0,0,0,2,0,1,0,0,1,0,0,1,0,0,0,0,1,0,0,0,0,0,0,0,0,0,0,0,0,0,1,0,0,0,0,0
2020-10-26,1,0,0,0,1,0,0,0,0,0,0,0,74,0,0,1,0,0,1,1,0,8,0,0,0,0,0,0,0,0,0,0,0,2,0,0,0,0,0,0,0,0,1,0,0,0,0,0,0,0,0,0,0,0,0,0,0,0,0,0,0,0,0,0,0,1
2020-10-27,0,0,1,0,1,0,0,0,0,0,0,0,87,0,0,0,0,0,0,0,0,18,0,0,0,0,0,0,0,0,0,0,0,0,0,0,0,0,0,0,0,0,0,0,0,0,0,0,0,1,0,0,0,0,0,0,0,0,0,0,0,0,0,0,0,0
2020-10-28,0,0,0,0,0,0,1,1,1,0,0,1,109,0,0,1,0,0,0,0,0,18,0,0,0,0,0,0,0,0,0,0,0,1,0,0,0,0,2,0,0,1,1,0,1,0,0,0,0,0,0,0,0,0,0,0,0,0,0,0,1,0,0,0,0,0
2020-10-29,0,0,0,0,0,0,0,1,0,0,0,0,111,0,0,0,0,0,2,0,0,12,0,0,1,0,0,0,0,0,0,0,0,0,0,0,0,0,1,0,0,0,0,0,0,1,0,0,0,0,0,0,1,0,0,0,0,0,0,0,3,0,0,0,0,1
2020-10-30,0,0,0,0,0,1,0,1,0,0,0,0,85,0,0,0,0,0,0,1,0,9,0,0,1,0,0,0,2,0,0,0,0,0,0,0,0,0,1,0,0,0,0,0,0,0,0,0,0,0,0,0,0,0,1,0,0,0,0,0,0,0,0,2,0,0
2020-10-31,1,0,2,0,1,0,0,0,0,0,0,0,98,0,0,0,0,0,0,0,0,10,0,0,0,0,0,0,0,0,0,0,0,2,0,0,0,0,1,0,3,1,0,0,0,1,0,0,0,0,0,0,0,0,0,0,0,0,0,0,1,0,0,0,0,0
2020-11-01,0,0,2,0,0,1,0,1,0,0,0,0,99,0,0,0,0,0,2,0,0,15,0,1,0,0,0,0,0,0,2,0,0,0,0,0,1,1,1,0,0,0,0,0,0,1,2,0,0,0,0,0,0,0,0,0,0,0,1,0,0,0,0,0,0,0
2020-11-02,0,0,1,0,0,0,0,0,0,0,0,0,124,0,0,1,0,0,0,0,0,15,0,0,0,0,0,0,0,0,0,0,0,0,0,0,0,1,0,0,0,1,0,0,0,0,0,0,0,0,0,0,0,0,1,0,0,0,0,0,1,0,0,0,0,0
2020-11-03,1,0,1,0,0,0,0,1,0,0,0,0,99,0,0,0,0,0,2,0,0,20,1,0,0,0,1,1,0,0,0,0,0,1,0,0,0,0,0,0,0,0,0,0,1,0,0,1,0,0,0,1,1,0,0,0,0,0,0,0,0,1,0,0,0,0
2020-11-04,0,0,2,0,0,0,0,0,1,0,0,1,93,0,0,0,0,0,0,0,0,14,0,0,0,0,0,0,0,0,0,0,0,0,0,0,0,0,0,0,0,0,0,0,0,0,0,0,0,0,0,0,0,1,0,0,0,0,0,0,1,0,0,0,0,0
2020-11-05,0,0,2,0,0,1,0,0,0,0,0,0,73,0,0,0,0,0,0,0,0,15,0,0,0,1,0,0,0,0,0,0,0,0,0,0,0,0,0,0,0,0,0,0,0,0,0,1,0,0,0,0,0,0,0,0,0,0,0,0,2,0,0,0,0,0
2020-11-06,0,1,0,0,0,0,0,0,0,0,1,0,80,0,0,0,1,0,0,0,1,17,0,0,0,0,0,0,0,0,0,0,0,0,0,0,0,0,0,0,0,0,0,0,0,0,0,0,0,2,0,1,1,0,0,0,0,0,0,0,0,0,0,0,0,0
2020-11-07,0,0,0,0,0,0,0,0,0,0,0,0,78,0,0,0,1,0,1,0,0,8,0,0,0,0,0,0,0,0,0,0,0,0,0,0,0,1,0,0,1,0,0,0,0,1,0,0,0,0,0,1,0,0,0,0,0,0,0,0,2,0,0,1,0,0
2020-11-08,0,0,0,0,0,0,0,0,0,0,0,1,84,0,0,0,0,0,0,0,0,13,0,0,0,0,1,0,0,1,0,0,0,0,0,1,0,0,0,0,0,1,0,0,0,0,0,0,0,0,0,0,0,0,0,0,0,0,0,0,0,0,0,0,0,0
2020-11-09,0,0,0,0,0,0,0,0,0,0,0,0,140,0,0,0,0,0,1,0,0,15,0,0,0,1,0,0,0,0,0,0,0,0,0,0,0,0,0,1,0,0,0,0,0,0,0,1,0,0,0,0,0,0,0,0,0,0,0,0,0,1,0,1,0,0
2020-11-10,0,0,1,0,0,0,0,3,0,0,0,0,82,0,0,0,0,0,2,0,0,15,0,0,0,2,0,0,0,0,2,0,0,0,0,0,1,0,0,0,1,1,0,0,0,0,0,0,0,1,0,0,0,0,1,0,0,0,0,0,0,0,0,0,0,1
2020-11-11,0,0,2,0,0,0,0,2,0,0,0,0,103,0,0,1,0,0,1,0,0,19,0,0,0,0,0,0,0,0,2,0,0,0,0,0,0,0,0,0,0,0,0,0,0,0,0,0,0,0,0,0,1,0,0,0,0,0,0,0,0,1,0,0,0,0
2020-11-12,1,0,0,0,0,0,0,0,0,0,0,0,110,0,0,0,0,1,0,0,0,14,0,0,0,0,0,0,0,0,0,0,0,0,0,0,1,0,1,0,0,2,0,0,0,0,0,0,0,0,0,0,1,0,0,0,0,0,0,0,0,0,0,1,0,0
2020-11-13,0,0,2,0,0,0,0,0,0,0,0,0,109,0,0,0,0,0,0,0,0,15,0,0,0,0,0,0,0,0,0,0,1,0,0,0,0,0,1,0,0,0,0,1,0,0,0,0,0,0,0,1,0,0,0,0,0,0,0,0,0,0,0,0,0,0
2020-11-14,0,0,1,1,0,0,0,2,0,0,0,1,126,0,0,0,0,0,0,0,0,15,0,0,0,0,0,0,0,0,0,0,0,1,0,0,1,1,0,0,0,0,0,0,0,0,0,0,0,0,0,0,0,0,0,0,0,0,0,0,1,0,0,0,0,0
2020-11-15,0,0,1,0,1,2,0,2,0,0,0,0,101,0,0,0,0,0,0,0,0,18,0,0,0,0,0,0,0,0,0,0,0,1,0,0,0,1,1,0,2,1,1,0,0,2,0,0,0,0,0,0,0,0,0,0,0,1,0,0,2,0,0,0,0,0
2020-11-16,0,0,0,0,0,0,0,2,0,0,0,1,123,1,0,0,0,0,3,0,0,18,0,0,0,0,2,0,0,0,0,0,0,0,0,0,2,0,0,0,0,0,0,0,0,0,0,0,2,0,0,0,0,0,1,0,0,0,0,0,4,1,0,0,0,0
2020-11-17,0,0,2,0,0,2,0,0,0,0,0,0,122,0,0,0,0,0,0,0,0,17,0,0,0,0,0,0,0,0,0,0,0,1,0,0,0,1,0,0,1,0,0,0,0,0,0,0,0,0,0,2,0,0,1,0,0,0,0,0,1,1,0,0,0,0
2020-11-18,0,0,6,0,0,0,0,0,0,0,0,0,123,0,0,0,0,0,0,0,0,17,0,0,0,0,0,0,2,0,0,0,0,2,0,0,0,0,0,0,0,0,3,0,0,0,0,0,0,0,0,0,0,0,0,0,0,0,0,0,0,0,0,0,0,0
2020-11-19,0,0,1,0,0,0,0,1,0,0,0,0,101,0,0,0,0,0,1,0,0,18,1,0,0,0,0,0,0,0,0,0,0,0,0,0,0,0,1,1,0,0,0,0,0,0,0,1,0,0,0,0,0,0,0,0,0,0,1,0,2,1,0,0,0,0
2020-11-20,0,1,2,0,0,1,1,0,0,0,0,0,117,0,0,0,0,0,1,1,1,14,0,0,1,1,0,0,1,0,1,0,0,0,0,0,0,0,0,0,0,0,0,0,0,0,0,0,1,0,0,1,0,0,0,0,0,0,0,0,2,0,0,0,0,0
2020-11-21,0,0,1,0,0,0,0,2,0,0,0,0,103,0,0,1,0,0,1,0,0,18,1,0,0,0,1,0,0,0,0,0,0,0,0,0,1,0,1,0,1,0,0,0,0,0,0,0,0,1,0,1,0,1,0,0,0,0,0,0,0,0,0,0,0,0
2020-11-22,0,0,1,0,0,0,0,0,0,0,0,0,116,0,0,1,0,1,2,0,0,26,0,0,0,2,0,0,0,0,0,0,0,0,0,0,0,0,0,0,0,0,1,0,0,0,1,0,0,0,0,0,1,0,0,0,0,0,0,1,1,0,0,0,0,0
2020-11-23,0,0,2,0,0,0,1,0,0,0,0,0,122,0,0,0,0,0,0,0,0,20,0,0,0,1,0,1,0,0,0,0,0,2,0,1,0,1,1,0,0,0,0,0,2,0,0,0,0,0,0,0,1,1,0,1,0,0,0,0,1,0,0,2,0,0
2020-11-24,0,0,1,0,0,0,0,0,0,1,0,0,114,0,0,0,1,0,0,0,0,18,0,0,0,0,1,0,0,0,0,1,0,0,1,0,0,0,2,0,0,0,0,0,0,0,0,2,0,1,0,0,0,0,0,0,0,0,0,0,0,0,0,0,0,0
2020-11-25,1,0,3,0,1,0,0,1,0,0,0,0,136,0,0,0,0,0,0,0,0,18,0,0,0,0,1,1,1,1,0,0,0,0,0,1,1,0,0,0,0,1,1,0,0,1,0,0,0,0,0,1,0,0,0,0,0,0,0,0,1,0,0,1,0,2
2020-11-26,0,0,1,0,0,0,0,2,0,0,5,0,91,0,0,0,0,0,0,0,0,15,0,0,0,0,0,0,0,0,0,0,0,0,0,1,1,1,0,0,0,0,0,0,0,0,0,0,0,0,0,0,0,0,3,0,0,2,0,0,0,0,0,0,0,0
2020-11-27,0,0,1,0,0,0,0,1,0,0,3,0,80,0,0,1,1,0,0,0,0,13,0,0,0,0,1,0,0,1,0,0,0,0,0,0,0,0,0,0,0,0,0,0,0,0,2,0,0,0,0,0,0,0,0,0,0,0,0,0,0,0,0,0,0,0
2020-11-28,0,0,1,0,0,0,0,0,0,0,0,0,119,1,0,0,0,0,1,0,0,19,0,0,0,0,0,0,0,0,0,0,1,1,0,0,0,0,1,0,0,0,0,0,0,0,0,0,1,0,0,1,0,0,1,0,0,0,1,0,2,0,0,0,0,0
2020-11-29,0,0,2,0,0,0,0,0,0,0,0,0,135,0,0,0,0,0,1,0,1,14,0,0,0,0,0,0,1,0,1,0,0,0,0,0,0,0,0,0,0,0,0,0,0,0,0,0,0,0,0,0,0,0,3,0,0,0,0,0,0,0,0,0,0,0
2020-11-30,0,0,1,0,0,0,0,0,0,0,0,0,94,0,0,1,0,0,2,0,0,17,0,0,0,0,1,0,0,0,0,0,0,0,0,0,0,0,0,0,0,0,0,0,0,0,0,0,0,1,1,0,1,0,0,0,0,0,0,0,1,0,0,0,0,0
2020-12-01,0,0,2,0,0,0,0,0,0,2,1,0,103,0,0,0,0,0,0,0,0,19,1,0,0,0,0,0,0,0,0,0,0,2,0,0,0,0,0,1,0,0,0,0,0,0,0,1,0,0,0,1,0,0,0,0,0,0,0,0,2,1,0,0,0,0
2020-12-02,0,0,3,0,0,0,1,1,0,0,0,0,110,0,0,0,0,0,2,0,0,20,0,0,0,0,1,0,0,0,0,0,0,0,0,0,0,1,0,0,0,0,1,0,0,0,0,0,0,0,0,1,0,0,1,0,0,0,1,0,1,0,0,0,0,0
2020-12-03,1,1,3,0,0,0,1,1,0,0,0,0,83,0,0,0,0,1,1,0,0,14,0,0,0,0,0,1,0,1,0,0,0,0,0,0,0,0,1,1,0,0,0,0,0,0,0,0,0,0,0,1,0,0,0,0,0,0,0,0,1,0,0,0,0,0
2020-12-04,0,0,3,0,0,0,0,0,0,0,0,0,105,0,0,0,0,0,1,0,0,8,0,0,0,0,0,0,0,0,0,0,0,0,0,0,0,0,0,0,0,0,0,0,0,0,2,0,0,0,1,0,0,0,0,0,0,0,0,0,0,0,0,0,0,0
2020-12-05,0,0,1,0,0,0,0,1,0,0,0,0,93,0,0,0,0,0,0,0,0,10,0,0,0,0,0,0,0,0,0,0,0,1,0,0,0,0,0,0,0,0,0,0,0,0,0,1,0,0,0,0,0,0,0,0,0,0,0,0,0,0,0,0,0,0
2020-12-06,0,0,0,0,0,0,0,2,0,0,0,0,70,0,0,0,2,0,3,0,0,7,0,0,0,0,2,0,0,0,1,0,0,0,0,0,0,0,0,0,0,0,0,0,0,0,0,0,1,0,0,0,0,0,0,0,0,0,0,0,0,0,0,0,0,0
2020-12-07,0,0,3,0,1,0,0,0,0,0,0,0,88,0,0,0,0,0,2,0,0,17,0,0,0,1,0,0,0,0,0,0,0,1,0,0,0,0,0,0,0,0,0,0,0,0,0,0,0,2,0,0,0,0,1,0,0,0,0,0,1,0,0,0,0,0
2020-12-08,0,0,1,0,0,0,0,0,0,0,0,0,103,0,0,0,1,0,0,1,0,11,0,0,0,0,0,0,0,0,0,0,0,0,0,0,0,0,0,0,2,0,0,0,0,1,0,0,0,0,0,0,0,0,0,0,0,0,1,0,0,0,0,0,0,0
2020-12-09,0,0,0,0,0,0,0,0,0,0,0,0,93,0,0,0,0,0,0,0,1,8,0,0,0,0,0,0,0,0,0,0,0,0,0,0,0,0,0,0,0,0,0,0,0,0,0,0,0,0,0,0,0,0,0,0,0,0,2,0,0,0,0,0,0,0
2020-12-10,0,0,1,0,0,0,0,1,0,0,0,0,62,0,0,0,0,0,1,0,0,12,0,0,0,0,0,0,0,0,1,0,0,1,0,0,1,0,0,0,0,1,0,0,0,0,0,0,0,0,0,0,0,0,0,0,0,0,0,0,1,0,0,0,0,0
2020-12-11,0,0,2,0,0,0,0,0,0,0,0,0,62,0,0,0,0,0,1,0,0,8,0,0,0,0,0,0,0,0,0,0,0,0,0,0,1,0,1,0,0,0,0,0,0,0,0,0,0,0,0,0,0,0,0,0,0,0,0,0,0,0,0,0,0,0
2020-12-12,0,0,3,0,0,1,0,1,0,0,0,0,71,0,0,0,0,0,0,0,0,6,0,0,1,0,0,0,0,1,1,0,0,0,0,0,0,0,0,0,1,0,0,0,0,0,0,0,0,0,0,0,0,0,0,0,0,0,0,0,0,0,0,0,0,0
2020-12-13,0,0,0,0,0,0,0,0,0,0,0,0,63,0,0,0,0,0,1,0,0,8,0,0,0,0,0,0,0,0,0,0,0,0,0,0,0,0,2,0,0,0,0,0,1,0,0,0,0,0,0,0,0,0,0,0,0,0,0,0,0,0,0,0,0,0
2020-12-14,0,0,1,0,0,0,0,0,0,0,0,0,70,0,0,0,0,0,2,0,0,8,0,1,0,0,0,0,2,0,0,0,0,1,0,0,0,0,0,0,0,0,0,2,0,0,0,0,0,0,0,0,0,0,0,0,0,0,0,0,0,0,1,1,0,0
2020-12-15,0,0,2,0,0,0,0,0,0,0,1,0,80,0,0,0,0,0,0,0,0,6,0,0,0,0,0,0,0,0,0,0,0,0,0,0,0,0,1,0,0,0,0,0,0,0,1,0,0,0,0,0,0,0,0,0,0,0,0,0,0,0,0,0,0,0
2020-12-16,0,0,1,0,0,0,0,0,0,0,0,0,40,0,0,0,0,0,0,0,0,6,1,0,0,0,0,0,0,0,0,0,0,1,0,0,1,1,0,0,0,0,0,0,0,0,0,0,0,0,0,0,0,1,0,0,0,0,0,0,0,0,0,2,0,0
2020-12-17,0,0,1,0,0,0,0,0,0,0,0,0,51,0,0,0,0,0,0,0,0,12,0,0,0,0,0,0,0,1,0,0,0,0,0,0,0,0,0,0,0,0,0,0,0,0,0,0,0,0,0,0,0,0,0,0,0,0,0,0,0,0,0,0,0,0
2020-12-18,0,0,4,0,0,0,0,0,0,0,0,0,34,0,0,1,0,1,0,0,0,5,0,0,0,0,0,0,0,0,0,0,0,2,0,0,0,1,0,0,0,0,0,0,0,0,0,0,0,0,0,0,0,0,0,0,0,0,0,0,0,1,0,0,0,0
2020-12-19,0,0,0,0,0,0,0,0,0,0,0,0,42,0,0,0,0,0,0,0,0,3,0,0,0,0,0,1,0,0,0,0,0,0,0,0,0,0,1,0,0,1,0,0,0,0,0,0,0,0,0,0,0,0,0,0,0,0,0,0,0,0,0,0,0,0
2020-12-20,0,0,0,0,0,0,0,0,0,0,2,0,32,0,0,0,0,0,0,0,0,8,0,0,0,0,0,0,0,0,0,0,0,0,0,0,0,0,0,1,0,0,1,0,0,0,0,0,0,0,0,0,0,0,0,0,0,0,0,0,0,0,0,0,0,0
2020-12-21,0,0,1,0,0,0,0,0,0,0,0,1,52,0,0,2,0,0,0,0,0,5,0,0,0,0,1,0,0,0,0,0,0,0,0,0,0,0,2,0,0,0,0,0,0,0,0,0,0,0,1,0,0,0,0,0,0,0,0,0,0,0,0,0,0,0
2020-12-22,0,0,0,0,0,0,0,0,0,0,0,0,50,0,0,0,0,0,0,0,0,10,0,0,0,0,0,0,0,0,0,0,0,0,0,1,1,0,0,0,0,0,0,0,0,0,0,0,0,2,0,0,0,0,0,0,0,0,0,0,0,0,0,0,0,0
2020-12-23,0,0,1,0,0,0,0,0,0,0,0,0,59,0,0,0,1,0,1,0,0,3,0,0,0,0,0,0,0,0,0,0,0,0,0,0,0,0,0,0,0,0,0,0,0,0,0,0,0,0,0,0,0,0,0,0,0,0,0,0,1,0,0,1,0,0
2020-12-24,0,0,1,0,0,0,0,0,0,0,0,0,52,0,0,0,1,0,0,0,0,10,0,0,0,0,0,0,4,0,3,0,0,0,0,0,0,0,1,0,0,0,0,0,0,1,1,0,0,0,0,0,0,0,1,0,0,0,0,0,0,0,0,0,0,0
2020-12-25,0,0,3,0,1,0,0,1,0,0,0,0,57,0,0,0,0,0,0,0,0,10,0,0,0,0,0,0,0,0,0,0,0,0,0,0,0,1,0,0,0,0,0,0,0,0,0,0,0,0,0,0,0,0,0,0,0,0,0,0,2,0,0,0,0,0
2020-12-26,0,0,0,0,0,0,0,1,0,0,0,0,48,0,0,0,0,0,0,1,0,3,0,0,0,0,0,0,0,0,0,0,0,0,0,0,0,0,0,1,0,0,0,0,0,0,0,0,0,0,0,0,0,0,0,0,0,0,0,0,0,0,0,0,0,0
2020-12-27,0,0,3,0,2,0,0,0,0,0,0,0,56,0,0,0,0,0,1,0,0,7,0,0,2,0,0,0,1,0,0,0,0,0,0,0,0,0,1,0,0,0,0,0,0,0,0,0,0,0,0,0,0,0,0,0,1,0,0,0,1,0,0,0,0,0
2020-12-28,0,0,1,0,0,0,0,0,0,0,0,0,53,0,0,0,0,1,0,0,0,5,0,0,0,0,0,1,0,0,0,0,0,0,0,0,0,0,0,0,0,1,0,0,0,0,0,0,0,0,0,0,0,0,0,0,0,0,0,0,0,0,0,2,0,0
2020-12-29,0,0,1,0,1,0,0,0,0,0,1,0,56,0,0,0,0,0,0,0,0,1,0,0,1,0,0,0,0,0,1,0,0,1,0,0,0,0,0,0,0,0,0,0,0,0,0,0,0,0,0,0,1,0,0,0,2,1,0,0,0,0,0,0,0,0
2020-12-30,0,0,1,0,0,0,0,0,0,0,0,0,64,0,0,0,1,0,0,0,0,7,0,0,0,0,0,0,0,1,1,0,0,0,0,0,0,0,0,0,0,0,0,0,0,0,0,0,0,0,0,0,0,0,0,0,0,0,0,0,0,0,0,0,0,0
2020-12-31,0,0,0,0,0,0,0,0,0,0,0,0,48,0,0,0,0,0,0,0,0,7,0,0,1,0,0,0,0,0,1,0,0,0,0,0,0,0,0,0,0,1,0,0,0,0,0,0,0,0,0,0,0,0,0,0,0,0,0,0,0,0,0,2,0,0
2021-01-01,0,0,0,0,0,0,0,0,0,0,0,0,29,0,0,0,0,0,0,0,0,7,1,0,0,0,0,0,0,0,0,0,0,0,0,0,0,0,0,0,0,0,0,0,0,0,0,0,0,0,0,0,0,0,0,0,0,0,0,0,0,0,0,0,0,0
2021-01-02,0,0,0,0,0,0,0,0,0,0,0,1,51,0,0,0,0,0,2,0,0,5,0,0,0,1,0,0,0,0,0,1,0,0,0,0,0,0,0,0,0,0,0,0,0,0,0,0,0,0,0,0,0,0,0,0,0,0,0,0,1,0,0,0,0,0
2021-01-03,0,0,0,0,0,0,0,1,0,0,0,0,49,0,0,0,0,0,0,0,0,4,0,0,1,0,1,0,1,0,0,0,0,1,0,0,0,0,0,0,0,0,0,0,0,0,0,0,0,0,0,0,0,0,0,0,0,0,1,0,0,0,0,0,0,0
2021-01-04,0,0,1,0,1,0,0,0,0,0,0,0,62,0,0,0,0,0,0,0,0,4,0,0,0,0,0,0,0,0,0,0,0,1,0,0,0,0,0,0,0,0,0,0,0,0,0,0,0,0,0,0,0,0,0,0,0,0,0,0,3,2,0,0,0,0
2021-01-05,0,0,0,0,0,0,0,1,1,0,0,0,82,0,0,0,0,0,3,0,0,10,0,0,0,0,0,0,0,0,0,0,0,0,0,0,0,0,0,0,0,0,0,0,0,0,0,0,0,0,0,1,0,0,0,0,0,0,0,0,1,0,0,0,0,0
2021-01-06,0,0,0,0,0,0,0,0,0,0,0,1,48,0,0,0,0,0,0,0,0,14,0,0,0,0,0,0,1,0,0,0,0,2,0,1,0,0,1,0,0,0,0,0,1,0,0,0,0,0,0,0,0,0,0,0,0,0,0,0,0,0,0,0,0,0
2021-01-07,0,0,2,0,0,0,0,0,0,0,0,0,46,0,0,0,0,0,1,0,0,7,0,0,0,0,0,0,0,0,0,0,0,0,0,0,0,0,0,0,0,0,0,0,0,0,0,0,0,0,0,0,0,1,1,0,0,0,0,0,1,0,0,0,0,0
2021-01-08,0,0,2,0,0,0,0,0,0,0,0,0,34,0,0,0,0,0,2,0,0,1,0,0,0,0,0,0,0,0,0,0,0,0,0,0,0,0,0,0,0,0,0,0,0,0,0,0,0,0,0,0,1,0,0,0,0,0,0,0,0,0,0,0,0,0
2021-01-09,0,0,1,0,0,0,0,0,0,0,0,1,44,1,0,0,0,0,0,0,0,3,0,0,0,0,0,0,0,0,0,0,0,0,0,0,0,0,0,0,0,0,0,0,0,0,0,0,0,0,0,0,0,0,0,0,0,0,0,0,2,0,0,0,0,0
2021-01-10,0,0,2,0,0,0,0,0,0,0,0,0,35,0,0,0,2,0,0,0,0,9,0,0,0,0,0,0,0,1,0,0,0,0,0,0,0,0,0,0,0,0,0,0,0,0,0,0,0,0,0,0,0,0,0,0,0,0,0,0,0,0,0,0,0,0
2021-01-11,0,0,1,1,0,0,0,0,0,0,0,0,52,1,0,0,0,0,0,0,0,8,0,0,0,0,0,0,0,0,0,0,0,0,0,0,0,1,0,0,0,0,0,0,0,0,0,0,0,0,0,0,1,0,0,0,0,0,0,0,0,0,0,0,0,0
2021-01-12,0,0,0,0,0,0,0,1,0,0,0,0,47,0,0,0,0,0,0,1,0,8,0,0,0,0,0,0,0,0,0,0,0,0,0,0,0,0,0,0,0,0,0,1,0,0,0,1,0,0,0,0,0,0,0,0,0,0,0,0,0,1,0,0,0,0
2021-01-13,0,0,0,0,1,0,0,0,0,0,0,0,40,1,0,0,0,0,0,0,0,5,0,0,0,0,0,0,0,0,0,0,0,1,0,0,0,0,0,0,0,0,0,0,0,0,0,0,0,1,0,0,0,0,0,0,0,0,0,0,0,0,0,0,0,0
2021-01-14,0,0,1,0,0,0,0,0,0,0,0,0,39,0,0,0,0,0,0,0,0,2,2,0,0,0,0,0,0,3,0,0,0,0,0,0,0,1,0,0,0,0,0,0,0,0,0,0,0,0,0,0,0,0,0,0,0,0,0,0,0,0,0,0,0,0
2021-01-15,0,0,0,0,0,0,0,0,0,0,0,0,51,0,0,0,0,0,0,0,0,2,0,0,0,0,0,0,0,0,0,0,0,0,0,0,0,0,0,0,0,0,0,0,0,0,0,0,0,0,0,0,0,0,0,0,0,0,0,0,0,0,0,1,0,0
2021-01-16,0,0,0,0,2,1,0,0,0,0,0,0,46,1,0,0,0,0,0,0,0,4,1,0,0,0,0,0,0,0,3,0,0,0,0,0,0,0,1,0,0,0,0,0,0,0,0,0,0,0,0,0,0,0,0,0,0,0,0,0,1,0,0,0,0,0
2021-01-17,0,0,1,0,0,0,0,0,0,0,0,0,47,0,0,0,0,0,1,0,1,4,0,0,0,0,0,0,0,0,0,0,0,0,0,0,1,0,3,0,0,0,1,0,0,0,0,0,0,0,0,0,0,1,0,0,0,0,0,0,0,0,0,0,0,0
2021-01-18,0,0,0,0,0,0,0,0,0,0,0,1,42,0,0,0,0,0,0,0,0,1,0,0,0,0,0,0,1,0,0,0,0,0,0,0,0,0,0,0,1,0,0,0,0,0,0,0,0,0,0,0,0,0,0,0,0,0,0,0,0,0,0,0,0,0
2021-01-19,0,0,0,0,0,0,0,1,0,1,0,0,40,0,0,0,0,0,0,0,0,4,0,0,0,0,1,0,0,0,0,0,0,0,0,0,0,0,0,0,0,0,0,0,0,0,0,0,0,0,0,0,0,0,0,0,0,0,0,0,0,0,0,0,0,0
2021-01-20,0,0,0,0,0,0,0,0,0,0,0,0,43,0,0,0,0,0,1,0,0,2,0,0,0,0,0,0,0,0,0,0,1,0,0,0,0,0,0,0,0,0,0,0,0,0,0,0,0,0,0,0,0,0,0,0,0,0,0,0,0,0,0,0,0,0
2021-01-21,0,0,0,0,0,0,0,0,0,0,0,2,33,1,0,0,0,0,0,0,0,1,1,0,0,0,0,0,1,0,0,0,0,0,0,0,0,0,0,0,0,0,0,0,0,0,0,0,1,0,0,0,0,0,0,0,0,0,0,0,0,0,0,0,0,0
2021-01-22,0,0,0,0,0,0,0,0,0,0,0,0,25,0,0,0,0,0,0,0,0,1,0,0,0,0,0,0,0,0,0,0,0,0,0,0,0,0,0,0,0,0,0,0,0,0,0,0,0,0,0,0,0,0,0,0,0,0,0,0,1,0,0,0,0,0
2021-01-23,0,1,0,0,0,0,0,0,0,0,0,0,45,1,0,0,0,0,0,0,0,1,1,0,0,0,0,0,0,0,0,0,0,1,0,0,0,0,0,0,0,1,0,0,0,0,0,0,0,0,0,0,0,0,0,0,0,0,0,0,0,0,1,0,0,0
2021-01-24,0,0,2,0,1,1,0,1,0,0,0,0,33,0,0,0,0,0,0,0,0,2,0,0,0,0,0,0,0,0,0,0,0,0,0,0,0,0,0,0,0,0,0,0,0,0,0,0,0,0,0,0,0,0,0,0,0,0,0,0,1,0,0,0,0,0
2021-01-25,0,0,0,0,0,0,0,0,0,0,0,0,34,0,0,0,0,0,0,0,0,6,0,0,0,0,0,0,0,1,0,0,0,0,0,0,0,0,0,0,0,0,0,0,0,1,0,0,0,0,0,0,0,0,0,0,0,0,0,0,0,0,0,0,0,0
2021-01-26,1,0,0,0,0,0,0,1,0,0,0,0,38,0,0,0,0,0,0,0,0,7,0,0,0,0,0,0,0,0,0,0,0,0,0,0,0,1,0,0,0,0,0,0,0,0,0,0,0,0,0,0,0,0,0,0,0,0,0,0,2,0,0,0,0,0
2021-01-27,0,0,0,0,0,0,0,0,0,0,0,0,35,0,0,0,0,0,0,0,0,4,0,0,1,0,0,0,0,1,0,0,0,0,0,0,0,0,0,0,0,0,0,0,0,0,0,0,0,0,0,0,0,0,0,0,0,0,0,0,0,0,0,0,0,0
2021-01-28,1,0,1,0,0,0,0,0,0,0,0,0,30,0,0,0,1,0,0,0,0,3,0,0,0,0,0,0,0,0,0,0,0,1,0,0,0,0,1,0,0,0,0,0,0,0,0,0,0,0,0,0,0,0,0,0,0,0,0,0,0,0,0,0,0,0
2021-01-29,0,0,0,0,0,0,0,0,0,0,0,0,34,0,0,0,0,0,1,0,0,2,0,0,0,0,0,0,0,0,0,0,0,0,1,0,0,0,0,0,0,0,0,0,0,0,0,0,0,0,0,0,0,0,0,0,0,0,0,0,0,0,0,0,0,0
2021-01-30,0,0,1,0,0,0,0,0,0,0,0,0,26,0,0,0,0,0,0,0,0,1,0,0,0,0,0,0,0,0,0,0,0,0,0,0,0,0,0,0,0,0,0,1,0,0,0,0,0,0,0,0,0,0,0,0,0,0,0,0,0,0,0,1,0,0
2021-01-31,0,0,0,0,0,0,0,0,0,0,0,0,29,0,0,0,0,0,0,0,0,1,0,0,0,0,0,0,0,0,0,0,0,0,0,0,0,0,0,0,0,0,0,0,0,0,0,0,0,0,0,0,0,0,0,0,1,0,0,0,0,0,0,0,0,0
2021-02-01,0,0,0,0,0,0,0,0,0,0,0,0,34,0,0,0,0,0,0,0,0,4,0,0,0,0,0,0,0,0,0,0,0,0,0,0,0,0,0,0,0,0,0,0,0,1,0,0,0,0,0,0,0,0,0,0,0,0,0,0,0,0,0,0,0,0
2021-02-02,0,0,0,0,0,1,0,1,0,0,0,0,32,0,0,0,1,0,0,0,0,2,0,0,0,0,0,0,0,0,0,0,0,2,0,0,0,1,0,0,0,0,0,0,0,0,0,0,0,0,0,0,0,0,0,0,0,0,0,0,2,1,0,0,0,0
2021-02-03,0,0,1,0,0,0,0,0,0,0,0,0,29,0,0,1,0,0,0,0,0,5,0,0,0,0,0,0,0,0,0,0,0,0,0,0,0,0,0,0,0,0,0,0,0,0,0,0,0,0,0,0,0,0,0,0,0,0,2,0,0,0,0,0,0,0
2021-02-04,0,0,0,0,0,0,0,0,0,0,0,0,34,0,0,0,0,0,0,0,0,3,0,0,0,0,0,0,0,0,0,0,0,0,0,0,0,0,0,0,0,0,0,0,0,0,0,0,0,0,0,0,0,0,0,0,0,0,0,0,1,0,0,0,0,0
2021-02-05,0,0,0,0,0,0,0,0,0,0,0,0,24,0,0,0,0,0,0,0,0,4,0,0,0,0,0,0,0,0,0,0,0,1,0,0,0,0,0,0,0,0,0,0,0,0,0,0,0,0,0,0,1,0,0,0,0,0,0,0,0,0,0,0,0,0
2021-02-06,0,0,0,0,0,0,0,0,0,0,0,0,28,0,0,0,0,0,0,0,0,7,0,0,0,0,0,0,0,0,0,0,0,3,0,0,0,0,0,0,0,0,0,0,0,0,0,0,0,0,0,0,1,0,0,0,0,0,0,0,0,0,1,0,0,0
