date,Brahmanbaria,Satkhira,Chittagong,Magura,Kushtia,Chandpur,Panchagarh,Mymensingh,Nilphamari,Narail,Gopalganj,Manikganj,Unknown,Meherpur,Feni,Noakhali,Barguna,Gazipur,Pirojpur,Jamalpur,Dhaka,Natore,Chuadanga,Madaripur,Jaipurhat,Bogra,Cox's Bazar,Narsingdi,Rangpur,Naogaon,Sunamganj,Bhola,Comilla,Khagrachhari,Rajbari,Dinajpur,Faridpur,Sylhet,Chapainawabganj,Rajshahi,Munshiganj,Pabna,Sherpur,Rangamati,Thakurgaon,Habiganj,Sirajganj,Jhenaidah,Netrokona,Bagerhat,Tangail,Barisal,Gaibandha,Kishoreganj,Bandarban,Shariatpur,Kurigram,Lalmonirhat,Lakshmipur,Narayanganj,Jessore,Maulvibazar,Khulna,Jhalokati,Patuakhali
2020-04-03,4,0,17,5,0,2,3,2,0,0,0,1,0,0,1,4,1,14,0,0,124,2,0,7,1,4,5,4,1,0,0,0,8,0,1,1,0,4,1,1,1,3,3,0,1,3,0,3,0,1,2,1,3,4,0,1,0,0,0,9,0,0,5,0,3
2020-04-04,7,3,38,0,9,4,1,8,4,0,0,1,0,1,11,9,0,6,6,4,249,4,2,4,2,5,6,11,8,6,1,2,15,3,4,4,1,6,1,2,2,8,3,1,4,7,13,1,5,0,10,10,7,3,0,0,1,0,4,51,12,7,7,0,0
2020-04-05,7,3,42,3,2,9,3,14,1,0,5,6,0,1,1,9,2,29,0,7,278,1,2,5,2,8,14,8,3,3,1,2,22,2,2,3,2,21,4,11,8,6,1,0,2,1,3,0,7,3,10,5,7,2,0,0,0,0,2,29,7,2,10,3,9
2020-04-06,21,16,63,3,5,6,0,20,3,5,6,7,0,3,16,15,2,39,3,13,604,4,5,1,2,21,8,7,13,1,5,1,20,2,1,6,10,16,3,10,3,11,4,0,2,1,11,6,8,0,5,18,3,4,7,9,4,1,2,51,14,6,25,1,5
2020-04-07,0,0,21,2,1,1,1,2,4,2,1,3,0,2,1,3,0,14,1,1,174,1,0,1,0,3,9,4,4,3,1,0,6,0,0,2,3,7,0,5,7,8,0,2,0,1,3,1,2,1,2,7,1,1,0,1,1,0,3,10,7,0,5,0,2
2020-04-08,1,0,6,0,1,1,0,4,0,0,0,0,0,0,1,0,1,11,0,0,355,5,0,1,0,5,1,0,0,0,0,0,2,0,0,0,1,1,0,1,0,0,2,1,0,0,0,0,2,0,2,3,1,2,0,2,0,0,0,2,0,0,0,0,0
2020-04-09,0,1,20,0,1,5,1,3,2,0,1,4,0,0,2,3,1,3,3,2,124,5,2,2,2,5,1,5,5,3,0,0,5,2,0,3,2,3,1,3,4,3,1,0,1,5,4,4,2,0,18,2,5,4,0,2,0,0,1,17,3,0,8,3,1
2020-04-10,1,0,6,0,2,6,0,4,0,1,0,0,268,0,3,0,0,4,0,0,78,3,1,0,0,5,5,6,5,1,0,0,1,4,0,1,3,0,1,2,2,4,1,1,0,2,0,0,3,2,8,1,0,4,1,1,1,0,0,2,3,1,4,2,0
2020-04-11,0,1,14,0,2,2,0,0,0,1,0,0,631,0,0,2,0,2,0,0,55,1,0,0,1,0,0,3,0,1,1,0,3,0,0,0,1,1,0,1,0,0,0,0,0,0,1,0,1,0,1,0,2,0,0,0,0,0,1,17,2,1,1,0,1
2020-04-12,1,1,10,2,1,2,0,0,1,0,1,0,583,0,0,1,0,6,1,0,37,0,0,2,0,7,0,0,2,2,0,3,0,0,0,1,0,1,0,1,0,0,0,0,1,0,0,1,0,1,1,1,0,2,0,0,1,0,2,11,0,2,2,0,0
2020-04-13,2,0,7,0,0,2,1,1,0,0,0,2,482,0,1,1,0,1,0,1,50,0,1,0,0,1,0,4,6,1,0,0,3,0,0,0,0,2,0,1,1,1,1,0,0,0,2,2,2,2,0,0,2,0,0,1,0,0,0,7,0,0,1,0,0
2020-04-14,0,2,4,1,0,0,0,3,0,0,1,1,455,0,0,1,0,4,0,2,39,0,0,0,0,0,0,0,1,5,0,0,6,2,1,0,0,1,0,1,0,1,0,0,0,0,1,9,0,0,1,3,0,2,0,0,0,0,0,7,1,0,1,0,2
2020-04-15,0,3,3,2,3,1,0,1,6,0,1,0,488,0,0,1,0,5,0,1,44,0,0,0,0,4,0,2,1,1,0,0,3,1,0,1,0,0,1,0,0,0,0,0,1,0,1,0,1,0,0,2,2,12,0,1,0,0,0,5,1,0,0,0,0
2020-04-16,1,1,1,0,0,0,0,5,0,0,1,1,236,0,0,1,0,3,0,0,37,0,0,0,0,1,1,3,1,0,0,0,1,0,0,0,4,0,1,1,0,1,0,0,0,0,0,0,1,0,0,1,1,1,0,0,0,0,0,3,0,1,2,0,0
2020-04-17,2,0,13,0,0,2,0,2,0,2,0,1,389,0,0,0,0,7,0,0,65,0,1,0,0,3,2,0,2,2,0,0,5,1,0,0,1,3,2,1,0,0,0,0,0,0,1,0,0,4,1,2,0,3,0,0,0,0,0,3,0,0,2,0,0
2020-04-18,0,0,6,0,2,0,0,2,2,0,0,0,358,0,2,1,0,1,1,0,51,1,0,0,0,1,2,0,3,2,0,0,1,0,0,2,1,2,0,2,0,0,0,0,0,0,0,1,0,0,1,1,0,1,0,0,0,0,1,7,0,0,2,0,0
2020-04-19,1,2,7,0,0,0,0,0,0,0,0,1,288,0,0,0,0,5,2,1,47,0,0,0,0,2,1,1,4,2,0,0,2,0,0,2,1,2,0,0,1,0,0,0,3,0,1,0,0,2,2,1,0,0,0,0,0,0,1,4,1,0,0,0,1
2020-04-20,0,0,15,0,0,4,0,3,0,0,0,1,473,0,1,0,0,10,0,1,80,0,1,0,0,4,2,0,2,1,0,0,10,0,0,3,1,2,1,2,1,1,4,0,0,0,1,1,1,1,2,1,0,1,0,0,0,1,0,10,0,1,2,0,0
2020-04-21,1,0,6,0,0,2,0,8,0,0,0,0,577,0,2,4,1,15,0,2,81,0,0,5,1,1,2,3,1,2,0,0,2,0,0,1,1,9,1,2,1,3,0,1,0,0,1,1,0,1,8,0,0,5,0,0,0,1,0,6,1,1,0,0,2
2020-04-22,1,0,18,0,4,1,0,8,0,0,0,0,507,1,1,1,6,2,0,1,66,1,6,1,0,8,0,1,1,0,1,0,2,0,0,2,0,1,0,1,2,0,0,0,1,2,1,0,1,1,2,2,0,7,0,1,0,1,0,9,4,0,6,0,0
2020-04-23,1,0,9,0,2,1,0,3,0,0,2,0,383,0,1,2,0,17,0,3,57,0,0,0,0,7,2,1,4,1,0,0,2,0,0,4,1,6,1,3,2,0,0,0,0,0,1,1,0,0,4,1,0,2,0,0,2,0,1,6,1,0,2,0,0
2020-04-24,0,0,12,0,1,3,1,3,0,0,0,0,487,3,0,5,0,6,1,1,58,1,2,5,0,2,7,0,1,0,1,0,5,0,0,1,1,2,4,2,1,4,2,0,0,0,3,2,0,3,2,5,4,4,1,0,0,0,0,0,3,1,0,0,0
2020-04-25,0,0,4,1,0,2,1,1,0,1,0,1,337,0,0,1,0,4,0,0,43,0,0,0,1,2,3,2,3,0,0,0,5,0,0,2,1,5,1,1,0,5,0,0,1,0,2,0,0,1,5,1,0,0,0,0,0,1,0,8,0,0,1,0,0
2020-04-26,0,0,5,0,8,1,0,5,0,1,0,0,271,0,2,1,0,2,1,2,39,0,0,2,0,1,0,2,1,1,0,1,0,1,0,2,0,0,0,0,0,1,0,0,0,0,1,1,1,3,0,1,0,1,0,0,0,0,0,1,0,0,1,0,2
2020-04-27,1,0,3,0,0,1,0,3,0,0,1,0,298,0,1,1,0,4,1,2,52,1,0,0,0,3,0,0,3,1,0,0,1,1,2,1,0,0,0,0,5,3,1,0,0,1,0,1,1,1,5,2,0,1,0,4,0,1,0,3,3,0,0,0,0
2020-04-28,0,0,8,0,1,0,0,0,0,1,0,0,224,0,0,0,0,3,0,1,43,1,0,1,0,0,0,1,1,0,1,0,1,0,0,0,0,1,1,0,0,1,0,0,0,2,2,1,1,0,0,0,0,0,0,0,0,0,0,3,2,0,0,0,1
2020-04-29,0,0,8,0,2,2,0,1,0,0,0,0,229,1,3,1,0,1,0,4,41,2,0,0,0,5,0,0,1,0,0,2,6,0,0,0,3,2,0,0,0,2,0,0,0,0,0,1,0,0,0,0,0,0,0,0,0,0,0,4,1,0,2,0,0
2020-04-30,0,0,6,0,0,2,0,0,0,0,0,1,263,0,2,0,0,6,1,0,54,1,1,1,0,3,0,0,1,0,0,0,0,0,0,2,0,0,1,2,0,2,1,2,2,1,0,0,2,0,2,0,0,0,0,0,0,0,0,8,0,0,0,0,0
2020-05-01,0,0,6,1,0,1,0,3,0,0,1,0,269,0,0,4,0,4,0,0,55,0,1,0,0,0,0,2,1,2,0,0,2,0,0,0,0,2,0,1,3,3,1,0,0,0,0,0,2,0,1,1,0,0,0,0,0,0,0,7,1,0,1,0,0
2020-05-02,1,0,2,0,0,1,0,2,1,0,1,0,475,1,2,0,0,5,1,0,57,0,0,1,0,4,0,0,0,4,0,3,2,0,0,2,1,3,0,0,0,0,0,0,0,0,1,3,0,1,0,1,0,1,0,1,0,0,1,2,1,0,0,0,0
2020-05-03,0,1,6,0,3,0,0,0,0,0,1,0,257,0,0,3,0,4,1,1,28,0,0,0,0,1,0,2,0,0,0,0,0,0,1,0,2,0,0,0,0,0,0,0,0,0,2,0,0,0,0,1,0,0,0,0,0,0,0,3,0,0,0,0,0
2020-05-04,1,0,1,0,0,0,1,1,0,0,0,1,202,0,1,2,0,1,0,2,63,0,1,0,0,1,4,0,0,1,0,0,0,0,0,0,0,1,1,0,1,0,0,0,0,1,2,0,2,0,0,0,0,1,0,0,0,0,1,2,1,0,0,0,0
2020-05-05,2,1,4,1,0,0,0,4,0,2,0,0,150,0,1,1,0,3,1,1,41,0,0,0,0,0,0,1,2,1,0,0,2,0,0,1,1,0,0,1,0,1,0,1,0,0,1,0,3,0,0,2,0,0,0,0,0,0,1,3,1,0,1,0,0
2020-05-06,3,0,9,0,1,0,0,0,1,0,0,0,183,0,0,0,0,2,0,1,62,0,0,0,0,0,0,2,1,2,0,0,0,0,0,4,1,1,1,0,0,0,0,0,0,0,1,1,0,0,0,1,0,0,0,0,0,0,0,3,2,0,3,0,0
2020-05-07,0,0,6,0,2,1,0,0,0,0,2,0,183,1,3,2,0,5,0,0,35,0,0,0,0,2,4,2,0,0,0,0,0,2,0,3,0,0,0,0,2,2,0,0,1,1,2,0,0,1,1,1,0,0,1,0,1,0,1,3,0,0,1,1,0
2020-05-08,0,0,4,1,0,1,0,1,0,0,0,1,166,0,1,0,0,1,0,3,35,0,0,0,0,0,1,3,1,0,0,0,1,1,1,1,0,0,0,0,0,1,0,0,0,0,0,1,0,0,0,1,0,1,0,0,0,2,0,3,0,0,1,0,0
2020-05-09,0,0,1,1,2,1,0,0,0,0,0,2,126,0,4,1,0,2,0,0,35,0,0,1,0,1,1,1,0,1,0,0,1,0,0,0,1,2,0,2,0,0,0,0,0,1,1,1,1,0,0,2,1,0,0,0,0,0,0,6,0,0,0,0,0
2020-05-10,0,1,6,0,0,1,0,0,0,0,0,1,86,0,1,0,0,5,0,0,27,0,0,0,0,0,0,0,0,1,0,0,1,3,0,0,0,1,0,2,0,0,0,0,0,1,0,0,0,0,0,0,0,0,0,0,0,0,1,3,0,2,0,0,0
2020-05-11,0,0,4,0,0,3,1,1,1,0,0,0,139,0,0,0,0,4,0,0,43,0,0,0,0,0,0,1,3,0,0,0,1,0,0,1,1,3,1,0,1,1,0,0,0,0,0,0,0,0,2,0,0,0,0,0,0,0,0,2,0,0,0,1,0
2020-05-12,0,0,4,0,0,1,0,1,0,0,0,0,149,0,3,2,0,5,0,0,36,1,2,0,0,0,0,0,1,2,1,0,3,0,1,0,0,3,0,1,0,1,0,0,0,1,0,0,0,0,0,1,1,0,0,0,0,0,0,1,1,0,0,0,1
2020-05-13,1,0,9,0,1,0,0,1,0,0,0,1,109,0,0,2,1,3,0,1,36,0,0,1,0,3,0,0,0,0,0,0,2,0,2,0,0,0,0,0,2,0,0,0,0,0,1,0,1,0,0,2,0,1,0,1,1,0,0,3,0,0,0,0,0
2020-05-14,3,0,0,1,1,4,0,1,0,0,0,0,161,0,0,0,0,4,0,1,31,0,2,0,0,1,0,2,3,0,0,0,3,0,0,0,1,5,0,0,0,0,0,1,1,0,0,1,0,0,1,0,0,1,0,0,0,0,1,0,0,0,0,0,0
2020-05-15,0,2,3,0,0,0,0,0,0,0,0,0,115,0,0,4,0,4,0,0,35,0,0,0,0,1,0,0,0,1,0,0,0,0,0,0,1,1,0,3,0,0,0,0,0,1,0,0,0,0,0,0,0,1,0,0,0,0,0,2,0,0,0,0,1
2020-05-16,0,0,12,0,0,0,0,2,0,0,0,0,175,0,3,4,0,6,0,0,35,0,0,1,1,3,0,2,0,0,0,0,1,0,0,0,0,3,0,0,0,0,0,0,2,0,0,0,0,0,0,5,0,0,0,0,0,0,1,3,0,0,2,0,0
2020-05-17,0,0,9,0,0,1,0,2,0,0,0,0,117,0,3,0,0,3,0,0,56,0,0,0,0,0,0,1,2,1,0,0,0,0,0,2,1,2,0,1,2,0,1,0,0,0,0,0,0,0,0,0,2,0,0,0,0,0,1,3,1,1,1,0,0
2020-05-18,1,1,7,0,0,4,1,1,0,0,0,0,131,0,0,1,1,0,0,0,40,0,0,0,0,0,0,0,0,1,1,0,1,0,0,1,1,6,0,0,0,0,0,0,0,0,0,0,0,0,0,1,0,0,0,0,0,0,0,2,6,0,0,0,0
2020-05-19,0,0,6,0,1,0,0,4,0,0,0,0,138,1,0,1,0,1,1,0,36,2,0,0,0,1,2,0,0,0,0,0,3,0,0,0,0,4,1,0,0,1,2,0,0,0,0,0,0,0,1,1,2,1,0,0,1,0,0,4,0,0,1,0,0
2020-05-20,0,1,13,0,0,2,0,0,0,0,0,0,145,0,2,1,0,5,0,0,44,0,0,1,0,0,0,0,0,0,0,0,1,0,0,1,1,2,0,0,0,1,0,0,0,0,0,0,1,1,2,2,0,0,1,0,0,0,0,1,0,0,0,0,0
2020-05-21,0,0,2,0,0,3,1,0,0,1,1,1,304,0,5,0,0,13,0,2,65,2,1,0,0,2,0,1,0,1,0,0,0,0,0,0,0,1,0,0,1,1,0,0,1,1,0,0,0,0,2,0,0,1,0,0,0,0,1,9,0,1,1,0,1
2020-05-22,0,1,9,0,0,1,2,2,0,0,0,0,200,0,2,0,0,3,0,0,42,1,0,0,0,1,0,1,0,1,0,0,1,0,0,1,2,2,1,1,1,1,0,1,0,0,0,1,0,0,2,2,0,0,0,0,0,0,1,4,1,0,1,1,0
2020-05-23,0,0,10,0,1,3,0,0,0,0,1,0,182,0,0,0,0,3,0,0,57,0,0,0,1,0,0,4,1,1,1,0,2,0,1,0,0,3,0,0,0,3,0,0,0,0,0,0,0,0,1,0,0,1,1,3,0,0,0,1,0,0,0,0,0
2020-05-24,0,0,9,0,0,0,0,1,0,0,1,0,157,1,0,0,1,3,0,3,39,0,0,1,0,0,0,2,1,2,0,2,3,0,0,2,1,3,1,1,0,0,0,0,0,0,0,1,0,0,2,0,0,0,0,1,0,0,0,1,0,0,0,1,0
2020-05-25,1,0,5,0,0,0,0,0,0,0,1,3,187,0,0,0,0,3,0,0,44,0,0,0,0,0,0,0,0,0,0,0,8,0,0,1,0,1,1,0,0,0,0,1,0,0,0,0,1,0,0,1,3,0,0,0,0,0,0,3,0,0,0,0,0
2020-05-26,0,0,3,0,0,0,0,1,0,0,0,1,184,0,0,2,0,5,0,0,75,0,0,0,0,0,0,1,1,1,0,0,2,0,0,0,1,4,0,1,0,0,0,0,0,0,0,0,1,0,2,1,1,2,0,1,0,0,0,8,0,1,1,0,0
2020-05-27,1,1,16,1,0,2,0,1,1,0,0,0,243,0,2,1,0,15,0,1,60,0,0,0,0,0,4,0,0,0,0,0,1,0,0,0,0,2,0,1,2,1,0,0,1,0,2,0,0,0,2,1,0,2,0,0,0,0,0,1,0,1,2,0,0
2020-05-28,0,0,15,0,0,0,0,0,0,1,0,0,240,0,0,0,0,4,0,1,71,1,0,0,0,3,2,3,0,0,0,1,5,0,0,4,1,2,0,1,1,0,0,0,0,0,0,0,2,0,2,2,0,2,0,0,0,0,0,3,2,1,0,0,0
2020-05-29,0,1,13,0,0,3,0,3,0,2,0,0,287,0,2,3,0,4,0,2,86,1,1,0,0,1,1,2,2,0,0,2,3,0,0,0,0,2,1,1,0,2,0,0,0,1,1,2,0,0,0,1,0,0,1,0,0,0,0,1,1,0,1,0,0
2020-05-30,1,0,9,0,0,0,0,5,1,0,0,1,283,0,2,0,0,4,0,0,82,1,0,0,0,0,0,1,0,1,0,0,3,0,0,3,1,5,0,0,1,2,0,1,1,0,1,0,3,0,0,0,0,0,0,3,0,0,1,1,0,1,2,0,1
2020-05-31,0,0,9,0,0,4,0,0,0,0,0,0,304,0,0,0,0,8,1,0,81,0,0,1,0,0,3,0,1,1,0,0,5,0,2,0,0,5,0,0,2,0,0,0,0,0,1,0,1,0,2,0,1,2,0,0,1,0,0,2,1,0,0,1,0
2020-06-01,2,0,5,0,0,2,0,2,0,0,0,2,271,0,0,0,0,13,1,0,86,1,0,1,0,1,0,0,0,0,0,0,4,0,0,2,3,4,3,1,1,2,0,0,0,0,0,0,0,0,1,2,0,1,0,0,0,0,3,4,0,4,0,0,3
2020-06-02,0,0,16,1,0,1,0,3,0,0,0,0,297,0,1,0,0,7,0,0,58,0,0,1,0,1,1,0,0,0,0,0,3,0,0,1,0,6,2,1,0,1,2,0,0,0,1,0,0,0,0,1,1,0,0,1,0,0,0,2,0,0,0,0,0
2020-06-03,1,0,14,0,1,1,0,0,0,0,1,0,294,0,1,0,0,6,1,0,74,0,1,0,1,2,1,0,4,1,0,0,8,0,1,2,4,2,0,0,2,1,0,0,0,0,1,1,2,1,0,2,0,0,0,0,0,0,0,4,0,1,3,0,4
2020-06-04,5,6,57,2,3,3,0,6,6,1,1,0,748,0,9,4,1,14,2,1,223,3,0,1,2,7,7,4,5,8,1,2,27,2,1,3,4,22,1,6,4,8,2,2,4,0,1,0,1,0,2,6,2,2,0,2,1,1,6,14,4,1,7,0,1
2020-06-05,5,2,155,0,8,13,0,28,5,0,4,3,1516,2,18,32,5,43,2,6,428,4,3,2,1,12,20,27,8,6,2,5,42,1,6,3,9,30,0,20,7,11,3,1,2,1,9,5,2,3,16,16,2,11,3,4,2,3,7,35,6,7,14,1,2
2020-06-06,7,3,95,2,2,11,1,10,5,1,2,2,1260,0,16,16,3,55,1,3,288,3,5,1,5,10,10,11,15,7,2,2,22,1,4,5,9,12,2,4,5,5,1,1,4,1,3,4,0,5,9,11,2,6,3,5,0,0,4,20,6,1,8,1,5
2020-06-07,10,2,81,3,4,19,4,10,0,2,2,0,1243,2,23,29,1,39,5,2,283,2,9,4,1,17,15,6,4,7,2,2,22,3,4,6,7,13,2,5,6,4,0,2,5,5,5,1,2,3,13,9,2,8,11,2,4,2,2,19,2,5,19,0,7
2020-06-08,13,3,49,0,12,9,0,7,1,4,4,2,969,2,6,13,1,28,6,7,205,3,1,4,0,12,11,3,6,3,6,0,21,2,3,1,8,19,0,11,7,13,0,1,2,3,3,2,4,0,10,8,2,5,0,1,1,3,5,19,1,1,9,0,1
2020-06-09,3,2,41,1,1,6,0,8,0,2,1,3,801,0,5,14,1,13,0,5,162,1,1,3,3,3,6,1,5,2,2,6,16,0,2,5,3,7,1,2,8,8,4,1,1,2,5,2,0,4,3,9,4,7,1,1,1,0,2,24,3,4,12,4,4
2020-06-10,3,0,41,0,3,3,0,2,0,2,2,3,599,0,5,5,2,19,1,2,102,2,0,5,0,3,3,2,2,4,9,5,8,6,0,1,2,6,1,2,2,6,0,0,1,4,3,5,1,4,5,4,2,0,0,0,0,1,3,10,3,1,4,0,1
2020-06-11,3,1,33,4,6,3,1,8,0,0,3,1,488,0,4,1,0,15,1,1,95,0,0,2,1,5,1,1,2,1,0,1,14,0,1,0,5,5,1,0,0,7,1,0,0,0,4,0,2,1,2,6,4,1,1,4,2,0,1,6,3,0,5,1,0
2020-06-12,2,1,40,0,0,5,0,10,1,1,2,2,494,1,2,2,4,15,3,3,101,2,0,2,2,3,1,1,1,4,3,2,11,1,0,4,5,5,1,6,6,2,0,2,0,1,2,1,0,0,3,3,0,6,0,1,0,0,1,7,2,2,3,0,0
2020-06-13,2,1,19,0,2,4,1,2,1,0,2,2,435,0,9,2,0,5,0,1,84,1,1,4,0,9,6,3,4,1,0,1,6,2,1,3,5,2,1,7,2,1,1,4,0,1,0,2,0,0,2,7,0,2,0,0,0,0,0,7,2,1,1,0,2
2020-06-14,1,0,24,3,2,5,0,7,1,0,1,1,454,0,7,1,1,21,1,1,81,1,1,4,1,3,9,0,3,2,1,0,6,0,0,1,4,8,1,2,2,3,1,2,1,3,2,5,0,2,5,5,0,5,0,1,1,3,8,3,1,1,3,0,2
2020-06-15,3,4,17,5,1,6,0,9,1,0,2,1,533,0,9,3,0,17,7,3,95,0,1,1,0,3,2,0,2,0,3,1,12,1,0,3,4,7,1,1,1,4,2,0,0,1,4,1,0,4,1,2,1,4,0,2,0,1,0,5,5,2,4,0,0
2020-06-16,4,1,16,2,0,10,0,1,1,1,2,0,399,0,2,1,2,10,3,1,103,0,1,0,0,11,2,5,2,0,0,1,7,0,1,0,7,7,1,1,1,3,3,5,1,3,4,1,2,2,1,5,4,5,0,0,0,3,2,2,2,0,3,0,15
2020-06-17,0,0,22,2,2,6,0,7,1,2,1,1,448,0,3,4,0,11,1,2,60,4,0,2,0,2,1,0,6,3,1,1,12,0,1,5,5,5,1,5,3,7,0,0,1,1,9,2,1,1,4,4,5,5,2,0,2,0,0,7,6,0,4,0,2
2020-06-18,3,11,76,2,5,12,0,14,3,7,3,1,1131,0,14,13,6,36,1,3,263,2,4,4,1,12,9,7,14,7,8,9,12,4,5,3,3,12,3,11,16,6,3,3,3,2,8,0,3,3,13,8,15,5,6,1,1,0,10,17,17,3,25,0,5
2020-06-19,2,6,26,1,6,1,0,2,0,2,0,1,709,0,9,7,0,20,2,1,144,1,0,1,0,12,3,1,2,2,0,2,17,1,1,0,8,11,0,3,1,2,0,0,0,2,6,1,1,3,2,5,0,3,2,4,1,2,10,15,11,4,11,1,4
2020-06-20,5,5,12,8,2,2,0,6,3,2,3,0,526,1,6,5,2,7,0,1,104,1,1,2,0,7,7,8,1,0,2,2,9,0,0,2,5,6,2,1,1,5,1,1,0,1,1,1,0,1,2,16,0,1,0,2,0,1,1,11,4,0,4,1,3
2020-06-21,1,3,10,2,2,2,0,1,0,1,1,1,407,0,4,7,1,16,0,2,83,3,0,1,1,2,2,1,0,2,1,0,3,1,1,5,1,4,1,3,0,3,0,0,1,3,1,1,4,1,7,2,0,4,0,0,0,0,1,5,2,1,8,1,0
2020-06-22,11,3,12,1,1,4,0,8,0,1,1,2,443,1,5,7,0,4,0,2,83,5,3,0,0,6,1,0,7,1,0,1,13,1,3,0,0,3,0,4,2,11,1,1,2,1,2,2,1,4,3,6,0,7,0,2,1,0,1,7,4,0,3,3,3
2020-06-23,3,2,11,1,2,3,0,4,1,2,1,1,397,3,4,5,2,11,1,1,67,0,1,2,0,2,2,2,0,0,0,0,5,2,0,1,1,7,1,4,3,2,1,0,1,2,1,0,1,1,2,4,0,9,1,0,0,0,11,2,4,2,4,1,0
2020-06-24,7,0,15,1,1,0,0,0,1,1,1,1,362,0,2,2,0,4,0,2,69,0,0,0,0,4,2,1,3,1,2,1,3,0,0,2,3,2,0,4,2,7,1,0,0,3,4,0,0,3,7,1,2,1,1,1,0,1,1,4,4,1,3,0,1
2020-06-25,5,1,15,1,4,1,0,5,0,1,2,2,303,0,2,0,0,5,0,1,51,1,0,1,1,2,3,0,0,1,5,0,10,0,0,0,1,1,1,3,0,2,2,2,0,1,0,0,2,1,1,1,2,1,0,1,0,0,1,3,3,0,2,0,1
2020-06-26,4,1,26,0,0,0,0,4,0,0,2,1,310,0,2,6,2,7,0,3,36,3,1,0,0,2,3,0,0,1,0,0,3,0,2,0,2,6,0,4,0,6,1,1,2,0,4,0,0,1,3,2,0,0,0,0,1,0,5,2,0,4,2,0,2
2020-06-27,1,1,19,0,2,1,0,4,0,3,0,1,282,0,4,1,3,10,1,0,39,0,1,0,0,1,0,1,2,0,0,1,5,0,0,3,6,1,0,2,1,5,0,0,0,0,3,0,0,1,3,1,0,1,0,0,0,0,1,2,1,3,4,1,2
2020-06-28,3,2,6,0,1,3,0,8,1,0,0,0,245,1,0,3,0,4,0,0,52,0,0,0,0,1,1,3,1,2,0,3,9,0,1,0,2,3,0,4,1,4,0,1,0,1,3,0,0,1,7,3,3,3,2,0,0,2,0,5,4,4,4,0,0
2020-06-29,8,2,4,0,3,0,1,1,3,0,2,0,249,0,0,2,0,5,0,0,48,1,0,0,0,0,3,1,1,0,1,1,4,2,0,1,4,2,1,3,0,5,0,1,0,1,2,1,0,2,1,2,3,1,0,0,0,1,1,4,1,0,2,0,0
2020-06-30,7,1,13,1,2,2,1,2,0,0,1,1,213,1,1,2,1,2,0,1,42,1,1,0,1,5,3,0,0,3,0,0,12,0,2,1,4,2,0,1,3,0,1,0,0,1,0,0,0,2,0,1,0,3,0,0,0,0,0,4,4,2,2,0,1
2020-07-01,2,1,4,0,0,2,0,2,1,1,1,1,189,0,6,2,2,6,0,0,30,0,0,0,0,0,0,0,0,0,0,0,8,0,0,1,1,3,0,4,1,1,0,0,0,1,3,0,1,1,2,2,0,1,1,0,0,3,2,2,2,0,4,0,1
2020-07-02,1,0,4,0,2,0,0,0,1,0,1,0,175,1,9,2,0,2,0,1,26,0,0,1,1,2,0,1,3,0,0,0,4,0,0,1,0,2,0,4,0,0,0,0,0,2,0,0,0,2,2,6,0,0,0,2,0,0,0,0,1,0,7,1,1
2020-07-03,0,0,10,0,1,0,0,3,0,2,2,0,159,0,1,0,0,0,2,0,34,1,0,1,0,1,2,1,3,0,0,0,1,0,0,0,0,5,1,7,0,0,0,0,2,1,0,0,0,0,2,0,0,1,0,0,1,0,0,4,0,0,3,0,1
2020-07-04,1,0,5,0,2,3,0,4,0,0,0,0,163,0,1,3,0,2,0,0,64,1,2,0,0,1,1,3,2,0,0,0,5,0,3,2,0,1,0,2,0,0,0,3,0,0,0,1,0,2,1,3,0,0,0,0,0,0,0,1,2,0,2,0,0
2020-07-05,1,2,8,0,2,1,0,0,0,1,0,0,174,0,0,2,0,4,1,1,42,0,0,4,0,1,2,0,1,0,0,0,3,0,0,3,2,1,1,3,1,1,1,0,0,2,1,1,1,1,1,1,10,0,0,0,1,0,0,6,2,1,0,0,1
2020-07-06,1,0,3,1,0,1,1,7,0,0,0,0,178,0,1,1,0,3,0,0,25,1,1,0,1,3,0,0,1,0,0,1,4,0,1,2,1,3,1,3,0,2,0,1,2,0,0,0,1,2,0,0,0,1,0,2,1,0,0,2,4,1,2,0,0
2020-07-07,0,1,6,2,1,0,0,2,0,0,0,1,183,0,5,1,0,4,0,0,23,5,1,0,1,3,0,2,3,2,0,0,3,0,1,3,1,2,0,1,0,0,0,1,1,0,1,0,4,0,0,1,1,0,0,0,0,4,1,4,1,0,3,0,1
2020-07-08,2,4,9,1,3,0,0,0,0,0,0,0,171,0,1,2,1,3,1,1,29,0,0,1,0,4,1,1,0,0,0,0,4,0,0,0,1,3,0,1,0,3,0,0,0,0,2,0,2,0,1,1,1,0,0,0,0,1,0,7,1,4,5,0,0
2020-07-09,1,3,5,0,0,2,0,2,1,2,0,0,151,0,3,0,0,2,1,1,31,1,0,0,0,2,1,0,1,0,0,0,1,0,0,0,1,4,0,4,0,0,0,1,0,0,1,1,2,0,1,0,1,1,0,1,0,0,0,5,3,0,1,0,0
2020-07-10,7,0,5,0,0,1,0,2,0,0,0,0,147,0,0,0,1,1,2,0,23,0,0,0,0,1,0,0,0,1,0,0,2,0,1,1,1,0,1,4,0,0,0,0,0,0,1,1,0,0,3,0,1,0,0,1,0,0,0,0,2,1,1,0,3
2020-07-11,0,0,5,0,0,0,0,0,1,0,0,1,144,0,1,0,0,1,2,1,33,0,1,0,0,1,0,0,2,2,2,0,0,0,0,0,0,1,0,2,0,1,0,0,0,0,0,1,0,0,1,0,0,1,0,0,0,0,0,0,1,1,2,0,1
2020-07-12,1,0,3,0,0,0,0,1,0,0,0,0,156,0,0,0,0,1,0,0,22,0,0,0,0,1,0,0,3,1,0,3,3,0,0,0,0,2,1,4,1,0,0,1,3,2,0,1,0,1,2,4,0,0,0,1,0,0,0,7,2,1,2,1,1
2020-07-13,0,0,6,0,0,0,0,1,0,1,0,0,157,0,1,0,1,2,8,2,31,1,0,0,0,0,3,0,0,1,0,2,4,0,0,0,0,0,0,0,0,1,0,1,1,2,2,0,0,3,2,0,0,2,0,1,1,0,0,1,1,0,1,0,1
2020-07-14,1,0,4,0,1,1,1,3,0,1,0,1,154,0,1,1,0,4,0,1,25,1,0,0,0,0,0,3,2,2,0,0,1,1,1,2,1,4,0,1,0,1,0,0,0,1,1,0,0,0,1,0,0,0,0,0,0,0,1,2,0,0,2,0,0
2020-07-15,1,0,1,0,0,0,0,1,0,0,1,0,214,0,0,0,1,0,0,0,14,0,1,1,0,0,0,0,0,0,0,1,2,0,0,1,0,0,0,1,0,0,1,0,0,0,0,0,0,0,2,2,0,1,0,0,0,0,2,0,0,0,2,0,0
2020-07-16,0,0,0,0,3,2,0,0,0,0,0,0,194,0,1,0,0,0,1,1,18,0,0,0,0,0,0,0,1,1,0,0,0,0,0,0,1,0,0,0,0,0,0,0,0,0,0,0,0,1,1,0,1,0,0,0,0,0,0,0,0,0,0,1,0
2020-07-17,0,0,1,0,4,0,0,1,0,0,0,0,156,0,0,0,0,1,0,0,12,0,0,0,0,0,0,0,0,1,1,0,0,0,0,1,0,0,0,0,0,1,1,0,0,0,0,1,0,1,0,0,0,0,0,0,0,0,0,1,0,0,0,0,0
2020-07-18,0,0,1,1,5,0,0,0,0,0,0,0,188,0,0,1,0,1,1,0,10,0,1,0,1,0,0,0,0,2,2,0,1,0,0,1,1,0,0,0,0,0,0,0,0,0,1,0,0,0,1,0,1,0,0,0,0,0,0,0,1,0,1,0,0
2020-07-19,0,0,3,0,1,0,1,0,0,0,0,0,161,0,0,0,1,0,0,1,18,0,0,0,0,0,0,0,2,1,0,0,1,0,0,0,0,0,0,0,0,0,0,0,0,0,0,0,0,0,0,1,0,0,0,0,0,0,0,1,0,0,1,0,0
2020-07-20,1,0,5,0,0,0,0,1,0,0,0,0,181,0,0,1,0,1,0,0,6,0,0,0,0,0,0,0,0,0,0,0,1,0,0,0,0,0,0,0,1,1,0,0,0,0,0,2,0,0,1,0,2,3,0,0,0,0,0,2,0,0,2,0,1
2020-07-21,0,0,2,0,0,1,0,2,0,2,0,0,150,0,1,1,0,1,0,0,14,0,2,0,1,0,0,0,0,0,0,0,2,0,0,2,1,0,0,1,0,0,0,0,1,0,0,0,0,0,0,0,0,2,0,1,0,0,0,0,0,0,1,0,2
2020-07-22,0,1,0,0,0,0,0,1,0,0,0,0,127,0,0,0,0,1,0,0,11,0,1,0,0,0,0,0,0,1,0,0,3,0,0,0,0,1,0,0,0,0,0,1,0,0,0,0,0,0,1,0,0,1,0,0,0,1,0,1,0,0,1,0,0
2020-07-23,0,1,0,0,0,0,0,0,0,0,0,0,159,0,1,0,0,1,0,0,15,0,0,0,0,0,0,0,0,1,0,0,0,0,0,0,0,1,0,1,0,1,0,0,0,0,3,3,0,1,1,0,0,1,0,0,0,0,0,1,0,1,0,0,0
2020-07-24,0,0,1,0,0,0,0,2,1,1,0,0,148,0,1,1,0,1,0,0,19,0,1,0,0,0,0,0,0,1,0,0,1,0,0,1,0,2,1,2,0,0,0,0,1,0,0,0,0,0,1,0,0,2,1,0,0,0,1,0,0,0,0,0,0
2020-07-25,0,1,2,0,0,0,0,1,0,0,0,0,150,0,0,0,0,1,0,0,16,1,0,0,0,0,0,0,0,1,0,0,1,0,0,0,0,1,0,1,0,0,0,0,0,0,0,0,0,1,0,0,0,1,0,1,0,1,0,3,1,0,0,0,0
2020-07-26,0,0,2,0,3,0,0,3,0,0,0,0,184,0,0,0,0,1,0,0,9,0,0,0,1,0,0,0,0,0,0,0,2,0,1,1,0,1,0,0,0,0,0,1,0,0,0,0,1,0,0,0,0,0,0,0,0,1,0,0,0,0,0,0,0
2020-07-27,0,0,0,0,0,0,0,0,0,0,0,0,133,0,0,0,0,2,0,0,10,0,0,0,0,0,0,2,0,0,0,0,0,0,0,1,0,0,0,1,1,0,0,0,0,0,0,0,0,0,0,1,0,0,0,1,0,0,0,1,1,0,0,0,0
2020-07-28,2,0,1,0,0,1,0,2,0,0,0,0,126,0,0,0,0,0,0,0,10,0,0,1,1,1,0,0,0,0,1,0,2,0,0,0,0,1,0,0,0,0,0,0,0,1,0,0,0,1,0,1,0,0,0,0,0,0,0,0,0,1,0,0,0
2020-07-29,0,0,1,0,0,1,0,0,0,0,1,0,126,0,0,0,1,1,0,0,8,0,0,1,0,0,0,0,0,1,0,0,1,0,0,1,1,1,0,1,1,0,0,0,0,1,0,0,0,0,0,0,0,0,0,0,0,0,0,0,0,0,0,0,0
2020-07-30,1,0,0,0,0,0,0,1,0,0,0,0,106,1,0,0,0,0,1,0,10,0,0,0,1,0,0,0,0,2,0,0,0,0,0,2,1,1,0,0,0,0,1,0,0,1,0,0,0,0,0,0,0,1,0,0,0,1,0,1,0,0,0,0,2
2020-07-31,0,1,0,0,0,0,0,0,0,0,0,0,97,0,0,0,0,0,0,0,12,0,0,0,0,0,0,0,0,0,0,1,0,0,1,0,0,1,0,0,0,0,0,0,0,0,0,0,0,0,0,0,0,0,0,0,0,0,0,3,0,0,0,0,0
2020-08-01,0,0,1,1,0,0,0,0,0,0,0,0,104,0,0,0,0,0,0,0,9,1,0,0,0,0,0,0,0,1,0,0,0,0,0,0,0,0,0,0,1,0,0,0,0,0,0,0,0,0,1,0,0,0,0,2,0,0,1,0,0,0,0,0,0
2020-08-02,0,0,0,1,0,0,0,0,0,0,0,0,116,0,2,0,0,1,0,0,8,1,0,0,0,0,0,0,0,0,0,0,1,0,0,1,0,1,0,2,0,1,0,0,0,0,0,0,1,1,0,0,0,0,0,0,1,0,1,1,0,0,3,0,0
2020-08-03,1,0,1,0,1,0,0,1,0,0,0,0,141,0,0,0,0,2,0,0,11,0,0,0,0,2,0,0,0,0,0,0,0,0,0,0,1,0,0,0,0,0,1,0,1,0,0,0,0,1,2,2,0,1,0,1,0,0,0,1,0,0,0,0,0
2020-08-04,1,0,0,0,0,1,2,0,0,0,0,0,150,0,0,1,0,1,0,0,19,0,0,0,0,0,0,0,0,0,0,0,0,0,0,0,1,0,0,0,0,1,0,0,1,0,0,0,0,0,2,0,0,0,0,0,0,0,0,2,0,0,0,0,0
2020-08-05,1,0,1,0,2,0,1,1,0,0,0,0,127,0,0,0,0,0,0,0,13,0,0,0,0,0,0,0,0,0,0,2,0,0,0,0,1,3,0,0,0,2,0,0,0,0,0,1,0,0,1,0,0,0,1,0,1,0,0,0,0,0,2,0,2
2020-08-06,0,0,4,0,0,0,0,0,0,0,0,1,148,0,0,1,0,0,0,0,8,0,0,0,0,0,0,0,0,0,0,0,0,0,0,0,1,1,0,0,0,0,0,0,1,0,0,0,0,0,0,0,0,0,0,0,0,1,0,1,0,0,0,0,0
2020-08-07,0,0,2,1,2,0,3,0,0,0,0,0,130,0,1,0,0,0,0,1,10,0,0,3,0,1,0,0,1,0,1,0,0,0,0,0,0,0,1,0,0,0,1,1,1,0,0,2,0,0,0,0,0,0,0,0,0,0,0,0,0,0,0,0,0
2020-08-08,0,0,0,0,5,0,1,0,1,0,0,0,110,0,0,0,0,0,0,1,7,0,0,0,2,0,0,0,0,0,0,0,1,0,1,1,1,0,0,1,0,0,0,0,1,0,1,1,0,0,1,0,0,0,0,0,0,0,1,0,0,0,1,0,0
2020-08-09,0,0,1,1,1,0,0,0,1,0,0,0,108,0,0,0,0,1,0,0,18,0,0,0,0,1,0,1,0,0,0,0,1,0,0,1,0,0,0,0,0,0,0,0,1,0,0,1,3,0,2,0,0,0,0,0,0,0,0,1,0,0,0,0,0
2020-08-10,0,0,3,0,0,0,0,0,0,0,0,0,142,0,0,0,0,0,2,0,16,0,0,0,0,0,1,0,0,0,0,0,1,0,0,1,1,1,0,0,0,0,0,0,0,0,0,0,0,0,1,0,0,0,0,0,0,0,0,1,0,0,0,0,0
2020-08-11,0,0,1,0,1,0,0,0,0,2,0,1,145,0,0,2,0,0,0,0,9,1,0,1,0,0,0,0,0,0,1,1,0,0,1,0,1,0,0,0,0,0,0,0,2,1,0,0,0,0,0,0,1,1,0,0,0,0,0,1,0,1,0,0,0
2020-08-12,0,1,0,0,0,0,0,0,0,0,0,0,118,0,3,0,0,2,0,0,15,0,0,0,0,0,0,0,0,0,0,0,0,0,0,0,0,1,0,0,0,0,0,0,2,0,0,0,1,0,1,0,0,0,0,0,0,0,1,0,0,0,0,0,0
2020-08-13,0,0,1,0,1,0,0,1,0,0,1,0,128,0,0,1,0,1,0,1,11,0,0,0,0,0,0,0,0,1,0,0,1,0,0,2,1,1,0,1,0,0,0,0,0,0,0,0,0,0,1,0,0,0,0,0,0,0,1,1,1,0,0,0,0
2020-08-14,0,1,0,0,2,1,0,0,1,0,0,0,96,0,0,1,0,1,0,0,9,0,0,0,1,0,1,0,0,0,0,0,1,0,0,1,2,0,0,0,0,1,0,0,1,0,1,0,1,0,0,0,0,0,0,0,0,0,0,1,0,0,0,0,0
2020-08-15,0,0,0,0,0,0,0,0,0,0,0,0,88,0,0,0,0,0,0,1,7,2,0,0,0,1,0,1,0,0,0,0,0,0,0,0,0,1,0,0,0,1,0,0,1,0,0,0,0,0,0,0,0,0,0,0,0,0,0,0,2,0,0,0,0
2020-08-16,0,0,0,0,1,0,1,0,0,0,0,0,109,1,0,0,0,1,0,0,11,3,0,0,0,0,0,0,1,0,0,0,0,0,0,1,0,0,0,0,0,0,0,0,0,1,0,0,0,0,0,0,0,1,0,0,0,0,0,1,0,0,2,0,0
2020-08-17,1,0,1,0,0,0,1,1,0,0,0,0,94,0,0,0,0,0,0,0,12,1,0,0,0,0,0,1,1,0,0,0,0,0,1,0,0,1,0,0,0,0,0,0,0,0,0,0,0,0,1,0,0,0,0,0,0,0,0,1,0,0,1,0,0
2020-08-18,1,0,0,0,0,0,0,0,0,0,0,0,111,0,0,0,0,2,0,0,10,0,0,0,0,0,1,1,0,0,0,0,3,0,0,0,1,0,0,0,0,0,1,0,0,0,2,0,0,0,0,0,0,0,0,0,0,0,0,0,0,0,0,0,0
2020-08-19,0,0,0,0,0,1,0,6,0,0,0,0,106,0,0,0,1,0,0,1,12,1,0,0,0,0,0,0,0,1,0,0,0,0,0,0,0,0,0,0,0,0,0,0,0,0,0,0,0,0,1,0,0,1,0,3,0,0,0,1,1,2,0,0,0
2020-08-20,1,0,0,0,0,0,0,0,0,0,1,0,92,0,0,2,0,0,0,0,10,1,0,0,0,0,0,1,0,0,0,0,0,0,1,0,0,0,0,0,0,0,0,0,0,0,0,0,0,0,2,1,0,0,0,0,0,0,0,0,1,0,0,0,0
2020-08-21,0,0,0,0,0,0,0,0,0,0,0,0,102,0,0,0,1,0,0,0,6,2,1,0,0,0,0,1,0,0,0,0,0,0,0,0,0,1,0,2,0,0,0,0,0,1,0,0,0,1,0,0,0,0,0,0,0,0,0,0,0,0,0,0,0
2020-08-22,0,0,0,1,0,3,0,1,0,0,0,0,98,0,0,0,0,1,1,0,12,0,0,1,1,0,0,0,0,0,0,0,0,0,0,0,2,0,0,0,0,0,0,0,0,0,0,0,0,0,0,1,0,1,0,0,0,1,0,1,0,0,1,0,0
2020-08-23,0,0,0,0,0,0,0,1,0,0,0,0,106,0,1,0,0,1,0,0,18,0,0,0,0,0,0,0,1,1,0,0,1,0,0,0,0,0,0,0,0,0,0,0,0,0,0,0,0,0,0,0,0,0,0,0,0,0,0,0,0,0,0,0,0
2020-08-24,0,0,0,0,0,0,0,0,0,0,0,0,92,1,0,0,0,0,0,0,20,0,0,0,0,2,0,0,0,0,0,0,0,0,0,1,0,1,0,0,1,1,0,1,0,0,0,0,0,0,0,0,0,0,0,0,1,1,0,0,0,0,0,0,0
2020-08-25,1,0,1,0,1,0,0,0,0,0,0,0,94,0,1,0,0,0,0,0,15,0,0,0,0,0,0,0,0,0,0,0,0,0,2,0,0,0,0,0,0,0,0,0,0,0,0,0,0,0,0,0,0,0,0,0,0,0,1,1,2,0,1,0,0
2020-08-26,0,0,2,0,0,0,0,1,0,0,0,0,105,0,1,0,0,0,0,0,21,2,0,0,0,2,0,0,0,0,0,0,2,0,2,0,0,0,0,0,0,0,0,0,0,0,0,0,0,0,0,0,0,0,0,0,0,0,0,1,1,0,0,0,1
2020-08-27,0,0,0,0,0,1,0,0,1,0,0,0,131,0,2,1,0,1,0,0,10,0,0,0,0,0,0,0,0,1,0,0,0,0,2,0,2,0,2,0,0,0,0,0,0,0,0,0,0,0,0,0,0,0,0,0,0,0,0,0,0,0,0,0,0
2020-08-28,0,1,0,0,0,0,0,0,0,0,0,0,126,0,2,0,0,0,0,0,17,0,0,0,0,0,0,0,0,0,0,0,0,0,0,0,0,0,0,1,0,0,0,1,0,0,0,0,0,0,0,0,0,0,0,0,0,1,0,0,0,0,0,0,0
2020-08-29,0,0,0,0,0,0,0,0,0,0,0,0,122,0,0,1,0,0,0,1,26,0,0,0,0,0,0,2,0,0,0,0,0,0,0,0,0,1,1,1,0,0,0,0,0,0,0,1,0,0,0,0,0,0,0,1,0,0,0,2,0,0,1,0,0
2020-08-30,1,0,1,0,0,0,0,0,0,0,0,0,140,0,0,0,0,0,0,1,18,0,0,0,3,0,0,0,0,0,0,0,1,0,0,0,0,1,0,0,0,0,0,0,0,0,0,1,1,1,0,0,0,0,0,0,0,0,0,1,0,0,0,0,1
2020-08-31,0,0,1,0,1,0,0,0,0,0,0,0,124,1,3,0,0,1,0,1,32,0,0,0,1,0,0,1,0,0,0,0,1,0,0,0,0,1,0,0,0,0,0,0,1,0,0,0,0,0,0,0,0,0,1,0,0,0,0,1,1,0,0,0,0
2020-09-01,0,0,1,0,2,0,0,0,0,0,0,0,139,0,0,0,0,0,0,0,22,0,0,0,0,0,0,0,0,0,0,0,0,0,0,1,1,0,0,0,0,0,2,0,0,0,1,0,0,0,0,0,0,0,0,1,0,0,0,1,0,0,0,0,0
2020-09-02,0,1,1,0,0,0,0,0,0,0,0,0,123,0,1,0,0,1,0,1,15,0,1,0,0,0,2,0,0,0,0,0,1,0,0,0,1,0,0,0,0,1,0,0,0,0,1,0,1,0,0,4,0,0,0,0,0,0,0,0,0,0,0,0,0
2020-09-03,0,0,0,0,0,0,0,0,0,0,0,0,119,0,0,1,0,1,0,1,22,0,0,0,0,0,1,0,0,0,0,0,0,0,0,0,1,1,0,0,1,1,0,0,0,0,0,0,0,0,0,1,0,1,0,0,0,0,0,0,0,0,0,0,0
2020-09-04,1,0,0,0,0,0,0,1,1,0,0,0,139,1,0,0,0,1,0,0,12,1,1,1,0,0,2,1,0,1,0,0,2,0,0,1,0,1,0,0,0,0,0,0,0,0,0,0,0,0,1,0,0,3,0,0,0,0,0,1,0,0,0,0,0
2020-09-05,0,2,1,1,0,0,0,1,0,0,0,0,125,0,0,2,0,1,0,1,20,0,0,0,0,0,0,0,1,0,1,0,1,0,0,0,1,0,0,0,0,0,0,0,0,0,0,0,0,0,0,1,1,0,0,0,0,0,0,1,0,0,1,0,0
2020-09-06,1,0,4,0,0,1,0,0,0,0,0,0,144,0,1,0,0,1,0,0,20,0,0,0,0,0,0,1,0,0,0,0,0,0,0,0,0,0,0,0,1,0,0,0,0,0,0,0,0,0,0,0,0,0,0,0,0,0,0,1,0,0,0,0,0
2020-09-07,1,0,1,0,0,0,0,1,0,0,0,0,102,0,0,1,0,0,0,0,16,0,0,0,0,0,0,0,0,0,0,0,2,0,0,1,0,1,0,0,0,0,0,0,0,0,0,0,0,0,1,0,1,1,0,0,0,0,0,2,0,0,1,0,0
2020-09-08,0,0,2,0,0,0,0,1,0,0,1,0,156,0,0,0,0,1,0,0,25,0,0,0,0,1,0,0,0,0,0,0,0,0,0,0,0,1,0,0,0,0,1,0,0,0,0,0,0,0,0,1,0,0,0,0,0,0,0,1,0,0,1,0,0
2020-09-09,0,0,1,0,0,1,0,1,0,0,0,0,117,0,0,0,0,2,0,0,16,0,0,0,0,0,0,0,0,0,0,0,0,0,0,1,1,2,0,0,0,1,0,0,0,0,0,0,0,0,0,0,0,1,0,0,0,0,0,1,0,0,2,0,0
2020-09-10,0,0,6,0,0,0,0,0,0,0,0,0,115,0,0,0,0,1,0,0,14,0,0,0,0,0,0,0,0,0,0,0,0,0,0,0,0,0,0,0,0,0,0,0,0,0,0,3,0,1,1,0,1,0,0,0,1,0,0,1,0,0,0,0,0
2020-09-11,0,0,1,1,0,1,0,0,0,0,0,0,83,0,0,1,0,0,0,0,10,0,0,0,0,0,0,0,0,0,0,0,0,0,0,2,0,1,0,0,0,0,0,0,0,0,0,0,0,0,0,0,0,0,0,1,0,0,0,0,0,0,0,0,0
2020-09-12,0,0,1,0,0,0,0,0,0,0,0,0,72,0,0,0,0,1,0,0,11,0,0,0,1,1,0,0,1,0,0,0,0,0,0,0,0,3,0,0,0,0,0,0,0,0,0,0,0,0,0,0,0,2,0,0,0,0,0,0,0,0,0,0,0
2020-09-13,0,0,2,0,1,0,0,0,0,0,0,0,76,0,2,0,0,1,0,0,5,0,0,0,0,0,0,0,0,0,0,0,0,0,0,0,0,0,0,0,0,0,1,0,0,0,0,0,0,0,0,0,0,0,0,0,0,0,0,0,0,0,0,0,0
2020-09-14,0,0,1,0,0,0,0,2,0,0,0,1,82,0,0,0,0,0,0,0,4,3,0,1,0,2,0,0,0,0,0,0,0,0,0,0,0,0,0,0,0,1,0,0,0,0,0,1,1,0,0,0,1,1,0,1,1,0,0,0,0,0,1,0,0
2020-09-15,1,0,0,0,0,0,0,0,0,0,0,0,68,0,0,0,0,0,0,0,11,0,0,0,0,1,0,0,1,5,0,0,0,0,0,0,0,1,0,1,0,0,0,0,0,0,1,0,0,0,0,0,0,0,0,1,0,0,0,0,0,0,1,0,0
2020-09-16,0,0,1,0,0,0,0,0,0,0,0,0,84,0,1,0,0,0,0,0,17,1,0,1,0,0,0,0,1,0,0,0,0,0,1,0,0,2,0,0,0,0,0,0,0,0,0,0,0,0,0,0,2,0,1,0,0,0,0,0,0,0,2,0,0
2020-09-17,2,0,2,0,0,2,0,0,1,2,0,0,87,0,0,0,1,0,0,0,13,0,0,0,0,0,1,1,1,0,1,0,0,0,1,0,0,1,0,0,0,0,0,0,0,0,0,0,0,0,0,0,0,1,0,0,0,2,0,1,0,0,0,0,0
2020-09-18,2,1,1,0,1,0,0,1,0,0,0,0,82,0,1,0,0,2,0,0,5,0,0,0,0,1,0,0,0,0,0,0,0,0,0,0,0,0,0,0,0,0,0,0,1,0,1,0,2,0,0,0,0,0,0,0,0,0,0,0,1,0,1,0,0
2020-09-19,0,0,0,0,0,1,0,0,0,0,1,0,62,0,0,0,0,0,0,0,4,0,0,0,0,0,0,0,0,0,0,0,0,0,0,0,0,0,0,0,0,1,0,0,0,0,0,0,0,0,2,0,0,0,0,0,0,0,0,0,0,0,1,0,0
2020-09-20,0,0,1,0,1,0,0,0,0,0,0,1,70,0,0,0,0,1,1,0,7,0,0,0,0,0,0,0,0,0,0,0,0,0,0,0,0,0,0,0,0,1,0,0,0,0,0,1,0,0,1,1,0,0,0,0,0,0,0,1,0,0,0,0,0
2020-09-21,0,0,0,0,1,0,0,0,0,0,0,0,65,0,0,1,0,1,0,0,7,0,0,0,0,0,0,1,0,0,0,0,0,0,0,1,2,1,0,0,0,0,0,1,1,0,0,0,0,0,0,1,2,0,0,0,0,0,0,1,0,0,0,0,1
2020-09-22,0,0,2,2,0,0,0,0,0,0,0,1,69,0,2,0,0,0,0,0,6,0,0,0,0,1,0,0,0,0,0,2,0,0,0,0,0,0,0,0,0,0,0,0,0,0,0,0,0,0,0,0,0,0,0,0,0,0,0,0,0,0,0,0,0
2020-09-23,0,0,0,0,0,0,0,0,0,0,0,0,46,0,0,0,0,1,0,1,6,2,0,0,0,0,0,0,0,0,0,0,0,0,0,1,1,0,0,0,0,0,0,0,0,1,0,0,0,0,0,0,0,1,0,0,0,0,0,1,0,0,0,0,0
2020-09-24,0,0,0,0,0,1,0,0,0,0,0,0,65,0,1,1,0,0,0,0,4,0,0,0,0,1,1,0,0,1,0,0,0,0,0,0,0,0,0,0,0,0,0,0,0,0,0,0,2,0,2,0,0,0,0,0,0,0,0,0,0,0,0,0,0
2020-09-25,0,0,0,0,0,0,0,0,0,0,0,1,67,0,0,0,0,0,0,0,8,0,0,0,1,0,0,0,0,0,0,0,0,0,0,0,0,0,1,1,1,0,0,0,0,0,0,0,0,0,0,0,0,1,0,0,0,0,0,0,0,0,0,0,0
2020-09-26,0,0,0,0,0,0,0,0,0,0,0,0,36,0,0,0,0,0,0,0,10,1,0,0,0,0,0,0,0,0,0,0,0,0,0,0,0,0,0,0,0,0,0,0,0,0,0,0,0,0,0,0,0,0,0,0,0,0,0,1,1,0,0,0,0
2020-09-27,0,0,0,0,0,0,0,1,0,0,0,0,51,0,0,2,0,0,0,0,3,0,1,1,0,0,0,0,0,0,0,0,0,0,0,0,0,0,0,0,0,0,0,0,0,0,0,0,0,0,0,0,0,0,0,0,0,0,0,0,0,0,0,0,0
2020-09-28,1,0,0,0,0,0,0,0,0,0,0,0,54,0,0,0,0,0,0,0,7,0,0,0,0,0,0,0,0,0,0,0,1,0,0,0,0,0,0,1,0,0,0,0,0,0,0,0,0,0,1,0,0,0,0,0,0,0,0,0,0,0,0,0,0
2020-09-29,0,0,0,0,0,0,0,0,0,0,0,1,49,1,0,0,0,0,0,0,9,0,1,0,0,0,0,0,1,0,0,0,2,0,0,0,0,0,0,0,0,0,0,0,0,0,0,0,0,0,0,0,0,0,0,0,0,0,0,0,0,0,0,0,0
2020-09-30,0,0,0,0,1,0,0,0,0,0,0,1,51,0,0,0,0,0,0,0,8,0,0,0,0,0,3,0,0,1,0,0,0,0,0,0,0,0,0,0,0,0,0,0,0,0,1,0,0,0,0,0,0,0,0,0,0,0,0,1,0,0,1,0,0
2020-10-01,0,0,0,0,1,1,0,1,0,0,0,3,46,0,0,0,0,1,0,0,3,0,0,0,0,0,1,0,0,0,0,0,1,0,0,0,0,0,0,0,0,0,0,0,0,0,0,0,0,0,1,0,0,0,0,0,0,0,0,0,1,0,0,0,0
2020-10-02,0,0,0,0,0,0,0,0,0,0,0,0,25,0,0,0,0,1,0,0,3,0,0,0,0,0,0,0,0,0,0,0,0,0,0,0,0,0,0,0,0,0,0,0,1,0,0,0,0,0,0,0,1,0,0,0,0,0,0,0,0,0,0,0,0
2020-10-03,0,0,1,0,0,0,0,0,0,0,0,0,34,0,0,0,0,0,0,0,6,0,0,0,0,0,0,0,0,0,0,0,0,0,0,0,0,0,0,0,0,0,0,0,0,0,0,0,0,0,1,0,0,0,0,0,0,0,0,0,0,0,0,0,0
2020-10-04,0,0,0,0,0,0,0,0,0,0,0,0,44,0,0,1,0,1,0,0,8,0,0,0,0,0,1,0,0,0,0,0,2,0,0,0,0,0,0,0,0,0,0,0,0,0,0,0,0,0,0,0,0,0,0,0,0,0,0,3,0,0,0,0,0
2020-10-05,0,0,0,0,0,0,0,0,0,0,0,0,29,0,0,0,0,0,0,0,6,0,0,0,0,0,0,0,0,1,0,0,0,0,0,0,0,0,0,0,0,0,0,0,0,1,0,0,0,0,0,0,0,0,0,0,0,0,0,0,0,0,0,0,0
2020-10-06,0,0,1,0,0,1,0,0,0,0,0,0,46,0,0,0,0,0,0,0,5,0,0,0,0,0,0,0,0,0,0,0,0,0,0,0,0,0,0,0,0,0,0,0,0,0,0,0,0,0,0,0,0,0,0,0,0,0,0,3,0,0,0,0,0
2020-10-07,0,0,1,0,0,0,0,0,0,0,0,0,54,0,0,0,0,0,0,0,5,0,0,0,0,0,0,0,0,0,0,0,0,0,0,0,0,0,1,0,0,0,0,0,0,0,0,0,0,0,0,0,0,0,0,0,0,0,0,0,0,0,0,0,0
2020-10-08,0,0,1,0,0,0,0,0,0,0,0,0,44,0,0,0,0,0,0,0,3,0,0,0,0,0,0,0,0,0,0,0,0,0,0,0,0,0,0,0,0,0,0,0,0,0,0,0,0,0,0,1,0,0,0,0,0,0,0,0,0,0,0,0,0
2020-10-09,0,0,0,0,0,0,0,0,0,0,0,1,24,0,0,0,0,0,0,0,2,0,0,0,0,0,0,0,0,0,0,0,0,0,0,0,0,0,0,0,1,0,0,0,0,0,0,0,0,0,0,0,0,0,1,1,0,0,0,0,0,0,0,0,0
2020-10-10,0,0,0,0,0,0,0,0,0,0,0,0,25,0,0,0,0,0,0,0,2,0,0,0,0,0,0,0,0,0,0,0,0,0,0,0,0,0,0,0,0,0,1,0,0,0,1,0,0,0,0,0,0,0,0,0,0,0,0,0,0,0,0,0,0
2020-10-11,0,0,0,0,0,0,0,0,0,0,0,0,24,0,0,0,0,0,0,0,4,0,0,0,0,0,0,0,0,0,0,0,0,0,0,0,0,0,0,0,0,1,0,0,0,0,0,0,0,0,0,0,0,0,0,0,1,0,0,0,0,0,0,0,1
2020-10-12,0,0,0,0,0,0,0,0,1,0,0,0,43,0,0,0,0,0,0,0,2,0,0,0,0,0,0,0,0,0,0,1,0,0,0,0,1,0,0,0,0,0,1,0,0,0,0,1,0,0,0,0,0,0,0,1,0,0,0,0,0,0,0,0,0
2020-10-13,0,0,0,0,0,0,0,0,0,0,0,0,35,0,0,0,0,0,0,0,9,0,0,0,0,1,0,0,0,0,0,0,0,0,0,0,0,0,0,0,0,0,0,0,0,0,0,0,0,0,0,0,0,0,0,0,0,0,0,0,0,0,0,0,1
2020-10-14,1,0,1,0,0,0,0,0,0,0,0,0,35,0,0,0,0,0,0,0,8,1,0,0,0,0,0,0,0,0,0,0,0,0,0,0,0,0,0,0,2,0,0,0,0,0,0,0,0,0,0,0,0,0,0,0,0,0,0,0,0,0,0,0,0
2020-10-15,0,0,0,0,1,0,1,0,0,0,0,0,26,0,0,0,0,0,0,0,3,0,0,0,0,0,0,0,0,0,0,0,0,0,0,0,0,0,0,0,0,0,0,0,0,0,1,0,0,0,0,1,0,0,0,0,0,0,0,0,0,0,0,0,0
2020-10-16,0,0,1,0,0,0,0,0,0,0,1,0,43,0,0,0,0,0,0,0,5,0,0,0,0,0,0,1,0,0,0,0,0,0,0,0,0,0,0,0,0,0,0,0,0,0,0,0,0,0,0,0,0,0,0,0,0,0,0,0,0,0,0,0,0
2020-10-17,0,0,1,0,0,0,0,0,0,0,0,0,30,0,0,0,0,0,0,1,6,0,0,0,0,0,0,1,0,0,0,0,0,0,0,0,0,0,0,0,0,0,0,0,0,0,0,0,0,0,0,0,0,0,0,0,0,0,0,2,0,0,0,0,0
2020-10-18,0,0,0,0,0,0,0,0,0,0,0,0,38,0,0,0,0,0,0,0,9,0,0,0,0,0,0,0,0,0,0,0,1,0,0,0,0,0,0,0,0,0,0,0,0,0,0,1,0,0,0,0,0,0,0,0,1,0,0,1,2,0,0,0,0
2020-10-19,0,0,0,1,0,0,0,0,0,0,1,0,24,0,0,0,0,1,0,0,3,0,0,0,0,0,0,0,0,1,0,0,0,0,0,0,0,0,0,0,0,1,0,0,0,0,0,0,0,0,0,0,0,0,0,0,0,0,0,0,0,0,0,0,0
2020-10-20,0,0,1,0,0,0,0,2,0,0,0,0,49,0,0,0,0,0,0,0,13,0,1,0,1,0,0,0,0,0,0,0,1,0,0,1,0,3,0,0,0,0,0,1,0,0,0,0,0,0,0,0,0,0,0,0,0,0,0,1,0,0,0,0,0
2020-10-21,0,0,0,0,0,0,0,0,0,0,0,0,54,0,0,0,0,0,0,0,5,0,0,0,0,0,0,0,0,0,0,0,0,0,0,0,0,0,0,0,0,1,0,0,0,0,0,0,0,0,0,0,1,0,0,0,0,0,0,0,0,0,0,0,0
2020-10-22,0,0,0,0,0,0,0,0,0,0,0,0,23,0,0,0,0,0,0,1,3,0,0,0,0,0,0,0,1,0,0,0,0,0,0,0,0,0,0,0,0,0,0,0,0,0,0,0,0,0,0,0,0,0,0,0,0,0,0,0,0,0,0,0,0
2020-10-23,0,0,0,0,0,0,0,0,0,0,0,0,45,0,0,0,0,0,0,0,7,0,0,0,0,0,0,0,0,0,0,0,1,0,0,0,0,0,0,0,1,0,0,0,0,1,0,0,0,0,0,0,0,0,0,0,1,0,0,0,0,0,0,0,0
2020-10-24,0,0,0,0,0,0,0,0,0,0,0,0,39,0,0,0,0,0,0,0,7,1,0,0,0,0,0,0,0,0,0,0,0,0,0,0,0,0,0,0,0,1,0,0,0,0,1,1,0,0,0,0,1,0,0,0,0,0,0,0,0,0,0,0,0
2020-10-25,1,0,0,0,0,0,0,0,0,1,0,0,35,0,0,0,0,0,0,0,6,0,0,0,0,0,0,0,0,0,0,0,0,0,0,0,0,0,0,0,0,0,0,0,0,0,0,0,0,0,0,0,0,0,0,0,0,0,0,0,0,0,1,0,0
2020-10-26,0,0,0,0,1,1,0,0,0,0,0,0,32,0,1,0,0,0,1,0,4,0,0,0,0,0,0,0,0,0,0,0,0,0,0,0,0,0,0,0,0,0,0,0,0,0,0,0,0,0,0,0,0,0,0,0,0,0,0,0,0,0,0,0,0
2020-10-27,0,0,3,0,1,0,0,0,0,0,0,0,38,0,0,0,0,0,0,0,9,0,0,0,0,0,0,0,0,0,0,0,0,0,0,0,0,0,0,0,0,0,0,0,0,0,0,0,0,0,0,0,0,0,0,0,0,0,0,0,0,0,0,0,0
2020-10-28,0,0,0,0,0,0,0,1,0,0,0,0,60,0,0,0,0,1,0,1,8,0,0,0,0,0,0,0,0,0,0,0,0,0,1,0,0,0,0,0,1,1,1,0,0,0,0,0,0,0,0,0,0,0,0,0,0,0,0,1,0,0,0,0,0
2020-10-29,0,0,0,0,0,0,0,0,0,0,0,0,45,0,0,0,0,2,0,0,4,0,0,0,0,0,0,0,0,0,0,0,0,0,0,0,0,0,0,0,0,0,0,0,0,0,0,0,0,0,0,0,0,0,0,0,0,0,0,1,0,0,2,0,1
2020-10-30,0,0,0,0,0,0,0,0,0,0,0,0,40,0,0,0,0,0,0,0,1,0,0,0,0,0,0,0,0,0,0,0,0,0,0,0,0,1,0,0,0,0,0,0,0,0,0,0,0,0,0,0,0,0,0,0,0,0,0,0,0,0,0,0,0
2020-10-31,0,0,0,0,0,0,0,0,0,0,0,0,43,0,0,0,0,0,0,0,11,1,0,0,0,0,0,0,0,0,0,0,0,0,0,0,0,1,0,0,0,0,0,0,0,0,0,0,0,0,0,0,0,0,0,0,0,0,0,0,0,0,0,0,0
2020-11-01,0,0,1,0,0,0,0,1,0,0,0,0,34,0,0,0,0,1,0,0,9,0,1,0,0,0,0,0,0,0,0,0,0,0,0,1,0,0,0,0,0,1,0,0,1,0,0,0,0,0,0,0,0,0,0,0,0,0,0,0,0,0,0,0,0
2020-11-02,0,0,1,0,0,0,0,0,1,0,0,0,29,0,1,0,0,0,0,1,6,0,0,0,0,0,0,0,0,0,0,0,0,0,0,0,0,0,0,0,1,0,0,0,0,0,0,0,0,0,0,0,0,0,0,0,0,0,0,0,0,0,0,0,0
2020-11-03,0,0,0,0,1,0,0,1,0,0,0,0,50,0,0,0,0,1,0,0,5,1,0,0,0,0,0,0,0,0,0,0,0,0,0,0,0,0,0,0,0,0,1,0,0,0,1,0,0,0,0,0,0,0,0,0,0,0,0,0,0,0,0,0,0
2020-11-04,0,0,0,0,1,0,0,0,0,0,0,0,26,0,0,0,0,0,0,0,5,0,0,0,0,0,0,0,0,0,0,0,0,0,0,0,0,0,0,0,0,0,0,0,0,0,0,0,0,0,0,0,0,0,0,0,0,0,0,0,0,0,0,0,0
2020-11-05,0,0,1,0,0,0,0,0,0,0,0,0,32,0,0,1,0,0,0,0,11,0,0,0,0,0,0,0,0,0,0,0,0,0,0,0,0,0,0,0,0,0,0,0,0,0,0,0,0,0,0,0,0,0,0,0,0,0,0,0,0,0,0,0,0
2020-11-06,0,1,0,0,0,0,0,0,0,0,0,0,31,0,0,0,0,0,0,0,7,1,0,0,0,0,0,0,0,0,0,0,0,0,0,0,0,0,0,0,0,0,0,0,0,0,0,0,2,0,1,0,0,0,0,0,0,0,0,0,0,0,0,0,0
2020-11-07,0,0,0,0,0,0,0,0,0,0,0,0,39,0,0,1,0,0,0,0,4,0,0,0,0,0,0,0,0,0,0,0,0,0,0,0,0,0,0,0,0,0,0,0,0,0,0,0,0,0,0,0,0,0,0,0,0,0,0,0,0,0,0,0,0
2020-11-08,0,0,0,0,0,0,0,0,0,0,0,0,32,0,0,0,0,0,0,0,5,0,0,1,0,0,0,0,0,0,0,0,0,0,0,0,0,0,0,0,1,0,0,0,0,0,0,0,0,0,0,0,1,0,0,0,0,0,0,0,0,0,0,0,0
2020-11-09,0,0,0,0,2,0,0,0,0,0,0,0,54,0,0,0,0,1,0,0,7,0,0,0,1,0,0,0,0,0,0,0,0,0,0,0,0,0,0,0,0,0,0,0,0,0,1,0,0,0,0,0,0,0,0,0,0,0,0,0,0,0,0,0,0
2020-11-10,0,0,1,0,0,0,0,1,0,0,0,0,45,0,0,0,0,0,0,0,3,0,0,0,0,0,0,0,0,0,0,0,0,0,0,0,0,0,0,0,0,0,0,0,0,0,0,0,0,0,1,0,0,0,0,0,0,0,0,0,0,0,0,0,0
2020-11-11,0,0,0,0,0,0,0,2,0,0,0,0,38,0,0,0,0,0,0,0,9,0,0,0,0,0,0,0,0,0,0,0,0,0,0,0,0,0,0,0,0,0,0,0,0,0,0,0,0,0,0,0,0,0,0,0,0,0,0,0,0,0,0,0,0
2020-11-12,0,0,1,0,0,0,0,0,0,0,0,0,46,0,1,0,1,0,0,0,3,0,0,0,0,0,0,0,0,0,0,0,0,0,0,0,0,0,0,0,0,0,0,0,0,0,0,0,0,0,0,1,0,0,0,0,0,0,0,0,0,0,0,0,0
2020-11-13,0,0,0,0,0,0,0,0,0,0,0,0,40,0,0,0,0,0,0,0,7,0,0,0,0,0,0,0,0,0,0,0,0,0,0,0,0,0,0,0,0,0,0,1,0,0,0,0,0,0,0,0,0,0,0,0,0,0,0,0,0,0,0,0,0
2020-11-14,0,0,0,0,0,0,0,0,0,0,1,0,36,0,0,0,0,0,0,0,3,0,0,0,0,0,0,0,0,0,0,0,0,0,0,0,1,0,0,0,0,0,0,0,0,0,0,0,0,0,0,0,0,0,0,0,0,0,0,0,0,0,0,0,0
2020-11-15,0,0,0,0,1,0,0,2,0,0,0,0,44,0,0,0,0,0,0,0,11,0,0,0,0,0,0,0,1,0,0,0,0,0,0,0,1,0,0,0,1,0,0,0,0,0,0,0,0,0,0,0,0,0,0,0,0,0,0,1,0,0,1,0,0
2020-11-16,0,0,0,0,0,0,0,0,0,0,0,0,38,0,0,0,0,0,0,0,5,0,0,0,0,0,0,0,0,0,0,0,0,0,0,0,0,0,0,0,0,0,0,0,0,0,0,1,1,0,0,0,0,0,0,0,0,0,0,1,0,0,1,0,0
2020-11-17,1,0,1,0,0,1,0,0,0,0,1,0,44,0,0,0,0,0,0,0,8,0,0,0,0,0,0,0,0,0,0,0,1,0,0,0,0,0,0,1,0,0,0,0,0,0,1,0,0,0,2,0,0,0,0,0,0,0,0,1,0,0,0,0,0
2020-11-18,0,0,2,0,0,0,0,0,0,0,1,0,63,0,0,0,0,0,0,0,7,0,0,0,0,0,0,0,0,1,0,0,2,0,1,0,0,1,0,1,0,1,0,0,0,0,0,0,0,0,0,0,0,0,0,0,0,0,0,0,0,0,0,0,0
2020-11-19,0,0,0,0,0,0,0,0,0,0,0,0,49,0,0,0,0,0,0,0,7,1,0,0,0,0,0,0,0,0,0,0,0,0,0,0,0,0,0,0,0,0,0,0,0,0,0,0,0,0,0,0,0,0,0,0,0,1,0,0,0,0,0,0,0
2020-11-20,0,0,0,0,0,1,0,0,0,0,0,0,38,0,0,0,0,1,0,0,8,0,0,0,0,0,0,0,0,0,0,0,0,0,0,0,0,0,0,0,0,0,0,0,0,0,0,0,0,0,0,0,0,0,0,0,0,0,0,2,2,2,0,0,0
2020-11-21,0,0,0,0,0,0,0,3,0,0,0,0,43,0,0,0,0,0,0,0,7,0,0,0,0,0,0,0,0,0,0,0,0,0,0,0,0,0,0,0,0,0,0,0,0,0,0,0,0,0,0,0,0,0,0,0,0,0,0,0,0,0,0,0,0
2020-11-22,0,0,0,0,0,0,0,0,0,0,0,0,41,0,0,0,1,1,0,0,7,0,0,0,2,0,0,0,0,0,0,0,0,0,0,0,0,0,0,0,0,0,0,0,0,0,0,0,0,0,0,0,0,0,0,0,0,0,0,1,0,0,0,0,0
2020-11-23,0,0,0,0,0,0,0,0,0,0,0,0,49,0,0,0,0,0,0,0,5,0,0,0,0,0,0,1,0,0,0,0,1,0,0,0,1,1,0,0,0,0,0,0,0,0,0,0,0,0,0,0,1,0,0,0,0,0,0,0,0,0,1,0,0
2020-11-24,0,0,0,0,0,0,0,0,0,0,1,0,47,0,0,1,0,0,0,0,5,0,0,0,0,0,0,0,0,0,0,0,0,0,0,0,0,0,0,0,0,0,0,0,0,0,1,1,0,0,0,0,0,0,0,0,0,0,0,0,0,0,0,0,0
2020-11-25,0,0,0,0,1,0,0,1,0,0,0,0,50,1,0,0,0,0,0,0,9,0,0,0,0,0,1,0,0,0,0,0,0,0,0,0,0,0,0,0,1,0,0,0,0,0,0,0,0,0,0,0,0,0,0,0,0,0,0,2,0,0,1,0,0
2020-11-26,0,0,0,0,0,0,0,1,0,0,0,0,40,0,0,0,0,0,0,0,7,0,0,0,0,0,0,0,0,0,0,0,0,0,0,0,0,0,0,0,0,0,0,0,0,0,0,0,0,0,0,0,0,0,0,1,0,0,0,0,0,0,0,0,0
2020-11-27,0,0,0,0,0,0,0,1,0,0,0,0,32,0,0,1,0,0,0,0,6,0,0,0,0,1,0,0,0,0,0,0,0,0,0,0,0,0,0,0,0,0,0,0,0,4,0,0,0,0,0,0,0,0,0,0,0,0,0,0,0,0,0,0,0
2020-11-28,0,0,2,0,0,0,0,0,0,0,0,0,45,0,0,0,0,0,0,0,8,0,0,0,0,0,0,0,0,0,0,0,0,0,0,0,0,0,0,0,0,0,0,0,0,0,0,0,0,0,1,0,0,0,0,2,0,1,0,1,0,0,0,0,0
2020-11-29,0,0,0,0,0,0,0,0,0,0,0,0,38,0,0,0,0,0,0,0,4,0,0,0,0,0,0,0,0,0,0,0,0,0,0,0,0,0,0,0,0,0,0,0,0,0,0,0,0,0,0,0,0,1,0,0,0,0,0,0,0,0,0,0,0
2020-11-30,0,0,0,0,0,0,0,0,0,0,0,0,51,0,0,0,0,0,0,0,9,0,0,0,0,0,0,0,0,0,0,0,0,0,0,0,0,0,0,0,0,0,0,0,0,0,0,0,0,0,0,0,0,0,0,0,0,1,0,1,0,0,0,0,0
2020-12-01,0,0,0,0,0,0,0,0,0,2,0,0,43,0,0,0,0,0,0,0,7,0,0,0,0,0,0,0,0,0,0,0,1,0,0,0,0,1,1,0,0,0,0,0,0,0,0,0,0,0,0,0,0,0,0,0,0,0,0,0,1,0,0,0,0
2020-12-02,0,0,1,0,0,0,0,0,0,0,0,0,46,0,0,0,0,3,0,0,8,0,0,0,0,0,0,0,0,0,0,0,0,0,0,0,0,0,0,0,0,1,0,0,0,0,0,0,0,0,0,0,0,0,0,0,0,0,0,1,1,0,0,0,0
2020-12-03,1,1,2,0,1,0,1,0,0,0,0,0,53,0,0,0,0,0,0,0,5,0,0,0,0,0,0,0,0,0,0,0,1,0,0,0,0,0,0,0,0,0,0,0,0,0,0,0,0,0,0,0,0,0,0,0,0,0,0,0,0,0,0,0,0
2020-12-04,0,0,0,0,0,0,0,0,0,0,0,0,46,0,0,0,0,1,0,0,2,0,0,0,0,0,0,0,0,0,0,0,0,0,0,0,1,0,0,0,0,0,0,0,0,1,0,0,0,0,0,1,0,1,0,0,0,0,0,0,0,0,0,0,0
2020-12-05,0,0,1,0,0,0,0,0,0,0,0,0,37,0,0,0,0,0,0,0,3,0,0,0,0,0,0,0,0,0,0,0,0,0,0,0,0,0,0,0,0,0,0,0,0,0,0,0,0,0,0,0,0,0,0,0,0,0,0,0,0,0,0,0,0
2020-12-06,0,0,0,0,0,0,0,0,0,0,0,0,30,0,0,0,0,0,0,0,7,0,0,0,0,0,0,0,1,0,0,0,0,0,0,0,0,0,0,0,1,0,0,0,0,0,0,0,0,0,0,0,0,0,0,0,0,0,0,0,0,0,0,0,0
2020-12-07,0,0,1,0,0,0,0,0,0,0,0,0,35,0,0,0,0,0,0,0,4,0,0,0,1,0,0,0,0,0,0,0,0,0,0,0,0,0,0,0,0,0,0,0,0,0,0,0,0,1,0,0,0,0,0,0,0,0,0,0,0,0,0,0,1
2020-12-08,0,0,0,0,0,0,0,0,0,0,0,0,56,0,0,0,0,0,1,0,7,0,0,0,0,0,0,0,0,0,0,0,0,0,0,0,0,0,0,3,0,0,0,0,0,0,0,0,0,0,0,0,0,1,0,0,0,1,0,0,0,0,0,0,0
2020-12-09,0,0,0,0,0,1,0,0,0,0,0,0,33,0,0,0,0,1,0,0,5,0,0,0,0,1,0,0,0,0,0,0,0,0,0,0,0,0,0,0,0,1,0,0,0,0,0,0,0,0,0,0,0,0,0,0,1,0,0,0,0,0,0,0,0
2020-12-10,0,0,0,0,0,0,0,0,0,0,0,0,32,0,0,0,0,1,0,0,8,1,0,0,0,0,0,0,0,0,0,0,0,0,0,0,0,0,0,0,0,0,0,0,0,0,0,0,0,0,0,0,0,0,0,0,0,0,0,0,0,0,0,0,0
2020-12-11,0,0,0,0,0,0,0,0,0,0,0,0,21,0,0,0,0,0,0,0,2,0,0,0,0,0,0,0,0,0,0,1,0,0,0,1,0,0,0,0,0,0,0,0,0,0,0,0,0,0,0,0,0,0,0,0,0,0,0,0,0,1,0,0,0
2020-12-12,0,0,0,0,0,0,0,0,0,0,0,0,22,0,0,0,0,1,0,0,1,0,0,1,0,0,0,1,0,0,0,0,0,0,0,0,0,0,0,1,0,0,0,0,0,0,0,0,0,0,0,0,0,0,0,0,0,0,0,0,0,0,0,0,0
2020-12-13,0,0,0,0,2,0,0,0,0,0,0,0,30,0,0,0,0,0,0,0,1,0,0,0,0,0,0,0,0,0,0,0,0,0,0,0,0,0,0,0,0,0,0,0,0,0,0,0,0,0,0,0,0,0,0,0,0,0,0,0,0,0,0,0,0
2020-12-14,0,0,0,0,0,0,0,0,0,0,0,0,32,0,0,0,0,1,0,0,4,0,0,0,0,0,0,0,0,0,0,0,1,0,0,0,0,0,0,0,0,0,0,0,0,0,0,0,0,0,0,0,0,0,0,0,0,0,0,0,0,1,0,0,0
2020-12-15,0,0,1,0,0,0,0,0,0,0,1,0,32,0,0,0,0,0,0,0,2,0,0,0,0,0,0,0,0,0,0,0,0,0,0,0,0,1,0,0,0,0,0,0,0,1,0,0,0,0,0,0,0,0,0,0,0,0,0,0,0,0,0,0,0
2020-12-16,0,0,0,0,0,0,0,0,0,0,0,0,19,0,0,0,0,0,0,0,2,1,0,0,0,0,0,0,0,0,0,0,1,0,0,0,0,0,0,0,0,0,0,0,0,0,0,0,0,0,0,0,0,0,0,0,0,0,0,1,0,0,0,0,0
2020-12-17,0,0,0,0,0,0,0,0,0,0,0,0,23,0,0,0,0,0,0,0,6,0,0,0,0,0,0,0,0,0,0,0,0,0,0,0,0,0,0,0,0,0,0,0,0,0,0,0,0,0,0,0,0,0,0,0,0,0,0,0,0,0,1,0,0
2020-12-18,0,1,0,0,0,0,0,0,0,0,0,0,14,0,1,0,0,0,0,0,2,0,0,0,0,0,0,0,0,0,0,0,2,0,0,0,1,0,0,0,0,0,0,0,0,0,0,0,0,0,0,0,0,0,0,0,0,0,0,1,0,0,0,0,0
2020-12-19,0,0,0,0,0,0,0,0,0,0,0,0,20,0,0,0,0,0,0,0,2,0,0,0,0,0,0,0,0,0,0,0,0,0,0,0,0,0,0,0,0,0,0,0,0,0,0,0,0,0,0,0,0,0,0,0,0,0,0,0,0,0,0,0,0
2020-12-20,0,0,0,0,0,0,0,0,0,0,0,0,11,0,0,0,0,0,0,0,4,0,0,0,0,0,0,0,0,0,0,0,0,0,0,0,0,0,1,0,0,0,0,0,0,0,0,0,0,0,0,0,0,0,0,0,0,0,0,1,0,0,0,0,0
2020-12-21,0,0,0,0,0,0,0,0,0,0,0,0,18,0,3,0,0,0,0,0,1,0,0,0,0,0,0,0,0,0,0,0,0,0,0,0,0,1,0,0,0,0,0,0,0,0,0,0,0,1,0,0,0,0,0,0,0,0,0,2,0,0,0,0,0
2020-12-22,0,0,0,0,0,0,0,0,0,0,0,0,23,0,0,0,0,0,0,0,5,0,0,0,0,0,0,0,0,0,0,0,0,0,0,1,0,0,0,0,0,0,0,0,0,0,0,0,0,0,0,0,0,0,0,0,0,0,0,0,0,0,0,0,0
2020-12-23,0,0,0,0,0,0,0,0,0,0,0,0,24,0,0,0,0,1,0,0,1,0,0,0,0,0,0,0,0,0,0,0,0,0,0,0,0,0,0,0,0,0,0,0,0,0,0,0,0,0,0,0,0,0,0,0,0,0,0,1,0,0,0,0,0
2020-12-24,0,0,0,0,0,0,0,0,0,0,0,0,27,0,0,0,0,0,0,0,2,0,0,0,0,0,0,0,2,1,0,0,0,0,0,0,0,0,0,0,0,0,0,0,0,1,0,0,0,0,0,0,0,1,0,0,0,0,0,1,0,0,0,0,0
2020-12-25,0,0,0,0,0,0,0,0,0,0,0,0,21,0,0,0,0,0,0,0,4,0,0,0,0,0,0,0,1,0,0,0,0,0,0,0,0,0,0,0,0,0,0,0,0,0,0,0,0,0,0,0,0,0,0,0,0,0,0,2,0,0,0,0,0
2020-12-26,0,0,0,0,0,0,0,0,0,0,0,0,27,0,0,0,0,1,0,0,1,0,0,0,0,0,0,0,0,0,0,0,0,0,0,0,0,0,0,0,0,0,0,0,0,0,0,0,0,0,0,0,0,0,0,0,0,0,0,0,0,0,0,0,0
2020-12-27,0,0,0,0,0,0,0,0,0,0,0,0,26,0,0,0,0,0,0,0,3,0,0,2,0,0,0,0,0,1,0,0,0,0,0,0,0,1,0,0,0,0,0,0,0,0,0,0,0,0,0,0,0,0,0,0,0,0,0,0,0,0,0,0,0
2020-12-28,0,0,1,0,0,0,0,0,0,0,0,0,21,0,0,0,0,0,0,0,2,0,0,0,0,0,0,0,0,0,0,0,0,0,0,0,0,0,0,0,0,0,0,0,0,0,0,0,1,0,1,0,0,0,0,0,0,0,0,0,0,0,1,0,0
2020-12-29,0,0,0,0,0,0,0,0,0,0,0,0,26,0,0,0,0,0,0,0,1,0,0,0,0,0,0,0,0,0,0,0,1,0,0,0,0,0,0,0,0,0,0,0,0,1,0,0,1,0,0,0,0,0,0,0,0,0,0,0,0,0,0,0,0
2020-12-30,0,0,1,1,0,0,0,0,0,0,0,0,32,0,0,1,0,0,0,0,1,0,0,0,0,0,0,0,0,0,0,0,0,0,0,0,0,0,0,0,0,0,0,0,0,0,0,0,0,0,0,0,0,0,0,0,0,0,0,0,0,0,0,0,0
2020-12-31,0,0,0,0,0,0,0,0,0,0,0,0,17,0,0,0,0,0,0,0,2,0,0,1,0,0,0,0,0,0,0,0,0,0,0,0,0,0,0,0,1,1,0,0,0,0,0,0,0,0,0,0,0,0,0,0,0,0,0,0,0,0,0,0,0
2021-01-01,0,0,0,0,0,0,1,0,0,0,0,0,17,0,0,0,0,0,0,0,4,0,0,0,0,0,0,0,0,0,0,0,0,0,0,0,0,0,0,0,0,1,0,0,0,0,0,0,0,0,0,0,0,0,0,0,0,0,0,0,0,0,0,0,0
2021-01-02,0,0,0,0,0,0,0,0,0,0,0,0,20,0,0,0,0,1,0,0,1,0,0,0,1,0,0,0,0,0,0,0,0,0,0,0,0,0,0,0,0,0,0,0,0,0,0,0,0,0,0,0,0,0,0,0,0,0,0,0,0,0,0,0,0
2021-01-03,0,0,0,0,0,0,0,1,0,0,0,0,22,0,0,0,0,0,0,0,2,0,0,1,0,1,0,0,0,0,0,0,1,0,0,0,0,0,0,0,0,0,0,0,0,0,1,1,0,0,0,0,0,0,0,0,1,0,0,0,0,0,0,0,0
2021-01-04,0,0,0,0,1,0,0,0,0,0,0,0,26,0,0,0,0,0,0,0,6,0,0,0,0,0,0,0,0,0,0,0,0,0,0,0,0,0,0,0,0,0,0,0,0,0,1,0,0,0,0,0,0,0,0,0,0,0,0,1,0,0,0,0,0
2021-01-05,0,0,0,0,0,0,0,0,0,0,0,0,28,0,0,0,0,0,0,0,3,0,0,0,0,0,0,0,0,0,0,0,0,0,0,0,0,1,0,0,0,0,0,0,0,0,0,0,0,0,0,0,0,0,0,0,0,0,0,0,0,0,0,0,0
2021-01-06,0,0,0,0,0,0,0,0,0,0,0,1,17,0,0,0,0,0,0,0,8,0,0,0,0,0,0,0,0,0,0,0,0,0,0,0,0,1,0,0,0,0,0,0,0,0,0,0,0,0,0,0,0,0,0,0,0,0,0,0,0,0,0,0,0
2021-01-07,0,0,0,0,0,0,0,0,0,0,0,0,17,0,0,0,0,0,0,0,2,0,0,0,0,0,0,1,0,0,0,0,0,0,0,0,0,0,0,0,0,0,0,0,0,0,0,1,0,0,0,0,0,0,0,0,0,0,0,0,0,0,0,0,0
2021-01-08,0,0,0,0,0,0,0,0,0,0,0,0,9,0,0,0,0,0,0,0,1,0,0,0,0,0,0,0,0,0,0,0,0,0,0,0,0,0,0,0,0,0,0,0,0,0,0,0,0,0,0,0,0,0,0,0,0,0,0,0,0,0,0,0,0
2021-01-09,0,0,0,0,0,0,0,0,0,0,0,0,17,1,0,0,0,0,0,0,2,0,0,0,0,0,0,0,0,0,0,0,0,0,0,0,0,0,0,0,0,0,0,0,0,0,0,0,0,0,0,0,0,0,0,0,0,0,0,0,0,0,0,0,0
2021-01-10,0,0,1,0,0,0,0,0,0,0,1,0,22,0,0,0,0,0,0,0,3,0,0,0,0,0,0,0,0,0,0,0,0,0,0,0,0,0,0,0,0,0,0,0,0,0,0,0,0,0,0,0,0,0,0,0,0,0,0,0,0,0,0,0,0
2021-01-11,0,0,0,0,0,0,0,0,1,0,0,0,21,0,0,2,0,0,0,0,4,0,0,0,0,0,0,0,0,0,0,0,0,0,0,0,1,0,0,0,0,0,0,0,0,0,0,0,0,0,0,0,0,0,0,0,0,0,0,0,0,0,0,0,0
2021-01-12,0,0,0,0,0,0,0,0,0,0,0,0,17,0,0,0,0,0,1,0,3,0,0,0,0,0,0,0,0,0,0,0,0,0,0,0,0,0,0,0,0,0,0,0,0,0,0,0,0,0,0,0,0,0,0,0,0,0,0,0,0,0,0,0,0
2021-01-13,0,0,0,0,1,0,0,0,0,0,0,0,14,1,0,0,0,0,0,0,4,0,0,0,0,0,0,0,0,0,0,0,1,0,1,0,0,1,0,0,0,0,0,0,0,0,1,0,0,0,0,0,0,0,0,0,0,0,0,0,0,0,0,0,0
2021-01-14,0,0,1,0,0,0,0,0,0,0,0,0,15,0,0,0,0,0,0,0,2,2,0,0,0,0,0,3,0,0,0,0,0,0,0,0,0,1,0,0,0,0,0,0,0,0,0,0,0,0,0,0,0,0,0,0,0,0,0,0,0,0,0,0,0
2021-01-15,0,0,0,0,0,0,0,0,0,0,0,0,13,0,0,0,0,0,0,0,1,0,0,0,0,0,0,0,0,0,0,0,0,0,0,0,1,0,0,0,0,0,0,0,0,0,0,0,0,0,0,0,0,0,0,0,0,0,0,0,0,0,0,0,0
2021-01-16,0,0,0,0,2,1,0,0,0,0,0,0,16,0,0,0,0,0,0,0,0,0,0,0,0,0,0,0,0,0,0,0,0,0,0,0,0,0,0,0,0,0,0,0,0,0,0,0,0,0,0,0,0,0,0,0,0,0,0,0,0,0,0,0,0
2021-01-17,0,0,0,0,0,0,0,0,0,0,0,0,24,0,0,0,0,1,0,0,0,0,0,0,0,0,0,0,0,0,0,0,0,0,0,0,0,3,0,0,0,0,0,0,0,0,0,0,0,0,0,0,0,0,0,0,0,0,0,0,0,0,0,0,0
2021-01-18,0,0,0,0,0,0,0,0,0,0,0,0,15,0,0,0,0,0,0,0,0,0,0,0,0,0,0,0,0,1,0,0,0,0,0,0,0,0,0,1,0,0,0,0,0,0,0,0,0,0,0,0,0,0,0,0,0,0,0,0,0,0,0,0,0
2021-01-19,0,0,0,0,0,0,0,1,0,0,0,0,19,0,0,0,0,0,0,0,3,0,0,0,0,1,0,0,0,0,0,0,0,0,0,0,0,0,0,0,0,0,0,0,0,0,0,0,0,0,0,0,0,0,0,0,0,0,0,0,0,0,0,0,0
2021-01-20,0,0,0,0,0,0,0,0,0,0,0,0,20,0,0,0,0,0,0,0,1,0,0,0,0,0,0,0,0,0,0,1,0,0,0,0,0,1,0,0,0,0,0,0,0,0,0,0,0,0,0,0,0,0,0,0,0,0,0,0,0,0,0,0,0
2021-01-21,0,0,0,0,0,0,0,0,0,0,0,0,16,0,0,0,0,0,0,0,1,1,0,0,0,0,0,0,0,0,0,0,0,0,0,0,0,0,0,0,0,0,0,0,0,0,0,0,0,0,0,0,0,0,0,0,0,0,0,0,0,0,0,0,0
2021-01-22,0,0,0,0,0,0,0,0,0,0,0,0,4,0,0,0,0,0,0,0,0,0,0,0,0,0,0,0,0,0,0,0,0,0,0,0,0,0,0,0,0,0,0,0,0,0,0,0,0,0,0,0,0,0,0,0,0,0,0,1,0,0,0,0,0
2021-01-23,0,0,0,0,0,0,0,0,0,0,0,0,15,0,0,0,0,0,0,0,0,1,0,0,0,0,0,0,0,0,0,0,0,0,0,0,0,0,0,0,0,0,0,0,0,0,0,0,0,0,1,0,0,0,0,0,0,0,0,0,0,0,0,0,0
2021-01-24,0,0,0,0,0,0,0,0,0,0,0,0,23,0,0,0,0,0,0,0,1,0,0,0,0,0,0,0,0,0,0,0,0,0,0,0,0,0,0,0,0,0,0,0,0,0,0,0,0,0,0,0,0,0,0,0,0,0,0,1,0,0,0,0,0
2021-01-25,0,0,0,0,0,0,0,0,0,0,0,0,22,0,0,0,0,0,0,0,2,0,0,0,0,0,0,0,0,0,0,0,0,0,0,0,0,0,0,0,0,0,0,0,0,0,0,0,0,0,0,0,0,0,0,0,0,0,0,0,0,0,0,0,0
2021-01-26,0,0,0,0,0,0,0,0,1,0,0,0,19,0,0,0,0,0,1,0,3,0,0,0,0,0,0,0,0,0,0,0,0,0,0,0,1,0,0,0,0,0,0,0,0,0,0,0,0,0,0,0,0,0,0,0,0,0,0,0,0,0,0,0,0
2021-01-27,0,0,0,0,0,0,0,0,0,0,0,0,24,0,0,0,0,0,0,0,3,0,0,0,0,0,0,0,0,0,0,0,0,0,0,0,0,0,0,0,0,0,0,0,0,0,0,0,0,0,0,0,0,0,0,0,0,0,0,0,0,0,0,0,0
2021-01-28,0,0,1,0,0,0,0,0,0,0,0,0,9,0,0,0,0,0,0,0,1,0,0,0,0,0,0,0,0,0,0,0,0,0,0,0,0,0,0,0,0,0,0,1,0,0,0,0,0,0,0,0,0,0,0,0,0,0,0,0,0,0,0,0,0
2021-01-29,0,0,0,0,0,0,0,0,0,0,0,0,13,0,0,0,0,0,0,0,1,0,0,0,0,0,0,0,0,0,0,0,0,2,0,0,0,0,0,0,0,0,0,0,0,0,0,0,0,0,0,0,0,0,0,0,0,0,0,0,0,0,0,0,0
2021-01-30,0,0,1,0,0,0,0,0,0,0,0,0,13,0,0,0,0,0,0,0,1,0,0,0,0,0,0,0,0,0,0,0,0,0,0,0,0,0,0,0,0,0,0,1,0,0,0,0,0,0,0,0,0,0,0,0,0,0,0,0,0,0,0,0,0
2021-01-31,0,0,0,0,0,0,0,0,0,0,0,0,21,0,0,0,0,0,0,0,1,0,0,0,0,0,0,0,0,0,0,0,0,0,0,0,0,0,0,0,0,0,0,0,0,0,0,0,0,0,0,0,0,0,0,0,1,0,0,0,0,0,0,0,0
2021-02-01,0,0,0,0,0,0,0,0,0,0,0,0,18,0,0,0,0,0,0,0,1,0,0,0,0,0,0,0,0,0,0,0,0,0,0,0,0,0,0,0,0,0,0,0,1,0,0,0,0,0,0,0,0,0,0,1,0,0,0,0,0,0,0,0,0
2021-02-02,0,0,1,0,0,1,0,0,0,0,0,0,22,0,0,0,0,0,0,1,1,0,0,0,0,0,0,0,0,0,0,0,0,0,0,0,1,0,0,0,0,0,0,0,0,0,0,0,0,0,0,0,0,0,0,0,0,0,0,0,0,0,0,0,0
2021-02-03,0,0,0,0,0,0,0,0,0,0,0,0,14,0,2,0,0,0,0,0,1,0,0,0,0,0,0,0,0,0,0,0,0,0,0,0,0,0,0,0,0,0,0,0,0,0,0,0,0,0,0,0,0,0,0,0,0,0,0,0,0,0,0,0,1
2021-02-04,0,0,0,0,0,0,0,0,0,0,0,0,14,0,0,0,0,0,0,0,0,0,0,0,0,0,0,0,0,0,0,0,0,0,0,0,0,0,0,0,0,0,0,0,0,0,0,0,0,0,0,0,0,0,0,0,0,0,0,0,0,0,0,0,0
2021-02-05,0,0,0,0,0,0,0,0,0,0,0,0,13,0,0,0,0,0,0,0,2,0,0,0,0,0,0,0,0,0,0,0,1,0,0,0,0,1,0,1,0,0,0,0,0,0,0,0,0,0,0,0,0,0,0,0,0,0,0,0,0,0,0,0,0
2021-02-06,0,0,0,0,0,0,0,2,0,0,0,0,17,0,0,0,0,0,0,0,2,0,0,0,0,0,0,0,0,0,0,0,0,0,0,0,0,0,0,0,0,0,0,0,0,0,0,0,0,0,0,0,0,0,0,0,0,0,0,0,0,0,0,0,0
