date,Brahmanbaria,Satkhira,Chittagong,Magura,Kushtia,Chandpur,Panchagarh,Mymensingh,Nilphamari,Narail,Gopalganj,Manikganj,Unknown,Meherpur,Feni,Noakhali,Barguna,Gazipur,Pirojpur,Jamalpur,Dhaka,Natore,Chuadanga,Madaripur,Jaipurhat,Bogra,Sunamganj,Cox's Bazar,Naogaon,Narsingdi,Rangpur,Bhola,Comilla,Khagrachhari,Rajbari,Dinajpur,Faridpur,Sylhet,Chapainawabganj,Rajshahi,Munshiganj,Pabna,Sherpur,Rangamati,Thakurgaon,Habiganj,Sirajganj,Netrokona,Jhenaidah,Bagerhat,Tangail,Barisal,Gaibandha,Kishoreganj,Bandarban,Kurigram,Shariatpur,Lalmonirhat,Lakshmipur,Narayanganj,Jessore,Maulvibazar,Khulna,Jhalokati,Patuakhali
2020-04-03,2,0,12,0,0,1,3,0,2,1,0,1,0,0,0,2,0,10,0,1,74,2,0,1,1,6,1,0,0,0,0,0,1,0,0,5,1,3,0,2,1,1,2,0,0,0,2,0,0,4,2,1,1,0,0,0,0,0,0,13,1,0,5,0,1
2020-04-04,1,1,22,0,4,1,1,5,1,0,0,0,0,1,5,5,0,12,0,1,211,2,0,1,0,3,0,6,2,4,3,1,10,0,2,3,2,10,2,3,0,5,0,0,8,6,7,5,0,1,7,1,5,3,0,3,0,2,2,20,4,1,4,0,1
2020-04-05,7,3,39,0,4,3,0,10,0,0,0,3,0,9,9,5,0,8,0,1,239,1,0,11,0,5,3,9,2,5,4,0,4,0,0,5,2,13,0,13,7,4,0,0,0,1,0,1,0,2,5,0,2,8,0,0,0,0,1,11,5,0,8,0,0
2020-04-06,7,1,72,6,3,0,1,7,1,3,3,4,0,1,11,12,2,25,3,10,620,2,3,2,3,14,3,7,12,3,12,1,12,2,0,6,5,17,1,16,7,6,1,1,2,4,9,5,9,0,7,9,4,3,0,3,3,1,3,26,9,3,31,0,1
2020-04-07,0,3,15,1,1,1,1,5,2,0,3,2,0,0,1,5,0,7,0,0,156,5,0,2,0,1,0,5,0,1,5,1,13,0,0,6,2,1,0,6,2,0,2,0,0,0,3,3,0,0,2,3,1,0,0,0,2,0,2,7,5,0,14,0,0
2020-04-08,0,0,2,0,1,1,0,1,0,0,0,0,0,0,0,0,0,4,0,0,298,0,0,0,0,0,0,6,0,0,1,0,1,0,1,0,1,3,0,3,0,0,1,0,0,0,0,0,0,0,3,0,0,0,0,0,0,2,0,5,0,0,2,0,0
2020-04-09,0,2,2,1,0,3,1,2,0,1,0,2,0,1,3,2,0,4,0,4,115,0,0,0,1,3,0,4,3,1,4,1,3,3,1,6,3,4,0,1,0,0,2,3,0,0,0,0,0,1,10,1,2,4,0,0,2,1,1,12,4,0,2,2,1
2020-04-10,1,0,9,0,1,3,0,1,0,3,0,1,254,0,0,0,0,7,0,0,67,0,0,2,0,1,1,2,1,0,0,0,0,3,0,4,1,0,0,1,1,3,0,2,0,0,1,0,1,0,4,0,1,1,1,0,0,0,1,3,1,1,3,0,0
2020-04-11,2,2,5,0,0,2,0,1,0,0,0,0,537,0,2,0,0,4,0,0,42,0,0,0,0,0,0,0,0,1,2,0,0,0,1,0,0,0,1,2,0,0,0,0,0,0,0,0,0,0,2,0,0,1,0,0,0,0,1,3,3,0,0,0,0
2020-04-12,0,0,5,0,0,0,0,3,0,0,0,0,463,0,1,0,0,4,0,0,43,0,0,1,0,1,0,0,0,1,2,1,0,0,0,0,0,0,1,0,0,1,1,0,1,1,0,0,1,1,1,0,0,0,1,0,0,0,0,1,0,2,3,0,1
2020-04-13,2,0,5,0,0,0,0,0,0,0,0,1,330,0,1,0,2,1,0,0,44,1,1,0,0,0,0,0,1,0,2,0,2,0,0,0,0,0,2,0,0,4,0,0,1,0,0,0,0,2,1,0,1,0,0,0,0,0,0,4,1,0,1,0,0
2020-04-14,1,0,3,0,0,0,1,1,0,1,1,0,264,0,0,0,0,2,0,3,24,0,1,0,0,1,0,0,0,2,1,0,2,1,0,1,0,0,0,2,0,0,0,0,1,0,0,0,0,0,1,0,4,0,0,0,0,0,0,2,0,0,0,0,1
2020-04-15,0,1,2,0,2,0,0,0,0,2,0,0,346,0,0,1,0,0,0,1,34,0,0,0,0,0,0,0,1,2,5,0,0,0,0,1,0,2,1,0,0,0,0,0,0,0,1,1,0,0,0,0,0,0,0,0,1,0,0,3,2,0,1,0,0
2020-04-16,1,1,4,1,1,0,0,4,0,1,0,0,209,0,0,3,0,2,0,1,38,0,0,0,0,1,0,1,0,1,0,0,0,0,0,1,0,2,0,0,0,1,0,0,0,0,0,0,0,0,0,2,1,4,0,0,0,0,0,2,1,0,2,0,0
2020-04-17,1,0,11,0,0,4,0,0,0,0,0,0,270,0,0,1,0,2,0,0,32,0,0,0,0,3,0,2,1,0,0,0,1,3,0,1,2,0,1,6,1,0,0,0,0,0,0,0,0,0,1,0,0,2,0,0,0,0,0,1,0,0,6,1,0
2020-04-18,0,0,4,0,5,0,0,1,0,1,0,0,266,0,0,0,0,1,0,0,29,0,0,0,0,1,0,1,0,3,0,0,1,0,0,0,1,0,0,2,0,0,0,0,0,0,0,0,0,0,1,0,0,1,0,0,0,0,0,3,0,0,2,1,0
2020-04-19,0,0,1,0,3,0,0,1,0,0,0,0,199,0,0,0,0,1,2,2,31,0,0,0,1,0,0,1,1,1,1,0,0,0,0,2,0,0,0,2,0,0,0,0,0,0,0,0,0,0,1,0,2,1,0,0,0,0,0,2,3,0,1,0,1
2020-04-20,0,4,5,0,1,0,0,5,2,0,0,1,353,0,0,0,1,3,0,2,57,0,0,0,0,3,0,0,0,2,1,0,3,0,0,0,2,0,0,0,0,1,3,0,0,0,1,0,0,0,2,0,0,0,1,0,0,0,1,7,0,2,0,0,0
2020-04-21,0,0,4,0,1,1,0,1,0,0,0,0,420,0,3,3,0,5,0,0,48,0,0,0,0,1,0,1,1,3,1,3,0,0,0,0,0,2,0,5,0,1,0,0,0,0,1,0,1,0,0,3,0,3,0,0,0,1,1,2,0,0,2,0,1
2020-04-22,0,3,5,0,1,0,0,1,0,1,0,2,330,1,0,3,4,6,0,0,64,0,0,0,0,2,1,0,0,1,1,0,1,0,0,0,1,1,0,0,0,0,0,0,1,0,2,1,0,1,0,1,0,2,0,0,0,0,0,2,2,0,6,1,0
2020-04-23,0,0,5,0,2,1,0,2,0,0,1,1,256,0,0,3,0,1,0,0,44,0,0,0,0,0,0,0,0,0,1,0,2,0,0,3,0,3,1,2,0,0,0,1,0,0,3,0,0,0,0,3,0,3,1,0,0,0,2,4,1,1,0,0,0
2020-04-24,0,0,4,0,1,0,1,1,0,0,0,0,295,0,0,1,0,6,0,0,47,4,1,0,0,0,2,4,0,0,3,0,2,0,0,0,1,2,1,0,1,0,0,0,0,0,3,1,0,0,2,3,0,0,0,0,0,0,0,5,3,0,2,0,0
2020-04-25,0,0,1,1,0,0,0,0,1,0,0,0,198,0,0,0,0,4,0,0,30,0,0,0,1,3,0,1,0,0,0,0,0,0,0,0,0,2,0,0,1,4,0,0,0,1,0,0,0,0,0,1,0,0,0,0,0,1,0,7,0,0,2,0,0
2020-04-26,1,0,5,0,0,0,0,5,0,1,1,0,200,0,0,2,0,6,0,0,30,0,0,2,0,2,0,0,0,0,0,1,1,0,0,2,1,0,0,0,0,3,0,0,0,0,0,0,0,1,1,2,2,1,0,0,0,2,0,0,0,1,1,0,1
2020-04-27,0,2,2,0,1,0,0,0,0,2,0,0,204,3,0,0,0,2,1,1,29,0,0,0,0,2,0,0,0,0,0,0,0,0,0,0,0,0,0,0,0,0,0,0,0,1,1,1,1,0,2,0,0,0,0,0,0,0,0,0,0,0,0,0,0
2020-04-28,0,1,4,0,0,0,0,1,0,1,0,0,139,0,0,1,0,0,0,1,19,0,0,1,0,0,1,0,1,0,0,1,0,0,0,0,0,0,0,0,0,0,0,0,0,1,0,0,1,0,1,0,0,0,0,0,0,0,0,6,2,0,0,0,0
2020-04-29,0,0,3,0,0,0,0,1,0,0,0,0,143,0,0,1,0,4,0,0,36,1,0,0,0,0,0,0,0,0,2,0,1,0,0,0,1,1,0,1,0,1,0,0,0,0,0,0,1,0,1,1,0,0,0,0,0,0,1,2,0,0,3,0,0
2020-04-30,0,0,0,2,0,1,0,2,0,0,0,1,203,0,0,0,0,5,1,0,43,0,0,0,0,0,0,0,1,0,1,0,4,0,0,2,0,0,0,1,0,1,0,1,3,0,0,0,0,0,2,0,0,0,0,0,0,0,0,2,2,2,2,0,0
2020-05-01,0,0,0,0,0,0,0,4,0,0,2,0,163,0,0,1,0,5,0,1,30,0,1,0,0,0,1,0,0,0,0,0,3,0,0,0,0,1,0,1,3,2,0,0,0,0,0,2,0,0,0,0,0,1,0,0,0,0,0,2,2,0,0,0,0
2020-05-02,0,2,3,0,1,0,1,2,1,0,0,0,670,0,0,0,0,2,0,0,57,0,0,0,0,0,0,0,5,1,0,1,0,0,0,0,0,4,0,0,0,1,0,0,0,0,0,0,0,1,0,0,0,0,0,1,0,0,0,0,0,1,1,0,0
2020-05-03,0,0,4,0,1,1,0,0,0,0,0,0,264,0,0,2,0,1,0,0,29,0,0,0,0,1,0,0,0,0,1,0,2,0,0,0,0,1,0,0,0,0,0,0,0,0,0,0,0,0,0,0,0,0,0,2,0,2,0,3,0,0,0,0,0
2020-05-04,0,0,7,0,2,0,1,2,0,0,0,1,139,0,2,1,0,0,0,0,44,1,1,0,0,0,0,0,0,0,1,0,0,0,0,3,0,0,0,0,0,0,0,0,0,1,1,1,0,0,3,0,0,0,0,0,0,1,2,5,1,0,0,0,0
2020-05-05,2,0,3,0,0,0,0,3,0,0,0,0,135,0,2,0,0,1,0,1,33,0,0,0,0,1,0,1,0,0,0,0,1,0,0,0,1,1,1,1,0,1,0,0,1,0,1,0,0,0,1,2,0,1,0,0,0,0,1,1,1,0,2,0,0
2020-05-06,1,0,5,0,2,0,0,0,1,0,0,0,109,0,2,0,0,1,0,0,45,0,0,0,0,1,0,0,3,6,1,0,2,0,1,0,0,0,0,0,1,0,0,0,0,0,0,0,0,0,0,0,0,0,0,0,0,1,0,3,0,0,2,0,0
2020-05-07,0,0,2,0,3,3,0,0,0,0,0,0,159,0,2,0,0,1,0,1,36,0,0,0,0,0,0,0,0,0,2,0,0,0,0,3,0,0,0,0,0,1,0,0,0,0,1,0,0,0,1,2,0,0,0,0,0,0,0,1,1,0,2,0,0
2020-05-08,0,0,6,0,0,0,0,4,0,0,0,0,132,0,0,0,0,1,0,1,30,0,0,0,0,0,2,0,0,0,1,0,3,0,0,0,0,1,0,0,0,0,0,0,0,0,0,0,0,0,1,0,0,0,0,0,0,0,0,4,1,0,0,0,0
2020-05-09,3,1,5,2,0,1,0,0,0,0,0,0,115,0,0,2,0,0,0,0,33,1,0,0,0,0,0,0,0,0,0,0,0,0,0,0,0,0,0,0,0,0,0,0,0,0,1,0,1,2,1,0,1,3,0,0,0,0,0,4,0,0,2,0,0
2020-05-10,0,0,2,0,0,0,0,2,0,0,0,0,85,0,1,1,0,2,0,0,27,0,1,0,1,0,0,0,0,0,0,0,0,0,0,0,0,0,0,0,0,1,0,0,0,0,0,0,0,0,0,0,0,0,0,0,0,0,0,0,0,0,1,0,0
2020-05-11,0,0,5,0,0,1,0,0,0,0,0,0,121,0,0,0,0,3,0,0,42,0,0,0,0,2,0,3,0,0,3,0,3,1,1,1,1,0,1,0,0,0,0,0,0,1,0,0,0,0,1,0,0,0,0,0,0,0,0,2,1,0,0,0,0
2020-05-12,0,0,3,0,0,1,0,2,0,0,0,0,103,0,0,3,0,5,0,0,34,0,1,0,0,0,1,0,1,0,1,1,1,0,1,0,0,3,0,2,0,0,0,0,0,0,0,0,0,1,0,0,1,1,0,0,0,0,0,0,0,0,0,0,0
2020-05-13,2,0,4,0,0,0,0,2,0,0,0,0,110,0,0,1,0,4,0,0,39,0,0,0,0,4,0,1,0,0,0,0,0,0,0,1,1,0,0,1,0,0,1,1,0,0,0,0,0,0,0,0,0,0,0,0,0,0,0,4,0,0,3,0,0
2020-05-14,1,0,4,1,0,0,0,2,0,0,1,0,135,0,0,1,0,6,0,0,37,1,0,0,1,2,0,0,0,0,0,0,0,0,0,0,2,2,0,0,0,0,0,0,1,1,0,0,1,0,0,0,0,0,0,0,0,0,0,1,0,0,1,0,0
2020-05-15,1,0,7,0,0,0,0,0,0,0,1,0,131,0,0,0,0,3,0,2,33,0,0,0,0,0,0,1,0,0,2,0,0,0,0,0,0,1,0,0,0,1,0,0,0,2,0,0,0,0,0,0,1,2,0,0,1,0,0,2,1,0,0,0,0
2020-05-16,1,0,3,0,1,1,0,1,1,0,0,0,150,1,0,1,0,4,0,1,70,0,0,0,1,1,0,2,1,1,0,0,1,0,0,2,2,0,1,4,0,5,0,0,1,0,0,0,0,0,0,3,0,0,0,0,0,0,0,2,0,0,2,1,0
2020-05-17,0,0,6,1,0,0,0,0,0,0,0,0,126,0,3,0,0,2,0,0,43,0,0,0,0,0,0,0,0,0,1,0,0,0,1,1,0,1,0,0,0,0,0,0,0,0,0,0,0,0,0,0,0,0,0,0,0,0,0,1,2,1,0,0,0
2020-05-18,0,0,5,0,0,1,0,0,0,0,1,0,118,0,3,1,0,1,0,0,37,0,0,1,1,0,2,0,0,0,0,0,0,0,0,0,1,3,0,0,1,0,0,0,0,0,0,0,0,1,0,0,0,0,0,0,0,0,0,0,1,2,1,1,0
2020-05-19,1,0,7,0,1,0,0,0,0,0,0,0,77,0,0,0,0,2,1,0,48,0,0,0,0,2,0,0,0,0,2,0,3,0,0,0,0,2,1,0,0,2,0,0,0,0,1,0,0,0,2,0,1,0,0,0,0,0,0,6,0,0,0,0,0
2020-05-20,0,0,1,0,0,0,0,0,0,0,0,0,136,0,2,0,0,1,1,0,41,1,0,0,0,2,0,0,0,1,0,0,1,0,0,0,1,0,0,0,0,0,0,0,1,0,0,0,0,0,1,1,0,1,1,2,0,0,0,0,0,0,0,0,0
2020-05-21,1,0,10,0,0,1,0,1,0,0,1,0,178,0,2,0,0,9,0,2,64,1,0,0,0,3,0,0,1,2,0,0,2,2,0,0,1,1,0,1,0,0,0,0,0,1,0,0,0,0,0,4,0,0,0,0,0,0,0,3,0,1,0,0,1
2020-05-22,0,0,6,0,0,1,0,2,0,0,1,1,159,0,0,0,0,3,0,0,31,0,0,1,0,1,0,1,0,0,1,0,0,0,0,0,1,0,0,0,0,1,0,0,0,0,0,0,0,0,1,3,0,1,0,3,0,0,0,4,1,0,0,0,0
2020-05-23,0,0,4,0,2,1,0,0,0,0,0,0,138,0,0,1,0,0,0,0,51,0,0,0,0,1,1,0,0,3,0,1,1,0,0,0,0,4,0,1,0,2,0,0,0,0,0,1,0,1,0,0,0,0,0,0,0,0,0,0,0,0,1,0,0
2020-05-24,0,0,4,0,0,0,0,0,0,0,1,0,127,1,0,0,0,3,1,1,35,0,0,0,0,0,1,0,0,0,1,0,0,0,0,1,0,0,0,1,0,1,0,0,0,0,0,0,1,0,0,0,0,0,0,0,1,0,0,0,0,0,0,0,0
2020-05-25,0,0,6,0,0,0,0,1,0,0,0,0,129,0,1,1,0,3,0,2,43,0,0,0,0,0,0,2,0,0,0,0,4,0,0,0,0,2,0,0,0,1,0,1,0,0,0,1,1,0,0,0,0,0,0,0,0,0,0,1,0,0,0,1,0
2020-05-26,0,0,2,0,1,0,0,0,0,0,1,0,143,0,0,0,0,5,0,0,68,0,0,1,0,0,0,1,2,0,0,0,2,0,0,0,0,1,0,0,0,1,0,0,0,0,3,1,0,1,1,1,0,0,0,0,0,0,0,3,0,1,0,0,0
2020-05-27,1,0,9,0,0,2,0,0,1,0,0,0,199,0,0,1,1,7,1,1,49,0,1,0,0,0,0,0,0,0,0,0,1,0,0,1,0,0,0,1,0,0,0,0,0,0,2,0,0,0,2,3,0,0,0,0,0,0,0,2,0,0,1,0,0
2020-05-28,0,1,9,0,0,0,0,0,0,0,0,0,193,0,2,3,0,1,0,1,57,0,0,0,0,1,0,2,0,1,1,0,5,0,0,0,0,2,0,3,0,1,0,0,0,0,0,0,0,0,1,0,0,2,0,0,0,0,0,2,0,0,1,0,0
2020-05-29,1,0,6,0,0,1,0,2,0,0,0,0,229,0,1,0,0,4,0,0,65,0,0,0,0,2,0,0,0,0,1,0,1,0,0,0,4,0,0,0,1,1,0,0,0,1,0,1,1,0,1,0,0,0,0,1,0,0,0,2,0,0,1,0,0
2020-05-30,2,0,7,0,0,0,0,0,0,0,0,1,250,0,0,0,0,5,0,2,62,0,0,0,0,0,0,0,1,0,0,1,0,0,0,0,0,2,0,1,1,1,0,0,1,0,0,0,0,0,0,0,0,0,0,2,3,0,2,1,0,0,0,0,1
2020-05-31,0,0,3,1,0,0,2,1,0,1,0,0,202,0,0,0,0,4,0,0,54,0,0,0,0,3,0,0,2,0,0,0,5,0,0,3,0,0,0,0,1,0,0,1,0,0,0,0,0,0,2,0,0,0,0,0,0,0,0,0,1,0,0,1,0
2020-06-01,2,0,3,0,1,0,0,6,0,0,1,1,226,0,0,0,0,8,0,0,44,0,0,0,0,2,0,0,1,0,5,1,4,0,0,0,0,2,0,1,0,2,0,0,1,0,0,0,0,0,1,1,0,0,0,0,0,0,0,5,0,1,0,0,0
2020-06-02,0,1,10,0,0,0,0,1,0,0,0,0,172,0,1,0,0,3,0,0,47,0,0,1,0,0,0,0,2,1,0,0,1,0,0,0,0,1,0,0,0,0,0,0,0,0,1,0,0,0,0,0,0,0,0,0,0,0,0,4,0,0,1,0,1
2020-06-03,1,0,6,0,0,3,0,1,0,0,0,1,212,0,0,0,0,3,0,0,40,0,0,0,0,0,0,0,0,2,0,0,3,0,0,0,1,1,0,0,0,0,0,0,0,0,0,0,0,0,1,1,0,1,0,0,2,0,2,3,0,0,2,0,4
2020-06-04,1,5,46,1,2,7,2,3,4,1,1,0,633,1,2,4,0,8,1,2,190,2,0,0,0,5,1,8,0,6,5,0,21,1,2,4,8,8,0,10,3,6,2,3,4,1,1,3,0,1,0,3,2,3,1,0,3,1,1,7,1,4,7,0,0
2020-06-05,9,8,144,1,2,10,2,12,5,4,4,7,1471,4,11,12,2,37,3,10,409,6,1,5,1,11,3,21,7,14,10,4,36,1,3,6,11,20,1,13,7,16,2,5,1,5,11,2,2,3,9,14,2,15,4,3,5,2,5,20,13,5,11,7,8
2020-06-06,6,7,74,1,2,8,0,15,5,0,3,6,1087,0,16,3,1,36,3,3,307,3,5,2,2,13,2,10,11,7,4,2,37,1,2,4,4,12,1,4,2,5,0,1,2,5,7,1,4,1,10,9,1,5,3,7,1,0,3,23,6,4,8,1,2
2020-06-07,6,1,62,4,3,10,3,14,4,1,0,7,924,1,8,14,3,29,3,3,249,3,4,2,0,23,1,3,5,9,12,2,23,1,1,4,4,5,3,11,4,9,2,0,10,4,6,1,4,1,7,11,4,5,2,1,1,0,4,13,4,0,8,1,3
2020-06-08,5,2,44,4,6,8,3,12,5,1,2,2,696,0,8,4,1,11,6,2,186,2,2,0,0,10,1,7,3,3,5,5,23,1,1,5,9,11,1,9,6,11,3,0,0,3,0,1,4,0,12,2,0,7,0,1,0,0,6,11,2,3,5,1,1
2020-06-09,4,1,24,0,1,10,1,8,1,0,1,3,591,0,4,3,1,14,1,3,134,3,0,2,0,4,2,5,1,3,4,1,19,1,0,2,5,1,4,10,2,3,3,0,2,1,3,1,0,0,2,3,1,11,0,0,0,2,0,18,1,1,6,2,0
2020-06-10,5,2,26,0,2,1,1,11,0,0,1,0,439,0,6,1,1,9,5,2,96,3,0,0,1,2,0,2,4,2,3,3,5,0,0,1,5,7,1,4,0,7,0,1,1,0,0,1,2,5,2,3,3,4,1,1,0,1,0,18,2,1,8,3,2
2020-06-11,1,1,20,4,5,1,0,5,1,0,0,1,395,0,0,7,0,9,1,0,94,1,3,0,1,3,0,0,1,2,1,0,9,0,1,2,3,4,0,5,2,2,0,0,0,3,2,0,0,2,0,7,1,0,2,1,0,0,1,7,2,3,7,2,0
2020-06-12,3,2,17,0,0,3,0,5,0,0,4,0,368,0,1,7,0,8,0,0,96,4,0,1,2,1,1,4,1,1,0,0,4,0,0,3,2,8,1,5,2,3,1,1,1,1,3,1,0,0,1,3,1,2,1,1,0,2,0,7,3,2,5,0,0
2020-06-13,4,0,11,0,3,2,0,1,1,0,1,1,356,0,3,3,0,5,1,5,90,0,0,2,1,2,1,0,0,0,3,0,3,0,0,0,6,5,0,4,6,1,0,0,0,1,1,1,3,3,1,1,1,0,1,2,0,2,1,5,3,2,8,0,0
2020-06-14,5,1,21,1,1,2,1,0,0,0,0,5,395,0,3,1,0,7,1,0,77,0,0,0,1,4,3,2,0,0,1,1,16,0,0,3,3,2,1,6,0,1,1,1,1,1,4,2,2,1,7,3,0,3,0,1,0,0,3,11,4,1,7,1,0
2020-06-15,4,3,24,1,1,9,0,1,0,0,0,0,388,0,2,6,0,16,2,2,87,1,0,0,0,2,0,2,0,3,2,1,19,0,1,0,1,3,0,4,3,2,0,0,0,3,8,1,0,0,1,2,2,5,0,2,0,0,0,1,3,2,1,1,0
2020-06-16,3,0,32,1,0,1,1,12,0,0,1,1,384,0,4,3,2,7,1,1,94,1,1,0,0,8,0,2,1,4,3,1,1,0,1,0,2,4,0,5,0,1,1,0,1,0,2,0,0,0,2,3,0,7,0,0,0,2,4,3,4,1,7,0,6
2020-06-17,4,0,7,0,7,1,0,2,2,1,0,0,353,0,4,2,0,4,0,1,55,3,0,0,0,1,0,1,3,1,2,1,5,1,0,1,2,5,0,2,0,3,0,1,0,1,8,0,0,1,2,5,2,0,0,1,0,0,6,2,1,0,1,3,0
2020-06-18,6,1,49,1,5,3,2,9,6,8,2,8,1061,4,0,10,3,35,3,3,267,8,4,3,0,23,1,14,5,6,5,4,25,2,4,5,9,18,0,18,3,6,2,2,2,1,4,3,4,0,11,13,11,6,3,5,5,4,5,11,13,1,18,0,2
2020-06-19,1,0,21,2,4,3,0,7,2,1,3,1,561,0,9,3,3,9,2,1,149,5,1,3,2,8,1,2,2,2,1,1,8,3,0,1,4,9,0,3,0,3,1,0,0,3,0,1,0,1,4,5,3,4,1,0,1,0,2,12,5,0,6,0,1
2020-06-20,0,1,11,0,5,3,0,9,5,0,1,2,416,0,7,2,0,5,0,2,113,1,2,4,0,5,1,0,0,2,3,1,3,0,0,1,0,5,0,2,4,6,0,2,1,1,2,0,1,0,7,7,2,0,0,1,0,1,1,12,2,0,7,1,1
2020-06-21,1,2,7,0,1,3,1,2,0,1,1,1,356,0,5,5,0,9,1,0,77,0,0,0,2,3,4,1,2,3,2,0,3,1,1,3,3,2,0,2,0,1,1,0,0,4,2,1,0,1,2,0,1,2,0,0,0,0,1,8,8,0,4,1,1
2020-06-22,2,1,12,0,6,2,0,7,2,1,0,1,297,0,3,5,0,7,0,3,77,4,2,5,6,4,1,0,1,2,2,0,9,2,0,1,1,5,0,4,0,3,0,0,0,4,2,1,0,1,3,0,2,3,0,5,0,0,0,3,3,0,0,1,1
2020-06-23,6,2,5,0,1,3,0,2,3,0,1,2,282,0,2,0,0,2,1,3,58,0,0,2,0,9,1,0,2,2,0,0,3,1,3,1,0,4,0,2,1,2,0,0,0,2,2,0,0,3,2,3,0,4,2,0,1,1,4,9,4,1,7,1,0
2020-06-24,3,1,9,0,1,0,0,3,0,0,0,1,293,0,0,0,0,3,0,1,90,2,0,1,0,2,2,1,1,7,5,1,4,0,1,4,3,6,0,3,1,3,0,1,0,0,2,1,0,2,1,1,2,1,2,2,1,1,0,7,3,2,0,1,1
2020-06-25,1,3,6,0,1,3,0,4,0,0,1,2,288,0,5,2,1,8,0,0,54,1,0,1,1,2,3,2,1,0,1,0,5,0,0,6,2,2,0,10,1,2,0,0,0,1,0,0,0,1,3,0,1,4,0,0,1,0,0,4,4,2,0,0,1
2020-06-26,0,6,11,0,1,1,0,1,1,0,0,0,263,0,1,11,0,3,0,1,37,1,2,1,1,1,0,1,2,0,4,1,3,0,0,2,3,1,1,8,0,6,0,1,0,0,4,2,0,0,6,2,0,0,0,0,2,0,5,3,1,1,1,0,0
2020-06-27,1,3,15,0,1,1,1,4,2,1,0,1,255,0,2,1,0,9,2,1,36,1,0,0,0,2,0,1,1,0,0,0,7,0,1,9,1,3,0,1,0,2,0,2,0,0,2,0,0,0,3,2,0,1,0,0,0,0,1,3,4,3,1,0,0
2020-06-28,3,2,5,0,3,0,0,2,0,0,0,1,212,1,3,3,0,2,0,0,54,0,0,0,0,2,0,0,1,1,2,3,6,0,0,0,1,2,1,2,0,4,0,0,0,3,0,0,0,2,7,3,1,1,0,0,1,0,1,3,6,3,2,0,0
2020-06-29,4,0,8,0,1,1,0,4,1,0,0,0,208,0,0,5,0,1,0,0,51,0,0,0,0,0,0,0,0,2,1,0,7,4,0,1,0,0,0,3,1,2,0,0,0,2,7,0,0,0,0,1,1,2,0,1,0,0,1,1,0,1,1,0,3
2020-06-30,3,0,9,1,0,2,1,1,0,0,0,0,202,0,1,1,0,3,0,0,44,0,0,0,1,2,0,0,2,1,1,1,2,0,1,2,0,1,0,2,0,0,1,1,0,0,0,1,0,0,5,0,0,2,4,0,0,0,1,1,4,1,3,0,0
2020-07-01,1,0,9,0,1,0,0,2,0,0,2,1,164,0,0,5,0,3,1,0,38,0,0,0,0,0,1,0,0,0,0,0,1,0,0,5,2,1,0,1,2,1,1,0,0,1,3,1,0,0,3,1,1,0,0,0,0,0,0,1,2,0,3,0,0
2020-07-02,1,1,3,0,3,0,0,0,0,0,1,0,153,1,0,2,0,0,0,0,18,1,0,1,0,0,0,0,1,0,0,0,9,0,3,1,0,2,1,1,0,0,0,0,0,1,0,0,0,0,2,0,0,0,0,0,0,0,0,3,1,2,7,0,1
2020-07-03,0,1,4,1,0,1,0,0,0,0,0,0,120,0,2,0,1,0,2,0,35,0,0,0,1,0,0,3,0,0,0,0,2,0,0,0,1,3,0,4,0,1,0,0,0,0,0,0,0,0,0,0,1,1,0,0,0,0,0,1,1,2,1,0,0
2020-07-04,1,1,2,0,1,2,0,1,1,0,0,0,148,0,2,6,1,3,1,0,45,1,1,0,0,0,0,0,0,3,1,0,2,0,1,1,1,1,0,2,0,1,0,0,0,0,2,1,1,1,0,0,1,1,0,1,0,0,1,2,0,0,0,0,1
2020-07-05,2,2,4,0,1,0,0,0,0,0,0,0,112,0,0,4,1,1,0,1,34,0,0,3,0,1,1,1,0,0,0,0,1,0,0,2,3,0,1,0,1,4,0,0,0,2,0,0,0,0,1,1,1,2,0,0,0,0,0,3,1,0,1,0,0
2020-07-06,2,0,5,0,1,1,0,2,0,0,0,0,143,2,1,0,0,0,0,1,29,0,0,0,0,3,0,0,0,0,1,0,3,0,0,1,0,0,1,2,0,1,0,0,0,0,0,0,1,0,0,1,0,1,0,1,0,0,0,0,3,0,1,1,0
2020-07-07,0,0,2,0,1,1,0,1,0,0,0,0,142,0,3,0,0,1,0,0,30,2,1,0,2,0,0,0,0,0,0,0,2,0,0,1,1,1,0,1,0,2,0,1,0,0,0,0,1,0,0,2,0,0,0,0,0,0,0,5,5,1,3,2,5
2020-07-08,1,2,6,3,0,0,0,0,0,0,0,0,133,0,3,3,0,3,1,0,37,0,0,0,1,2,1,0,0,0,0,0,1,0,0,1,1,0,0,1,1,0,0,0,0,0,1,1,0,0,0,2,0,3,1,0,0,0,0,2,2,2,0,0,0
2020-07-09,0,2,3,1,3,0,0,4,1,0,0,0,118,0,1,1,0,3,0,0,31,0,0,0,1,0,2,0,1,0,2,0,2,0,0,0,1,2,0,1,2,0,0,0,0,0,0,0,0,0,0,0,0,0,0,0,0,0,0,1,0,1,2,0,0
2020-07-10,0,2,3,0,0,2,0,0,0,1,0,0,118,0,0,2,1,0,1,0,20,1,0,0,0,1,1,0,2,0,2,0,1,0,1,2,0,0,1,3,0,0,0,0,0,0,0,0,1,0,1,1,0,0,0,1,0,0,0,0,0,2,0,0,4
2020-07-11,0,0,2,0,0,0,0,1,0,0,0,0,120,0,0,1,0,1,1,1,22,0,0,0,2,2,0,0,0,0,1,0,1,0,0,0,1,0,0,1,2,0,0,0,0,0,0,0,1,0,0,0,0,0,1,0,0,0,0,2,5,1,3,0,1
2020-07-12,1,0,1,0,0,0,0,1,0,0,0,0,123,0,1,1,0,2,0,0,10,2,0,0,2,3,0,0,1,0,0,1,2,0,0,0,0,0,0,2,1,0,0,0,0,0,0,1,0,0,1,0,1,0,0,0,0,1,0,1,0,1,0,0,0
2020-07-13,2,1,4,0,1,0,0,1,0,0,0,0,116,0,0,0,0,1,7,0,22,0,0,0,1,2,0,0,1,4,4,1,1,0,0,2,0,0,1,0,0,1,0,0,0,0,0,1,0,3,1,0,0,0,0,0,1,0,0,0,3,0,1,0,0
2020-07-14,2,0,3,0,0,0,0,3,1,2,0,0,104,0,0,1,0,1,1,0,29,0,0,0,0,0,0,0,0,1,2,0,2,0,0,0,1,1,0,0,0,3,1,0,0,1,0,1,0,0,1,2,0,3,0,0,0,0,0,3,1,0,2,0,0
2020-07-15,4,0,0,0,0,0,0,0,0,1,0,0,143,0,0,2,0,0,0,0,9,0,0,3,0,0,0,0,0,1,0,0,1,0,0,1,1,0,3,0,0,0,2,0,0,0,0,1,0,0,2,1,0,0,0,0,0,0,0,0,0,0,1,0,0
2020-07-16,0,0,0,0,3,0,0,0,0,0,0,0,137,0,0,0,0,0,0,1,10,1,0,0,0,0,0,0,3,0,0,0,0,0,0,0,0,0,0,1,0,1,0,0,0,0,0,0,0,0,1,1,0,0,0,0,0,0,0,2,0,0,2,1,0
2020-07-17,0,0,1,0,2,1,0,0,0,0,0,0,136,1,0,0,0,0,0,0,12,0,1,0,0,0,1,0,0,0,0,0,0,0,0,0,0,0,0,0,0,1,0,0,0,0,0,0,1,0,0,1,0,1,0,0,1,0,0,0,0,0,1,0,0
2020-07-18,0,0,0,1,0,0,0,0,0,0,0,1,149,0,0,0,0,0,3,0,15,0,0,0,0,0,0,0,0,0,0,0,2,0,0,1,1,0,0,0,0,0,0,0,0,0,0,0,0,0,1,1,0,0,0,0,0,0,0,1,1,0,1,0,0
2020-07-19,0,0,0,0,0,1,0,0,0,2,0,0,131,0,0,0,1,1,0,0,10,0,0,0,0,2,1,0,1,0,0,0,0,0,0,0,0,1,0,0,0,0,0,0,2,0,0,0,0,0,1,0,1,0,0,0,0,0,0,0,3,0,5,0,0
2020-07-20,0,0,0,0,0,0,0,0,0,0,0,0,131,0,0,1,0,0,0,0,9,0,0,0,0,0,0,0,0,1,0,0,0,0,0,0,0,0,0,0,0,1,0,0,0,0,0,0,1,0,0,0,0,2,0,0,0,0,1,0,2,0,2,0,0
2020-07-21,0,0,1,0,0,1,0,0,0,0,0,1,105,0,0,0,0,0,0,2,6,1,0,0,0,1,1,0,1,0,0,0,0,0,2,1,0,0,0,1,0,1,0,0,1,0,0,0,1,0,1,0,0,1,0,0,0,0,0,1,0,0,0,0,0
2020-07-22,0,0,1,0,0,1,0,0,0,0,0,1,130,0,0,0,0,2,0,1,12,0,0,0,0,0,0,0,1,0,0,0,0,0,0,0,0,1,0,0,0,0,0,0,0,0,0,0,1,0,0,1,0,1,0,0,0,0,1,0,0,0,2,0,0
2020-07-23,1,0,2,0,1,0,0,0,0,0,0,1,149,0,0,2,0,0,0,2,10,0,0,0,0,0,0,0,0,0,1,0,0,0,0,0,0,0,0,1,0,0,0,1,0,0,0,2,0,0,1,0,0,1,0,0,0,2,0,0,1,0,0,0,0
2020-07-24,0,1,1,0,0,0,0,0,0,0,0,0,131,0,0,1,0,1,0,1,7,0,0,0,0,1,0,0,0,0,0,0,0,0,0,0,0,1,0,1,1,0,0,0,0,0,1,0,0,0,1,0,0,0,1,0,0,0,1,1,0,0,0,0,0
2020-07-25,0,0,1,0,0,2,0,0,0,0,0,0,87,0,0,0,0,1,0,0,7,0,0,0,0,0,0,0,0,0,0,1,0,0,0,0,0,0,0,1,0,0,0,0,0,0,0,0,0,1,0,2,0,0,0,0,0,0,0,0,0,0,0,0,0
2020-07-26,0,0,1,0,1,0,0,1,0,1,0,0,123,0,0,1,0,2,0,0,7,0,1,0,0,0,0,0,0,0,0,0,0,0,1,0,0,1,0,0,2,0,0,1,0,0,0,0,0,1,0,1,0,0,0,0,0,0,0,0,0,0,0,0,0
2020-07-27,0,0,1,0,0,0,0,0,1,0,0,0,115,0,0,0,0,0,0,0,4,0,0,0,0,0,0,0,0,1,0,0,1,0,0,1,0,0,0,0,1,0,0,0,0,0,0,0,0,0,0,0,0,0,0,0,1,0,0,0,0,0,0,0,0
2020-07-28,0,0,0,0,0,0,0,1,0,0,0,0,116,0,0,0,0,0,0,0,10,1,0,0,1,0,0,0,0,0,0,0,0,0,0,0,0,2,0,1,0,0,0,0,0,0,0,0,0,0,0,0,0,0,0,0,0,0,0,1,0,0,1,0,0
2020-07-29,3,1,1,0,0,0,0,1,0,1,0,0,143,0,0,0,0,1,0,0,10,0,1,0,0,0,0,0,0,0,0,0,0,0,0,0,0,1,0,1,1,0,0,0,0,0,1,0,0,0,2,0,0,0,0,0,0,0,0,0,0,0,0,0,0
2020-07-30,0,0,1,0,1,0,0,0,0,0,0,0,108,0,1,1,0,0,0,0,4,0,0,0,0,0,0,0,0,0,0,0,0,0,0,0,1,0,0,0,0,0,1,0,0,1,1,0,0,0,0,0,0,1,0,0,0,0,0,2,1,0,0,0,1
2020-07-31,0,0,1,0,0,0,0,2,0,0,0,0,109,0,0,0,0,0,0,0,7,0,0,0,0,0,0,0,0,0,0,1,0,0,0,0,1,0,0,0,0,0,0,0,0,0,0,0,0,0,0,0,0,1,0,0,0,0,0,0,0,0,0,0,0
2020-08-01,0,0,1,0,0,0,0,3,0,0,0,0,67,0,0,1,0,0,0,0,7,0,0,0,0,0,0,0,0,0,0,0,2,0,0,0,0,0,0,1,1,1,0,0,0,0,0,0,0,0,0,0,0,0,0,1,0,0,1,1,0,0,0,0,0
2020-08-02,1,0,1,0,0,0,0,0,0,0,0,0,91,0,0,0,0,1,0,0,15,0,0,0,0,0,0,0,0,0,0,0,1,0,0,1,1,0,0,0,0,0,0,0,0,1,0,1,0,0,0,0,0,0,0,1,0,0,0,1,0,0,0,0,1
2020-08-03,1,0,0,0,0,0,0,1,0,0,0,0,125,0,0,0,0,0,0,0,11,0,0,0,0,1,0,0,1,0,0,0,0,0,0,1,0,0,0,0,0,0,0,0,0,0,0,0,0,0,1,1,0,0,0,0,0,0,0,0,2,0,0,0,0
2020-08-04,1,0,1,0,0,1,0,0,1,0,0,1,158,0,1,0,0,0,1,0,19,0,0,0,1,0,0,0,0,0,0,0,0,0,0,1,1,0,0,0,0,1,2,1,0,0,0,0,0,0,2,0,0,0,0,0,0,0,0,2,0,0,0,0,0
2020-08-05,0,0,3,0,0,0,0,2,0,0,0,0,124,0,0,1,0,0,0,2,17,0,0,1,0,0,0,0,1,0,0,0,0,0,0,1,1,0,0,0,0,0,0,0,0,0,0,0,0,0,1,1,0,2,0,0,0,0,1,1,0,0,0,0,0
2020-08-06,1,0,2,0,1,0,0,0,0,0,0,0,113,0,1,5,0,0,0,0,4,0,0,0,0,0,0,0,0,0,0,0,2,0,0,1,0,0,0,0,0,0,0,0,2,0,0,0,0,0,1,0,0,0,0,0,0,0,0,1,1,0,2,0,0
2020-08-07,0,0,0,0,0,0,0,1,0,0,0,0,135,0,0,0,0,0,0,0,13,0,0,1,0,0,0,0,0,0,1,0,1,0,0,0,0,0,0,0,1,0,0,0,1,0,0,0,4,0,0,0,0,0,0,0,0,0,0,1,0,0,0,0,0
2020-08-08,1,0,0,0,1,0,0,1,0,0,0,0,106,0,0,0,0,1,0,0,8,0,0,0,0,1,1,0,0,0,0,0,0,0,1,0,1,0,0,0,0,1,0,0,0,0,0,0,0,0,0,0,0,0,0,1,0,0,0,0,0,0,0,0,0
2020-08-09,0,0,0,0,0,0,0,1,1,0,0,0,88,2,1,0,1,1,0,0,8,0,0,0,0,1,0,0,0,0,0,0,0,0,0,1,0,0,0,0,0,0,0,0,1,0,0,0,1,0,0,0,0,0,0,0,0,0,1,0,1,0,1,0,0
2020-08-10,0,0,1,1,0,0,0,0,1,0,0,0,123,0,1,1,0,0,0,0,11,0,0,0,0,0,0,0,0,0,0,0,1,0,0,1,0,1,0,0,0,1,0,0,0,0,0,0,0,0,3,0,0,0,0,0,0,0,0,0,0,0,0,0,0
2020-08-11,0,0,1,0,0,0,0,0,0,0,0,0,112,0,1,0,0,0,0,0,6,0,0,0,0,0,0,0,0,0,0,0,1,0,0,0,0,0,0,0,0,0,0,0,0,1,0,0,0,0,1,0,0,1,0,0,0,0,1,0,0,0,0,0,0
2020-08-12,0,0,0,0,0,0,0,0,0,0,0,0,88,0,0,0,0,0,0,0,14,0,0,0,0,0,0,0,0,0,0,0,0,0,0,0,0,0,0,0,0,0,0,0,0,0,0,0,0,0,1,0,0,0,0,0,0,0,0,0,0,0,0,0,0
2020-08-13,1,0,1,0,1,0,0,0,0,1,0,0,95,0,0,2,0,0,0,0,3,0,0,0,0,0,0,0,1,0,0,0,1,0,0,0,0,2,0,0,1,0,0,0,0,0,0,0,0,0,1,0,0,0,0,1,0,0,1,0,0,0,0,0,0
2020-08-14,0,0,0,0,0,0,0,0,0,0,0,0,76,0,0,1,0,2,0,0,8,0,0,0,0,0,0,0,0,0,0,0,0,0,0,0,0,0,0,1,0,0,0,0,0,0,0,0,0,0,1,0,0,0,0,0,0,0,0,0,0,0,0,0,0
2020-08-15,0,0,0,0,0,0,0,0,0,0,0,0,83,0,0,1,0,0,0,0,7,0,0,0,0,0,0,0,0,0,0,0,0,0,1,1,0,2,1,0,0,0,0,0,0,0,0,0,0,0,0,0,0,0,0,0,0,0,0,0,2,0,0,0,0
2020-08-16,0,0,0,0,1,0,0,0,0,0,0,0,68,0,0,0,0,0,0,0,5,0,1,0,0,0,0,0,0,0,0,0,1,0,1,0,0,0,0,0,0,0,0,0,0,1,0,0,0,0,0,0,0,1,1,0,0,1,0,1,1,0,0,0,0
2020-08-17,1,0,1,0,0,0,0,0,0,0,0,0,89,0,0,1,0,1,0,0,8,0,0,0,0,0,0,0,0,1,1,0,0,0,1,0,1,1,0,0,0,0,1,0,0,0,0,0,0,0,0,0,0,0,0,0,0,0,0,1,0,0,0,0,1
2020-08-18,0,0,0,0,0,0,0,0,0,0,0,0,82,0,0,0,0,1,0,0,7,0,0,0,0,0,0,0,0,0,0,0,0,0,0,0,0,0,0,0,0,0,0,0,0,0,3,0,0,0,0,0,0,0,0,0,0,0,0,0,0,0,0,0,0
2020-08-19,1,0,0,0,0,0,0,0,0,0,0,0,79,1,0,1,0,1,0,0,10,1,0,0,0,0,0,0,1,0,0,0,0,0,0,0,0,0,0,0,0,0,0,0,0,0,0,0,0,0,0,3,0,0,0,0,3,0,0,0,0,0,0,0,0
2020-08-20,1,0,0,0,0,1,0,0,0,0,0,0,83,0,1,0,0,0,0,0,12,0,0,0,0,0,0,0,0,1,0,0,0,0,0,1,0,0,0,0,0,1,0,0,0,0,1,0,0,0,2,0,0,0,0,0,0,0,0,0,0,0,0,0,0
2020-08-21,0,0,0,0,0,0,0,1,0,0,0,0,96,0,0,0,0,0,0,0,14,2,0,0,0,0,0,0,0,1,0,0,0,0,0,0,0,0,0,3,0,2,0,0,0,0,0,0,0,2,0,0,0,0,0,0,0,0,0,1,0,0,0,0,0
2020-08-22,0,0,1,1,0,0,0,0,0,0,0,0,64,0,0,1,0,0,0,0,7,0,0,0,0,0,0,0,0,0,1,0,0,0,0,0,0,0,0,0,0,0,0,0,0,0,1,0,0,0,0,0,0,0,0,0,0,0,0,0,0,0,0,0,0
2020-08-23,0,0,2,0,0,0,0,2,0,0,0,0,95,0,0,0,0,0,0,0,13,0,0,0,0,0,0,0,0,0,1,0,0,0,0,1,0,0,0,0,0,0,0,0,0,0,0,0,0,0,0,0,0,0,0,0,0,0,0,0,0,1,0,0,1
2020-08-24,0,0,1,0,0,0,0,0,0,0,0,0,89,0,0,0,0,0,0,0,13,1,0,0,0,0,0,0,0,1,0,0,0,0,0,1,0,0,0,1,0,0,0,0,0,0,0,0,0,0,0,0,0,0,0,0,0,1,0,0,0,0,0,0,0
2020-08-25,0,1,0,0,0,0,0,0,0,0,0,0,97,0,0,0,0,0,0,0,13,0,0,0,0,0,0,0,0,0,0,0,0,0,0,0,1,1,0,0,0,0,0,0,0,0,0,0,0,0,0,0,0,0,0,0,0,0,0,0,0,0,1,0,0
2020-08-26,1,0,0,0,0,0,0,1,0,0,0,0,98,0,0,3,1,0,0,0,16,0,0,0,0,0,0,0,0,0,0,0,1,0,0,0,0,0,0,0,1,0,0,0,0,0,0,0,0,0,0,0,0,0,0,0,0,0,0,1,0,0,0,0,0
2020-08-27,0,0,0,0,1,0,0,0,0,0,0,0,101,0,0,0,0,1,0,0,19,0,0,0,0,0,0,0,0,0,0,0,0,0,0,0,0,0,0,0,0,0,1,0,0,0,0,0,0,0,0,0,0,0,0,0,0,0,0,0,0,0,0,0,0
2020-08-28,0,0,0,0,1,0,0,0,0,0,0,0,95,0,0,0,0,1,0,1,16,0,0,0,0,0,0,0,0,0,1,0,0,0,0,0,0,1,0,2,0,0,0,0,0,0,0,0,0,0,0,0,0,0,0,0,0,1,0,1,0,0,0,0,0
2020-08-29,0,0,0,0,0,0,0,0,0,0,0,0,108,0,0,0,0,0,0,1,11,0,0,0,0,0,0,0,0,0,0,0,0,0,0,0,0,0,1,0,0,1,0,0,0,0,0,0,0,0,0,0,1,0,0,0,0,0,0,0,0,0,0,0,0
2020-08-30,0,0,1,0,0,0,0,0,0,0,0,0,96,0,1,0,0,0,0,1,18,0,0,0,2,0,0,0,0,0,0,0,1,0,0,0,0,0,0,0,0,0,0,0,0,0,0,1,1,0,1,1,0,0,0,0,0,0,0,0,0,0,0,0,0
2020-08-31,0,0,1,0,0,0,0,0,0,0,0,0,85,0,0,0,0,0,0,3,15,0,0,0,0,0,0,0,0,0,0,0,0,0,0,0,0,0,0,0,0,0,0,0,1,0,0,0,0,0,0,1,0,0,0,0,2,0,0,0,0,0,0,0,0
2020-09-01,0,0,1,0,0,0,0,0,0,0,1,0,93,0,1,0,0,0,0,0,23,0,0,0,0,0,0,0,0,0,0,0,0,0,0,1,0,0,0,0,0,0,0,0,0,0,0,0,1,0,0,0,0,1,0,0,0,0,0,0,0,0,1,0,0
2020-09-02,0,0,0,0,0,0,0,0,0,0,0,0,91,0,0,0,0,0,0,0,29,0,1,0,0,0,0,1,0,2,0,0,0,0,0,0,1,0,0,0,0,0,0,0,0,0,0,0,0,0,0,1,0,0,0,0,0,0,0,0,0,0,0,0,0
2020-09-03,0,0,0,0,1,0,0,0,0,0,0,0,66,0,0,1,0,2,0,0,17,0,0,0,0,0,0,0,0,0,0,0,0,0,0,0,0,0,0,0,0,0,0,0,0,0,0,0,1,0,0,0,0,0,0,0,0,0,0,0,0,0,1,0,0
2020-09-04,1,0,1,0,0,0,0,0,0,0,0,0,107,1,0,1,0,0,0,0,11,0,0,0,0,0,0,0,1,0,0,0,0,0,0,0,2,0,0,0,0,0,0,0,0,0,0,0,0,0,0,0,0,1,0,0,0,0,0,1,0,0,1,0,0
2020-09-05,0,0,1,0,0,0,0,1,0,0,0,0,90,0,0,1,0,0,0,0,12,0,0,0,0,0,1,0,0,0,0,0,0,0,0,0,1,0,0,0,0,0,0,0,0,1,0,0,0,0,0,1,0,1,0,0,0,0,0,0,0,0,1,0,0
2020-09-06,0,0,2,0,0,0,0,0,0,0,0,2,73,0,0,0,0,0,0,0,12,0,1,0,0,0,0,0,0,0,0,0,0,0,0,0,0,0,0,0,1,0,0,0,0,0,0,0,0,0,0,0,0,0,0,1,0,0,0,0,1,0,0,0,0
2020-09-07,0,0,2,0,0,0,0,0,0,0,0,0,109,0,0,0,0,0,0,0,4,0,0,0,1,0,0,0,0,0,0,0,0,0,0,1,0,0,0,0,0,0,0,1,0,0,0,0,0,0,0,0,0,0,0,0,0,1,0,0,0,1,0,0,0
2020-09-08,0,0,0,0,0,0,0,0,0,0,0,0,77,0,1,0,0,1,0,0,9,0,0,1,0,0,0,0,0,0,0,0,0,0,0,0,0,0,0,0,0,0,1,0,0,0,0,0,1,0,0,0,0,0,0,0,0,0,0,0,0,0,0,0,0
2020-09-09,0,0,1,0,0,0,0,0,1,0,0,0,76,0,0,0,0,0,0,0,13,0,1,0,0,0,0,0,1,0,0,0,0,0,0,0,2,2,0,0,0,0,0,0,0,0,0,0,1,0,0,0,0,1,0,0,0,0,0,0,0,0,0,0,0
2020-09-10,0,0,0,0,0,0,0,0,0,0,0,0,70,0,0,0,0,0,0,0,8,0,0,0,0,0,0,0,0,0,0,0,0,0,0,0,1,1,0,0,0,0,0,0,0,0,0,0,0,0,0,0,1,1,0,0,0,0,0,0,0,0,0,0,0
2020-09-11,0,0,0,0,0,0,0,0,0,0,0,0,62,0,0,0,0,0,0,0,10,0,0,0,0,0,0,0,0,0,0,0,0,0,0,0,0,3,0,0,0,0,0,0,0,0,0,0,0,0,0,0,0,0,0,0,0,0,0,0,0,0,0,0,0
2020-09-12,0,0,0,0,0,0,0,0,0,0,0,0,59,0,1,0,0,0,0,0,6,0,0,0,0,0,0,0,0,1,1,0,0,0,0,0,0,1,0,0,0,0,0,0,0,0,0,0,0,0,2,0,0,0,0,0,0,0,0,0,0,0,0,0,1
2020-09-13,0,0,2,0,0,0,0,0,0,0,0,0,52,0,0,0,0,0,0,0,8,0,0,0,0,0,0,0,0,0,0,0,0,0,0,0,0,1,0,0,0,0,0,0,0,0,0,0,0,0,0,0,0,0,0,0,0,0,0,0,0,0,0,0,0
2020-09-14,0,1,0,0,0,0,0,0,0,0,0,1,45,0,0,0,0,1,0,0,4,1,2,0,0,0,0,0,0,0,0,0,0,0,0,0,0,2,0,0,0,0,0,0,0,0,1,1,0,0,0,0,0,0,0,0,0,0,0,0,0,0,0,0,0
2020-09-15,0,0,0,0,0,0,0,0,0,0,0,0,42,0,0,1,0,0,0,0,5,1,0,0,0,0,0,0,0,0,0,0,0,0,0,0,0,1,0,0,0,0,0,0,0,0,0,0,0,0,1,0,0,0,0,0,0,0,0,0,0,0,0,0,0
2020-09-16,0,0,0,0,0,0,0,0,0,0,0,0,49,0,0,0,0,1,0,0,7,0,0,0,0,0,0,0,0,0,1,0,0,0,0,0,0,0,0,0,0,0,0,0,0,0,0,0,0,0,0,0,2,1,0,0,0,0,0,0,0,0,0,0,0
2020-09-17,0,0,0,0,0,0,0,0,0,0,0,0,51,0,0,1,0,0,0,0,10,0,0,0,0,0,0,0,0,0,1,0,0,0,0,0,0,1,0,0,0,0,0,0,0,0,0,0,1,0,0,0,0,1,0,0,0,1,0,0,0,0,0,0,0
2020-09-18,1,0,0,0,0,0,0,0,0,0,0,0,45,0,0,0,0,1,0,0,6,0,0,0,0,0,0,0,0,0,0,0,0,0,0,0,2,0,0,0,0,1,0,0,0,0,0,0,0,0,0,2,0,0,0,0,0,0,0,0,0,0,0,0,0
2020-09-19,1,0,1,0,0,0,0,0,0,0,0,0,44,1,0,0,0,0,0,0,7,0,0,0,0,0,0,0,0,0,0,0,0,0,0,0,0,1,0,0,0,0,0,1,0,0,0,0,0,0,0,0,0,0,0,0,0,0,0,1,1,0,0,0,0
2020-09-20,1,0,0,0,0,0,0,0,0,0,0,0,47,0,1,0,0,0,0,0,8,0,0,0,0,0,0,0,0,0,0,0,1,0,0,0,0,0,0,0,0,1,0,0,0,0,0,0,0,0,0,0,0,0,0,0,0,0,0,0,0,0,0,0,0
2020-09-21,0,0,0,0,0,0,0,0,0,0,0,0,50,0,0,0,0,0,0,0,4,0,0,0,0,0,0,0,0,1,1,0,0,0,0,0,2,0,0,0,0,0,0,0,1,0,0,0,0,0,0,1,0,0,0,0,0,0,0,0,0,0,0,0,0
2020-09-22,0,0,0,0,0,0,0,0,0,0,0,0,41,0,0,0,0,0,0,0,4,0,0,0,1,1,0,0,0,0,0,0,0,0,0,0,0,0,0,0,0,0,0,0,0,0,0,0,0,0,0,0,0,0,0,0,0,0,0,0,0,0,0,0,0
2020-09-23,0,0,0,0,0,0,0,0,0,0,0,0,43,0,0,0,0,2,0,0,5,2,0,0,0,0,0,0,0,0,0,0,0,0,0,0,0,0,0,0,0,0,0,0,0,1,0,0,0,0,1,0,0,2,0,0,0,0,0,0,0,0,0,0,0
2020-09-24,0,0,1,0,0,0,0,0,0,0,0,0,41,0,0,0,0,0,0,0,5,1,0,0,0,0,0,0,0,0,0,0,0,0,0,0,0,0,0,0,0,0,1,0,0,0,0,0,0,0,0,0,0,0,0,0,0,0,0,1,0,0,0,0,0
2020-09-25,0,0,0,0,0,0,0,0,0,0,0,0,35,0,0,0,0,0,0,0,3,0,0,0,0,0,0,0,0,0,1,0,0,0,0,0,0,0,0,0,0,0,0,0,0,0,0,0,0,0,0,0,0,0,0,0,0,0,0,0,0,0,1,0,0
2020-09-26,0,0,0,0,0,0,0,0,0,0,0,0,25,0,0,0,0,0,0,0,10,1,0,0,0,0,0,0,0,0,0,0,0,0,0,1,0,0,0,0,0,0,0,0,0,0,0,0,0,0,0,1,0,0,0,0,0,0,0,1,0,0,0,0,0
2020-09-27,0,0,0,0,0,0,0,0,0,0,0,0,46,0,0,0,0,0,0,0,6,0,0,0,0,0,0,0,0,0,0,0,0,0,0,0,0,0,0,0,0,0,0,0,0,0,0,0,0,0,0,0,0,0,0,0,0,0,0,1,0,0,0,0,0
2020-09-28,1,0,0,0,0,0,0,0,0,0,0,0,50,0,0,0,0,0,0,0,3,0,0,0,0,0,0,0,0,0,1,0,0,0,0,0,0,0,0,0,0,0,0,0,0,0,0,0,0,0,0,0,0,0,0,0,0,0,0,0,0,0,0,0,0
2020-09-29,0,0,0,0,0,0,0,0,0,0,0,0,27,0,0,0,0,1,0,0,5,0,0,0,0,0,0,0,0,0,1,0,0,0,0,0,0,0,0,0,0,0,0,0,0,0,0,0,0,0,0,0,0,0,0,0,0,0,0,0,0,0,1,0,0
2020-09-30,1,0,0,0,0,0,0,0,0,0,0,0,30,0,0,0,0,0,0,0,3,0,0,0,0,0,0,0,0,0,0,0,0,0,0,0,0,0,0,0,0,0,0,0,0,0,1,0,0,0,0,0,0,0,0,0,0,0,0,1,0,0,0,0,0
2020-10-01,0,0,1,0,1,0,0,0,0,0,0,1,23,0,0,0,0,0,0,0,3,0,0,0,0,0,0,0,0,0,0,0,1,0,0,0,0,0,0,0,0,0,0,0,0,0,0,0,0,0,0,0,0,0,0,0,0,0,0,0,0,0,0,0,0
2020-10-02,0,0,0,0,0,0,0,0,0,0,0,0,21,0,0,0,0,0,0,0,2,0,1,0,0,0,0,0,0,1,0,0,0,0,0,0,1,0,0,0,0,0,0,0,1,0,1,0,0,0,0,0,0,0,0,0,0,0,0,0,0,0,0,0,0
2020-10-03,0,0,0,0,0,0,0,0,0,0,0,0,34,0,1,0,0,1,0,0,2,0,0,0,0,0,0,0,0,0,0,0,0,0,0,0,0,0,0,0,0,0,0,0,0,0,0,0,0,0,1,0,0,0,0,0,0,0,0,0,0,0,0,0,0
2020-10-04,0,0,0,0,0,0,0,0,0,0,0,0,29,0,0,1,0,0,0,0,3,0,0,0,0,0,1,0,0,0,0,0,0,0,0,0,0,0,0,0,0,0,0,0,0,0,0,0,0,0,0,0,0,1,0,0,0,0,0,0,0,0,0,0,0
2020-10-05,0,0,0,0,0,0,0,0,0,0,0,0,27,0,1,0,0,0,0,0,1,0,0,0,0,1,0,0,0,0,0,0,0,0,0,0,0,0,0,0,0,0,0,0,0,0,0,0,0,0,0,0,0,0,0,0,0,0,0,0,0,0,0,0,0
2020-10-06,0,0,0,0,0,1,0,0,0,0,0,0,33,0,0,0,0,0,0,0,3,0,0,0,0,0,0,0,0,0,0,0,0,0,0,0,0,0,0,0,0,0,0,0,1,0,0,0,0,0,0,0,0,0,0,0,0,0,0,0,1,0,0,0,0
2020-10-07,0,0,0,1,0,0,0,0,0,0,0,0,32,0,0,0,0,0,0,0,10,0,0,0,0,0,0,1,0,0,0,0,0,0,0,0,0,0,0,0,0,0,0,0,0,0,0,0,0,0,0,0,0,0,0,0,0,0,0,1,0,0,0,0,0
2020-10-08,0,0,1,0,0,0,0,0,0,0,0,0,57,0,0,0,0,0,0,0,1,0,0,0,0,0,0,0,0,0,0,0,0,0,0,0,0,1,0,0,0,0,0,0,0,0,0,0,0,0,0,0,0,0,0,0,0,0,0,0,0,0,0,0,0
2020-10-09,0,0,0,0,0,0,0,0,0,0,0,1,28,0,0,0,0,0,0,0,1,0,0,0,0,0,0,0,0,0,0,0,0,0,0,0,0,0,0,0,0,0,0,0,0,0,0,0,0,0,0,0,0,0,0,0,0,0,0,0,0,0,0,0,0
2020-10-10,0,0,0,0,0,0,0,0,0,0,0,0,31,0,0,0,0,0,0,0,4,0,0,0,0,0,0,0,0,0,0,0,0,0,0,0,0,0,0,0,0,0,0,0,0,0,0,0,0,0,0,0,0,0,0,0,0,0,0,0,0,0,0,0,0
2020-10-11,0,0,0,0,0,0,0,0,0,0,0,0,20,0,0,0,0,0,0,0,4,0,0,0,0,1,0,0,0,0,0,0,0,0,0,0,0,0,0,0,0,0,0,0,0,0,0,0,0,0,0,0,0,0,0,0,0,0,0,0,0,0,0,0,0
2020-10-12,0,0,1,0,0,0,0,0,0,0,0,0,36,0,0,0,0,0,0,0,10,0,0,0,0,0,0,0,0,0,0,0,0,0,0,0,0,0,0,0,0,0,0,0,0,0,0,0,1,0,0,0,0,0,0,0,0,0,0,0,0,0,0,0,0
2020-10-13,0,0,0,0,0,0,0,0,0,0,0,0,27,0,0,0,0,0,0,0,8,0,0,0,0,1,0,0,0,0,0,0,0,0,1,0,0,0,0,3,0,0,0,0,0,0,0,0,0,0,0,0,0,0,0,0,0,0,0,0,0,0,0,0,2
2020-10-14,1,1,0,0,0,0,0,0,0,0,0,0,41,0,0,0,0,0,0,0,3,1,0,0,0,0,0,0,0,0,0,0,0,0,0,1,0,0,0,0,0,0,0,0,0,0,0,0,0,0,0,0,0,0,0,0,0,0,0,0,0,0,0,0,0
2020-10-15,0,0,0,0,0,0,0,0,0,0,0,0,42,0,0,0,0,0,0,0,6,0,0,0,0,0,0,0,0,0,0,0,0,0,0,0,0,0,0,0,0,0,0,0,0,0,0,0,0,0,0,0,0,0,0,0,0,0,0,2,0,0,0,0,0
2020-10-16,0,0,0,0,0,0,0,0,0,0,1,0,34,0,0,0,0,0,0,0,4,0,0,0,0,0,0,0,0,0,0,0,0,0,0,0,0,0,0,0,0,0,0,0,0,0,0,0,0,0,0,0,0,0,0,0,0,0,0,0,0,0,0,0,0
2020-10-17,0,0,2,0,0,0,0,0,0,0,0,0,29,0,0,0,0,0,0,0,4,0,0,0,0,0,0,1,0,1,0,0,0,0,0,0,0,0,0,0,0,0,0,0,0,0,0,0,0,0,0,0,0,0,0,0,0,0,0,0,0,0,0,0,0
2020-10-18,0,0,0,0,0,0,0,0,0,0,0,0,23,0,0,0,0,0,0,0,4,0,0,0,0,0,0,0,0,0,0,0,0,0,0,0,0,0,0,0,0,0,0,0,0,0,0,0,0,0,0,0,0,0,0,1,0,0,0,0,0,0,0,0,0
2020-10-19,0,0,0,0,0,0,0,0,0,0,0,0,32,0,0,0,0,1,0,0,9,0,0,0,0,0,0,0,0,0,0,0,0,0,0,0,0,0,0,0,0,0,0,0,0,0,0,0,0,0,0,0,1,0,0,1,0,0,0,0,0,0,0,0,0
2020-10-20,0,0,0,0,0,0,0,0,0,0,0,0,30,0,0,0,0,0,0,0,5,0,1,0,0,0,0,0,0,0,0,0,0,0,0,0,0,1,0,0,0,0,0,1,0,0,0,2,0,0,1,0,0,0,0,0,0,0,0,0,0,0,0,0,0
2020-10-21,0,0,0,0,0,0,0,0,0,0,0,0,28,0,0,0,0,0,0,0,1,0,0,0,0,0,0,0,0,0,0,0,0,0,0,0,0,0,0,0,0,0,0,0,0,0,0,0,0,0,0,0,0,1,0,0,0,0,0,0,0,0,0,0,0
2020-10-22,0,0,0,0,0,0,0,0,0,0,0,0,48,0,0,0,0,1,0,0,1,0,0,0,0,0,0,0,0,0,0,0,0,0,0,0,0,0,0,0,0,0,0,0,0,0,0,0,0,0,0,0,0,0,0,0,0,0,0,0,0,0,0,0,0
2020-10-23,0,0,0,0,0,0,0,0,0,0,0,0,39,0,0,0,0,0,0,0,2,0,0,0,0,0,0,0,0,0,0,0,0,0,0,0,0,1,0,0,1,0,0,0,0,1,0,0,0,0,0,0,0,0,0,0,0,0,0,1,0,0,0,0,0
2020-10-24,0,0,0,0,0,0,0,0,0,0,0,0,39,0,0,0,0,0,0,0,5,0,0,0,0,0,0,0,0,0,0,0,0,0,0,0,0,0,0,0,0,0,0,0,0,0,0,0,0,0,0,0,0,0,0,0,0,0,0,0,0,0,0,0,0
2020-10-25,0,0,0,0,0,0,0,0,0,0,0,0,16,0,0,0,0,0,0,0,5,0,0,0,0,0,0,0,0,0,0,0,0,0,0,0,0,0,0,0,0,0,0,0,0,0,0,0,0,0,0,0,0,0,0,0,0,0,0,0,0,0,1,0,0
2020-10-26,0,0,0,0,0,0,0,0,0,0,0,0,31,0,0,0,0,0,0,0,7,0,0,0,0,0,0,0,0,0,0,0,0,0,0,0,0,0,0,0,0,0,0,0,0,0,0,0,0,0,0,0,0,0,0,0,0,0,0,0,0,0,0,0,0
2020-10-27,0,0,1,0,0,0,0,0,0,0,0,0,29,0,0,0,0,0,0,0,4,0,0,0,0,0,0,0,0,0,0,0,0,0,0,0,0,0,0,0,0,0,0,0,0,0,1,1,0,0,0,0,0,1,0,0,0,0,0,0,0,0,0,0,0
2020-10-28,0,0,0,0,0,0,0,0,1,1,0,0,46,0,0,0,0,0,0,0,6,0,0,0,0,0,0,0,0,0,0,0,0,0,0,0,0,0,0,0,0,0,0,0,0,0,0,0,0,0,0,0,0,0,0,0,0,0,0,1,0,0,0,0,0
2020-10-29,0,0,0,0,0,0,0,0,0,0,0,0,35,0,0,0,0,0,0,0,2,0,0,0,0,0,0,0,0,0,0,0,0,0,0,0,0,0,0,0,0,0,0,0,0,0,0,0,0,0,0,0,0,0,0,0,0,0,0,2,0,0,0,1,0
2020-10-30,0,0,0,0,0,0,0,0,0,0,0,0,23,0,0,0,0,0,0,0,2,0,0,0,0,0,0,0,0,0,0,0,0,0,0,0,0,2,0,0,0,0,0,0,0,0,0,0,0,0,0,0,0,0,0,0,0,0,0,0,0,0,0,0,0
2020-10-31,0,0,0,0,0,0,0,0,0,0,1,0,37,0,0,0,0,0,0,0,11,0,0,0,0,0,0,0,0,0,0,0,0,0,0,0,0,0,0,3,0,1,0,0,0,0,0,0,0,0,0,0,0,0,0,0,0,0,0,0,0,0,0,0,0
2020-11-01,1,0,0,0,0,0,0,0,0,0,0,0,36,0,0,0,0,0,0,0,5,0,0,0,0,0,0,0,0,0,0,0,0,0,0,1,0,0,0,0,0,0,0,0,0,1,0,0,0,0,0,0,0,0,0,0,0,0,0,0,0,0,0,0,0
2020-11-02,0,0,0,0,0,0,0,0,0,0,0,0,26,0,0,0,0,0,0,0,3,0,0,0,0,0,0,0,0,0,0,0,0,0,0,0,0,0,0,0,0,0,0,0,0,0,0,0,0,0,0,0,0,0,0,0,0,0,0,0,0,0,0,0,0
2020-11-03,0,0,0,0,0,0,0,0,0,0,0,0,24,0,0,0,0,0,0,0,9,0,0,0,0,0,0,1,0,0,0,0,0,0,0,0,0,0,0,0,0,0,0,0,0,1,0,0,0,0,0,0,0,0,0,0,0,0,0,0,0,0,0,0,0
2020-11-04,1,0,1,0,0,0,0,0,0,0,0,0,34,0,1,0,0,0,0,0,4,0,0,0,0,0,0,0,0,0,0,0,0,0,0,0,0,1,0,0,0,0,0,0,0,0,0,0,0,0,0,0,0,0,0,0,0,0,0,0,0,0,0,0,0
2020-11-05,0,0,0,0,0,0,0,0,0,0,0,0,20,0,0,0,0,0,0,0,7,0,0,0,0,0,0,0,0,0,0,0,0,0,0,0,0,0,0,0,0,0,0,0,0,0,0,0,0,0,0,0,0,0,0,0,0,0,0,0,0,0,0,0,0
2020-11-06,0,0,0,0,0,0,0,0,0,0,0,0,24,0,0,0,0,0,0,0,4,0,0,0,0,0,0,0,0,0,0,0,0,0,0,0,0,0,0,0,0,0,0,0,0,0,0,0,0,0,1,0,0,0,0,0,0,0,0,0,0,0,0,0,0
2020-11-07,0,0,0,0,0,0,0,0,0,0,0,0,28,0,0,0,0,0,0,0,5,0,0,0,0,0,0,0,0,0,0,0,0,0,0,0,0,0,0,0,0,0,0,0,0,0,0,0,0,0,0,0,0,0,0,0,0,0,0,2,0,0,0,0,0
2020-11-08,0,0,0,0,0,0,0,0,0,0,0,0,21,0,1,0,0,0,0,0,5,0,0,0,0,0,0,0,0,0,0,0,0,0,0,0,0,0,0,0,0,0,0,0,0,0,0,0,0,0,0,0,0,0,0,0,0,0,0,0,0,0,0,0,0
2020-11-09,0,0,0,0,0,0,0,0,0,0,0,0,40,0,0,0,0,0,0,0,7,0,0,0,0,0,0,0,0,0,0,0,0,0,0,0,0,0,0,0,0,0,0,0,0,1,0,0,0,0,0,0,0,0,0,0,0,0,0,0,0,0,0,0,0
2020-11-10,0,0,0,0,0,0,0,0,0,0,0,0,49,0,0,0,0,0,0,0,4,0,0,0,0,0,0,0,0,0,1,0,0,0,0,0,0,0,0,0,1,0,0,0,0,0,0,0,0,0,0,0,0,0,0,0,0,0,0,0,0,0,0,0,0
2020-11-11,0,0,0,0,0,0,0,0,0,0,0,0,26,0,0,0,0,0,0,0,4,0,0,0,0,0,0,0,0,0,0,0,0,0,0,0,0,0,0,0,0,0,0,0,0,0,0,0,0,0,0,1,0,0,0,0,0,0,0,0,0,0,0,0,0
2020-11-12,0,0,1,0,0,0,0,0,0,0,0,0,33,0,0,0,0,1,0,0,4,0,0,0,0,0,0,0,0,0,0,0,0,0,0,0,0,0,0,0,0,0,0,0,0,0,0,0,0,0,0,0,1,0,0,0,0,0,0,1,0,0,0,0,0
2020-11-13,0,0,1,0,0,0,0,0,0,0,0,0,34,0,0,0,0,0,0,0,5,0,0,0,0,0,0,0,0,0,0,0,0,0,0,0,0,0,0,0,0,0,0,0,0,0,0,0,0,0,0,0,0,0,0,0,0,0,0,0,0,0,0,0,0
2020-11-14,0,0,0,0,0,0,0,0,0,0,0,0,47,0,0,0,1,0,0,0,4,0,0,0,0,0,0,0,0,0,0,0,0,0,0,0,0,0,0,0,0,0,0,0,0,0,0,0,0,0,0,0,0,0,0,0,0,0,0,0,0,0,0,0,0
2020-11-15,0,0,0,0,0,0,1,1,0,0,0,0,32,0,0,0,0,0,0,0,9,0,0,0,0,0,0,0,0,0,0,0,0,0,0,0,0,0,0,1,1,1,0,0,0,0,0,0,0,0,1,0,0,0,0,0,0,0,0,0,0,0,0,0,0
2020-11-16,0,0,0,0,0,0,0,0,0,0,0,1,40,0,0,0,0,1,0,0,5,0,0,0,0,2,0,0,0,0,0,0,0,0,0,0,0,0,0,0,0,0,0,0,0,0,0,0,0,0,0,0,0,1,0,0,0,0,0,0,0,0,0,0,0
2020-11-17,1,0,0,0,0,0,0,0,0,0,0,0,37,0,0,0,0,0,0,0,7,0,0,0,0,0,0,0,0,0,0,0,0,0,0,0,0,0,0,0,0,0,0,0,0,0,0,0,0,0,1,0,0,0,0,0,0,0,0,0,0,0,0,0,0
2020-11-18,0,0,1,0,0,0,0,0,1,0,0,0,34,0,0,0,0,0,0,0,2,0,0,0,0,0,0,0,0,0,0,0,1,0,0,0,0,0,0,1,0,0,0,0,0,0,0,0,0,0,0,0,0,0,0,0,0,0,0,0,0,0,0,0,0
2020-11-19,0,0,1,0,0,0,0,0,0,0,0,0,33,0,1,0,0,0,0,0,6,1,0,0,0,0,0,0,0,0,0,0,0,0,0,0,0,0,1,0,0,0,0,0,0,0,0,0,0,0,0,0,0,0,0,0,0,0,0,1,0,0,0,0,0
2020-11-20,0,0,0,0,0,1,0,0,0,0,0,0,31,0,0,0,0,0,0,0,4,0,0,0,0,0,0,0,0,0,0,0,0,0,0,0,0,0,0,0,0,0,0,0,0,0,0,0,0,0,0,0,0,1,0,0,0,0,0,0,0,0,0,0,0
2020-11-21,0,0,0,0,0,0,0,0,0,0,0,0,37,0,1,0,0,0,1,0,6,0,0,0,0,0,0,0,0,0,0,0,0,0,0,0,0,0,0,0,0,0,0,0,0,0,0,0,0,0,0,0,0,0,0,0,0,0,0,0,0,0,0,0,0
2020-11-22,0,0,0,0,0,0,0,0,0,0,0,0,38,0,0,0,1,0,0,0,9,0,0,0,0,0,0,0,0,0,0,0,0,0,0,0,0,0,0,0,0,0,1,0,0,0,0,0,0,0,0,0,0,0,0,0,0,0,0,0,0,0,0,0,0
2020-11-23,0,0,0,0,0,0,0,0,0,0,0,0,49,0,0,0,0,0,0,0,6,0,0,0,0,0,0,0,0,0,0,0,1,0,0,0,0,0,0,0,0,0,0,0,0,0,0,0,0,0,0,0,0,0,0,0,0,0,0,0,0,0,0,0,0
2020-11-24,0,0,0,0,0,0,0,0,0,0,0,1,34,0,0,0,0,0,0,0,6,0,0,0,0,1,0,0,0,0,0,0,0,0,0,1,0,1,0,0,0,0,0,0,0,0,0,1,1,0,0,1,0,0,0,0,0,0,0,0,0,0,1,0,0
2020-11-25,0,0,0,0,0,0,0,0,0,1,0,0,45,0,0,0,0,0,0,0,3,0,0,1,0,0,0,0,0,0,0,0,1,0,1,1,0,0,0,0,0,0,0,0,0,0,0,0,0,0,0,0,0,0,0,0,0,0,0,1,0,0,0,0,0
2020-11-26,1,0,0,0,0,0,0,0,0,0,1,0,39,0,0,0,0,0,0,0,11,0,0,0,0,0,0,0,0,0,0,0,0,0,0,0,0,0,0,0,0,0,0,0,0,0,0,0,0,0,0,0,0,2,0,0,0,0,0,0,0,0,0,0,0
2020-11-27,0,0,0,0,0,0,0,0,1,0,0,0,25,0,0,0,0,0,0,0,4,0,0,0,0,0,0,0,0,0,0,0,0,0,0,0,0,0,0,0,0,0,0,0,0,0,0,0,0,0,0,0,0,1,0,0,0,0,0,1,0,0,0,0,0
2020-11-28,0,0,1,0,0,0,0,0,0,0,0,0,32,0,0,0,0,0,0,0,2,0,0,0,0,0,0,0,0,0,0,1,1,0,0,0,0,0,0,0,0,0,0,0,0,0,0,0,1,0,0,0,0,0,0,0,0,0,0,0,0,0,0,0,0
2020-11-29,0,0,2,0,0,0,0,0,0,0,0,0,40,0,0,0,0,0,0,0,5,0,0,0,0,0,0,1,0,0,1,0,0,0,0,1,1,0,0,0,0,0,0,0,0,0,0,0,0,0,0,0,0,0,0,0,0,0,0,0,0,1,1,0,0
2020-11-30,0,0,0,0,0,0,0,0,0,0,0,0,43,0,0,1,0,0,0,0,7,0,0,0,0,0,0,0,0,0,0,0,0,0,0,0,0,0,0,0,0,0,0,0,0,0,0,0,0,0,0,0,0,0,0,0,0,0,0,0,0,0,0,0,0
2020-12-01,0,0,0,0,0,1,0,0,0,1,0,0,38,0,0,0,1,0,0,0,7,1,0,0,0,0,0,0,0,0,0,0,0,0,0,0,0,0,0,0,0,0,0,0,1,0,0,0,0,0,0,0,0,0,0,0,0,0,0,0,0,0,0,0,0
2020-12-02,0,0,1,0,0,0,0,1,0,0,0,0,39,0,0,0,0,1,0,0,3,0,0,0,0,0,0,0,0,0,0,0,0,0,0,0,0,0,0,0,0,0,0,0,0,0,0,0,0,0,0,0,0,0,0,0,0,0,0,0,0,0,0,0,0
2020-12-03,0,0,1,0,0,0,1,0,0,0,0,0,38,0,0,1,0,0,0,0,7,0,0,0,0,0,0,0,0,0,0,0,0,0,0,0,0,0,0,0,0,0,0,0,0,0,0,0,0,0,0,0,0,0,0,0,0,0,0,0,0,0,0,0,0
2020-12-04,0,0,0,0,0,0,0,0,0,0,0,0,29,0,0,0,0,1,0,0,4,0,0,0,0,0,1,0,0,0,0,0,0,0,0,0,0,0,0,0,0,0,0,0,0,0,0,0,0,0,1,0,0,0,0,0,0,0,0,0,0,0,0,0,0
2020-12-05,0,0,2,0,0,0,0,0,0,0,0,0,22,0,0,0,0,0,0,0,7,0,0,0,0,0,0,0,0,0,0,0,0,0,0,0,0,0,0,0,0,0,0,0,0,0,0,0,0,0,0,0,0,0,0,0,0,0,0,0,0,0,0,0,0
2020-12-06,0,0,1,0,0,0,0,1,0,0,0,0,19,0,0,0,0,0,0,0,2,0,0,0,0,0,0,0,0,0,0,0,0,0,0,0,0,0,0,0,1,0,0,0,0,0,0,0,0,0,0,0,0,0,0,0,0,0,0,0,1,0,0,0,0
2020-12-07,0,0,2,0,0,0,0,0,0,0,0,0,27,0,0,0,0,0,0,0,8,0,0,0,0,0,0,0,0,0,0,0,0,0,0,0,0,0,0,0,0,0,0,1,0,0,0,1,0,0,0,0,0,0,0,0,0,0,0,1,0,0,0,0,0
2020-12-08,0,0,0,0,0,0,0,0,0,0,0,1,34,0,0,0,0,0,0,0,3,0,0,0,0,0,0,0,1,0,0,0,0,0,0,0,0,0,0,0,0,0,0,0,0,0,0,0,0,0,0,0,0,0,0,0,0,0,0,0,0,0,0,0,0
2020-12-09,0,0,0,0,0,0,0,0,0,0,0,0,38,0,0,0,0,0,0,0,3,0,0,0,0,0,0,0,1,0,0,0,0,0,0,0,0,0,0,0,0,0,0,0,0,0,0,0,1,0,1,1,0,0,0,0,0,0,0,0,0,0,0,0,0
2020-12-10,0,0,1,0,0,0,0,0,0,0,0,0,24,0,0,0,0,1,0,0,3,0,0,0,0,0,0,0,0,0,0,0,0,0,0,0,0,0,0,0,0,0,0,0,0,0,0,0,0,0,0,0,0,0,0,0,0,0,0,0,0,0,0,0,0
2020-12-11,0,0,0,0,0,0,0,1,0,0,0,0,21,0,0,0,0,0,0,0,2,0,0,0,0,0,0,0,0,0,0,0,0,0,0,0,0,0,0,0,0,0,0,0,0,0,0,0,0,0,0,0,0,0,0,0,0,0,0,0,0,0,0,0,0
2020-12-12,0,0,1,0,0,1,0,0,0,0,0,0,20,0,0,0,0,1,0,0,2,0,0,0,0,0,0,0,0,0,0,0,0,0,0,0,0,1,0,1,0,0,0,0,0,0,0,0,0,0,0,0,0,0,0,0,0,0,0,0,0,0,0,0,0
2020-12-13,0,0,0,0,2,0,0,0,0,0,0,0,34,0,0,0,0,1,0,0,2,0,0,0,0,0,0,0,0,0,0,0,1,0,0,0,0,0,0,1,0,0,0,0,0,0,1,0,0,0,0,0,0,0,0,0,0,0,0,0,0,0,0,0,0
2020-12-14,0,0,0,0,0,0,0,0,0,0,0,0,21,0,0,0,0,0,0,0,3,0,0,0,0,0,0,0,0,0,0,0,0,0,0,0,0,0,0,0,0,0,0,0,0,0,0,0,0,0,0,0,0,0,0,0,0,0,0,0,0,0,0,0,0
2020-12-15,0,0,1,0,0,0,0,0,0,0,0,0,44,0,0,0,0,0,0,0,0,0,0,0,0,0,0,0,0,0,0,0,0,0,0,0,0,0,0,0,0,0,0,0,0,0,0,0,0,0,0,0,0,0,0,0,0,0,0,0,0,0,0,0,0
2020-12-16,0,0,2,0,0,0,0,0,0,0,0,0,20,0,0,0,0,0,0,0,4,0,0,0,0,0,0,0,0,0,0,0,0,0,0,1,0,0,0,0,0,0,0,0,0,0,0,0,0,0,0,0,0,0,0,0,0,0,0,0,0,0,0,0,0
2020-12-17,0,0,0,0,0,0,0,0,0,0,0,0,23,0,0,0,0,0,0,0,6,0,0,0,0,0,0,0,0,0,0,0,0,0,0,0,0,0,0,0,0,0,0,0,0,0,0,0,0,0,0,0,0,0,0,0,0,0,0,0,0,0,0,0,0
2020-12-18,0,0,1,0,0,0,0,0,0,0,0,0,16,0,0,0,0,0,0,0,2,0,0,0,0,0,0,0,0,0,0,0,1,0,0,0,0,0,0,0,0,0,0,0,0,0,0,0,0,0,0,0,0,0,0,0,0,0,0,0,0,0,0,0,0
2020-12-19,0,0,0,0,0,0,0,0,0,0,0,0,19,0,0,0,0,0,0,0,3,0,0,0,0,0,0,0,0,0,0,0,0,0,0,0,0,0,0,0,0,0,0,0,0,0,0,0,0,0,0,0,0,0,0,0,0,0,0,0,0,0,0,0,0
2020-12-20,0,0,0,0,0,0,0,0,0,0,0,0,15,0,0,0,0,0,0,0,3,0,0,0,0,0,0,0,0,0,0,0,0,0,0,0,0,0,1,0,0,0,0,0,1,0,0,0,0,0,0,0,0,0,0,0,0,0,0,0,0,0,0,0,0
2020-12-21,0,0,0,0,0,1,0,0,0,0,0,1,27,0,0,0,0,0,0,0,2,0,0,0,0,0,0,0,0,0,0,0,0,0,0,0,0,0,0,0,0,0,0,0,0,0,0,0,0,0,0,0,0,0,0,0,0,0,0,2,0,0,0,0,0
2020-12-22,0,0,0,0,0,0,0,0,0,0,0,0,20,0,0,0,0,0,0,0,2,0,0,0,0,0,0,0,0,0,0,0,0,0,0,1,0,0,0,0,0,0,0,0,0,0,0,1,0,0,0,0,0,0,0,0,0,0,0,0,0,0,0,0,0
2020-12-23,0,0,0,0,0,0,0,0,0,0,0,0,16,0,0,0,0,0,0,0,2,0,0,0,0,0,0,0,0,0,0,0,0,0,0,0,0,0,0,0,0,0,0,0,0,0,0,0,0,0,0,0,0,0,0,0,0,0,0,0,0,0,0,0,0
2020-12-24,0,0,0,0,0,0,0,0,0,0,0,0,26,0,0,0,0,1,0,0,1,0,0,0,0,0,0,0,0,0,0,0,0,0,0,0,0,0,0,0,0,0,0,0,0,0,0,0,0,0,0,0,0,0,0,0,0,0,0,0,0,0,0,0,0
2020-12-25,0,0,1,0,0,0,0,0,0,0,0,0,19,0,0,0,0,0,0,0,3,0,0,0,0,0,0,0,0,0,0,0,0,0,0,0,0,0,0,0,0,0,0,0,0,0,0,0,0,0,0,0,0,0,0,0,0,0,0,1,0,0,0,0,0
2020-12-26,0,0,0,0,0,0,0,0,0,0,0,0,19,0,0,0,0,0,1,0,1,0,0,0,0,0,0,0,0,0,0,0,0,0,0,0,0,0,0,0,0,0,0,0,0,0,0,0,0,0,0,0,0,0,0,0,0,0,0,0,0,0,0,0,0
2020-12-27,0,0,0,0,2,0,0,0,0,0,0,0,22,0,0,0,0,0,0,0,1,0,0,0,0,0,0,0,0,0,0,0,0,0,0,0,0,0,0,0,0,0,0,0,0,0,0,0,0,0,0,0,0,0,0,1,0,0,0,1,0,0,0,0,0
2020-12-28,0,0,1,0,0,0,0,0,0,0,0,0,27,0,0,0,0,0,0,0,4,0,0,0,0,0,0,0,0,0,0,0,0,0,0,0,0,0,1,0,0,0,0,0,0,0,0,0,0,0,0,0,0,0,0,0,0,0,0,0,0,0,1,0,0
2020-12-29,0,0,2,0,1,0,0,0,0,0,0,0,31,0,0,0,0,0,0,0,2,0,0,0,0,0,0,0,0,0,0,0,0,0,0,0,0,0,0,0,0,0,0,0,0,0,0,0,0,0,0,0,0,0,0,0,0,0,0,0,0,0,1,0,0
2020-12-30,0,0,0,0,0,0,0,1,0,0,0,0,31,0,0,0,0,0,0,0,3,0,0,0,0,0,0,0,0,0,1,0,0,0,0,0,0,0,0,0,0,0,0,0,0,0,0,0,0,0,0,0,0,0,0,0,0,0,0,0,0,0,0,0,0
2020-12-31,0,0,0,0,0,0,0,0,0,0,0,0,18,0,0,0,0,0,0,0,1,0,0,0,0,0,0,0,0,0,0,0,0,0,0,0,0,0,0,0,0,0,0,0,0,0,0,0,0,0,0,0,0,0,0,0,0,0,0,0,0,0,0,0,0
2021-01-01,0,0,1,0,0,0,0,0,0,0,0,0,14,0,0,0,0,0,0,0,0,0,0,0,0,0,0,0,0,0,0,0,0,0,0,0,0,0,0,0,0,0,0,0,0,0,0,0,0,0,0,0,0,0,0,0,0,0,0,0,0,0,0,0,0
2021-01-02,0,0,0,0,0,0,0,1,0,0,0,0,23,0,0,0,0,0,0,0,4,0,0,0,0,0,1,0,0,0,0,0,0,0,0,0,0,0,0,0,0,0,0,0,0,0,0,0,0,0,0,0,0,0,0,0,0,0,0,0,0,0,0,0,0
2021-01-03,0,0,0,0,0,0,0,0,0,0,0,0,22,0,0,0,0,0,0,0,0,0,0,0,0,0,0,0,0,0,0,0,0,0,0,0,0,0,0,0,0,0,0,0,0,0,0,0,0,0,0,0,0,0,0,0,0,0,0,0,0,0,0,0,0
2021-01-04,0,0,1,0,0,0,0,0,0,0,0,0,20,0,0,0,0,0,0,0,0,0,0,0,0,0,0,0,0,0,0,0,0,0,0,0,0,0,0,0,0,0,0,0,0,0,0,0,0,0,0,0,0,0,0,0,0,0,0,1,0,0,0,0,0
2021-01-05,0,0,0,0,0,0,0,0,0,0,0,0,24,0,0,0,0,0,0,0,3,0,0,0,0,0,0,0,0,0,0,0,0,0,0,0,0,0,0,0,0,0,0,0,0,0,0,0,0,0,0,0,0,0,0,0,0,0,0,0,0,0,0,0,0
2021-01-06,0,0,0,0,0,0,0,0,0,0,0,1,22,0,0,0,0,0,0,0,5,0,0,0,0,0,0,0,0,0,1,0,0,0,0,0,0,0,0,0,0,0,0,0,0,0,0,0,0,0,0,0,0,0,0,0,0,0,0,0,0,0,0,0,0
2021-01-07,0,0,0,0,0,0,0,0,0,0,0,0,18,0,0,0,0,0,0,0,1,0,0,0,0,0,0,0,0,0,0,0,0,0,0,0,0,0,0,0,0,0,0,0,0,0,0,0,0,0,0,0,0,0,0,0,0,0,0,0,0,0,0,0,0
2021-01-08,0,0,0,0,0,0,0,0,0,0,0,0,12,0,0,0,0,0,0,0,2,0,0,0,0,0,0,0,0,0,0,0,0,0,0,0,0,0,0,0,0,0,0,0,0,0,0,0,0,0,0,0,0,1,0,0,0,0,0,0,0,0,0,0,0
2021-01-09,0,0,1,0,0,0,0,0,0,0,0,1,16,0,0,0,0,0,0,0,0,0,0,0,0,0,0,0,0,0,0,0,0,0,0,0,0,0,0,0,0,0,0,0,0,1,0,0,0,0,0,0,0,0,0,0,0,0,0,0,0,0,0,0,0
2021-01-10,0,0,0,0,0,1,0,0,0,0,0,0,16,0,0,0,0,0,0,0,6,0,0,0,0,0,0,0,0,0,0,0,0,0,0,0,0,0,0,0,0,0,0,0,0,0,0,0,0,0,0,0,0,0,0,0,0,0,0,0,0,0,0,0,0
2021-01-11,0,0,0,0,0,0,0,0,0,0,0,0,22,0,0,0,0,0,0,0,1,0,0,0,0,0,0,0,0,0,0,0,0,0,0,0,0,0,0,0,0,0,0,0,0,0,0,0,0,0,0,1,0,0,0,0,0,0,0,0,0,0,0,0,0
2021-01-12,0,0,0,0,0,0,0,0,0,0,0,0,22,0,0,0,0,0,0,0,6,0,0,0,0,0,0,0,0,0,0,0,0,0,0,0,0,0,0,0,0,0,0,0,0,0,0,0,0,0,0,0,0,0,0,0,0,0,0,0,1,0,0,0,0
2021-01-13,0,0,0,0,0,0,0,0,0,0,0,0,22,2,0,0,0,0,0,0,2,0,0,0,0,0,0,0,0,0,0,0,0,0,1,0,0,0,0,0,0,0,0,0,0,0,0,0,0,0,0,0,0,0,0,0,0,0,0,0,0,0,0,0,0
2021-01-14,0,0,0,0,0,0,0,0,0,0,0,0,13,0,0,0,0,0,0,0,0,2,0,0,0,0,0,0,0,0,0,0,0,0,0,0,0,0,0,0,0,0,0,0,0,0,0,0,0,0,0,0,0,0,0,0,0,0,0,0,0,0,0,0,0
2021-01-15,0,0,0,0,0,0,0,0,0,0,0,0,9,0,0,0,0,0,0,0,2,0,0,0,0,0,0,0,0,0,0,0,0,0,0,0,0,0,0,0,0,0,0,0,0,0,0,0,0,0,0,0,0,0,0,0,0,0,0,0,0,0,0,0,0
2021-01-16,0,0,0,0,0,0,0,0,0,0,0,0,22,0,0,0,0,0,0,0,0,0,0,0,0,0,0,0,0,0,1,0,0,0,0,0,0,0,0,0,0,0,0,0,0,0,0,0,0,0,0,0,0,0,0,0,0,0,0,0,0,0,0,0,0
2021-01-17,0,0,0,0,0,0,0,0,0,0,0,0,26,0,0,0,0,0,0,0,1,0,0,0,0,0,0,0,1,0,0,0,0,0,0,0,0,0,0,0,0,0,0,0,0,0,0,0,0,0,0,0,0,0,0,0,0,0,0,0,0,0,0,0,0
2021-01-18,0,0,0,0,0,0,0,0,0,0,0,1,16,0,0,0,0,0,0,0,3,0,0,0,0,0,0,0,1,0,0,0,0,0,0,0,0,0,0,1,0,0,0,0,0,0,0,0,0,0,0,0,0,0,0,0,0,0,0,0,0,0,0,0,0
2021-01-19,0,0,1,0,0,0,0,0,0,1,0,0,11,0,0,0,0,0,0,0,0,0,0,0,0,0,0,0,1,0,0,0,0,0,0,0,0,0,0,0,0,0,0,0,0,0,0,0,0,0,0,0,0,0,0,0,0,0,0,0,0,1,0,0,0
2021-01-20,0,0,0,0,0,0,0,0,0,0,0,0,10,0,0,0,0,0,0,0,3,0,0,0,0,0,0,0,0,0,0,0,0,0,0,0,0,1,0,0,0,0,0,0,0,0,0,0,0,0,0,0,0,0,0,0,0,0,0,0,0,0,0,0,0
2021-01-21,0,0,1,0,0,0,0,0,0,0,0,1,15,0,0,0,0,0,0,0,1,0,0,0,0,0,0,0,0,0,0,0,0,0,0,0,0,1,0,0,0,0,0,0,0,0,0,0,0,0,0,0,0,0,0,0,0,0,0,0,0,0,0,0,0
2021-01-22,0,0,0,0,0,0,0,0,0,0,0,0,10,0,0,0,0,0,0,0,1,0,0,0,0,0,0,0,0,0,0,0,0,0,0,0,0,0,0,0,0,0,0,0,0,0,0,0,0,0,0,0,0,0,0,0,0,0,0,0,0,0,0,0,0
2021-01-23,0,0,0,0,0,0,0,0,0,0,0,0,14,0,0,0,0,0,0,0,1,0,0,0,0,0,0,0,0,0,0,0,0,0,0,0,0,0,0,0,0,0,0,0,0,0,0,0,0,0,0,0,0,0,0,0,0,0,0,0,0,1,0,0,0
2021-01-24,0,0,1,0,0,0,0,0,0,0,0,0,8,0,0,0,0,0,0,0,0,0,0,0,0,0,0,0,0,0,0,0,0,0,0,0,0,0,0,0,0,0,0,0,0,0,0,0,0,0,0,0,0,0,0,0,0,0,0,1,0,0,0,0,0
2021-01-25,0,0,1,0,0,0,0,0,0,0,0,0,12,0,0,0,0,0,0,0,1,0,0,0,0,0,0,0,0,0,0,0,0,0,0,0,0,0,0,0,0,0,0,0,0,0,0,0,0,0,0,0,0,0,0,1,0,0,0,0,0,0,0,0,0
2021-01-26,0,0,0,0,0,0,0,0,0,0,0,0,12,0,0,0,0,0,0,0,0,0,0,0,0,0,0,0,0,0,0,0,0,0,0,0,1,0,0,0,0,0,0,0,0,0,0,0,0,0,0,0,0,0,0,0,0,0,0,0,0,0,0,0,0
2021-01-27,0,0,0,0,0,0,0,0,0,0,0,0,16,0,0,0,0,0,0,0,2,0,0,0,0,0,0,0,0,0,0,0,0,0,0,0,0,0,0,0,0,0,0,0,0,0,0,0,0,0,0,0,0,0,0,0,0,0,0,0,0,0,0,0,0
2021-01-28,0,0,1,0,0,0,0,0,0,0,0,0,16,0,0,0,0,0,0,0,1,0,0,0,0,0,0,0,0,0,0,0,0,0,0,0,0,1,0,0,0,0,0,0,0,0,0,0,0,0,0,0,0,0,0,0,0,0,0,0,0,0,0,0,0
2021-01-29,0,0,0,0,0,0,0,0,0,0,0,0,12,0,0,0,0,0,0,0,0,0,0,0,0,0,0,0,0,1,0,0,0,0,0,0,0,0,0,0,0,0,0,0,0,0,0,0,0,0,0,0,0,0,0,0,0,0,0,0,0,0,0,0,0
2021-01-30,0,0,0,0,0,0,0,0,0,0,0,0,14,0,0,0,0,0,1,0,1,0,0,0,0,0,0,0,0,0,0,0,0,0,0,0,0,0,0,0,0,0,0,0,0,0,0,0,0,0,0,0,0,0,0,0,0,0,0,0,0,0,0,0,0
2021-01-31,0,0,0,0,0,0,0,0,0,0,0,0,17,0,0,0,0,0,1,0,1,0,0,0,0,0,0,0,0,0,0,0,0,0,0,0,0,0,0,0,0,0,0,0,0,0,0,0,0,0,0,0,0,0,0,0,0,0,0,0,0,0,0,0,0
2021-02-01,0,0,0,0,0,0,0,0,0,0,0,0,16,0,0,0,0,0,0,0,1,0,0,0,0,0,0,0,0,0,0,0,0,0,0,0,0,0,0,0,0,0,0,0,0,0,0,0,0,0,0,0,0,0,0,0,0,0,0,0,0,0,0,0,0
2021-02-02,0,0,0,0,0,0,0,0,0,0,0,0,14,0,0,0,0,0,0,0,0,0,0,0,0,0,0,0,0,0,0,0,0,0,0,0,1,0,0,0,0,0,0,0,0,0,0,0,0,0,0,0,0,0,0,0,0,0,0,0,0,0,0,0,0
2021-02-03,0,0,0,0,0,0,0,0,0,0,0,0,8,0,0,0,0,0,0,0,1,0,0,0,0,0,0,0,0,0,0,0,0,0,0,0,0,0,0,0,0,0,0,0,0,0,0,0,0,0,0,0,0,0,0,0,0,0,0,0,0,0,0,0,1
2021-02-04,0,0,0,0,0,0,0,0,0,0,0,0,14,0,0,0,0,1,0,0,1,0,0,0,0,0,0,0,0,0,0,0,0,0,0,0,0,0,0,0,0,0,0,0,0,0,0,0,0,0,0,0,0,0,0,0,0,0,0,1,0,0,0,0,0
2021-02-05,0,0,0,0,0,0,0,0,0,0,0,0,7,0,0,0,0,0,0,0,2,0,0,0,0,0,0,0,0,0,0,0,0,0,0,0,0,0,0,0,0,0,0,0,0,0,0,0,0,0,0,0,0,0,0,0,0,0,0,0,0,0,0,0,0
2021-02-06,0,0,0,0,0,0,0,2,0,0,0,0,9,0,0,0,0,0,0,0,5,0,0,0,0,0,0,0,0,0,0,0,0,0,0,0,0,0,0,0,0,0,0,0,0,0,0,0,0,0,0,0,0,0,0,0,0,0,0,0,0,0,0,0,0
