date,Brahmanbaria,Satkhira,Chittagong,Magura,Kushtia,Chandpur,Panchagarh,Mymensingh,Nilphamari,Narail,Gopalganj,Manikganj,Unknown,Meherpur,Ã Â¦ÅÃ Â¦Â¾Ã Â¦Â®Ã Â¦Â¾Ã Â¦Â²Ã Â¦ÂªÃ Â§ÂÃ Â¦Â°,Feni,Noakhali,Barguna,Gazipur,Pirojpur,Jamalpur,Dhaka,Natore,Chuadanga,Madaripur,Naogaon,Bogra,Cox's Bazar,Narsingdi,Jaipurhat,Rangpur,Sunamganj,Bhola,Comilla,Khagrachhari,Rajbari,Dinajpur,Faridpur,Sylhet,Chapainawabganj,Rajshahi,Munshiganj,Pabna,Sherpur,Rangamati,Thakurgaon,Habiganj,Sirajganj,Jhenaidah,Netrokona,Bagerhat,Tangail,Barisal,Gaibandha,Kishoreganj,Bandarban,Kurigram,Shariatpur,Lalmonirhat,Lakshmipur,Narayanganj,Jessore,Maulvibazar,Khulna,Jhalokati,Patuakhali
2020-04-03,5,1,11,3,0,7,0,1,0,1,0,1,0,0,0,0,6,1,11,1,0,106,3,0,5,1,4,2,1,0,0,0,0,5,0,1,7,3,0,1,2,0,2,7,0,0,2,1,2,0,1,1,0,0,4,0,2,0,0,1,15,2,2,4,0,3
2020-04-04,7,2,20,0,3,5,2,1,5,3,1,2,0,0,0,8,11,0,22,4,9,199,3,3,3,1,11,2,12,1,10,2,2,9,2,7,10,3,16,1,3,0,9,0,0,3,5,10,1,3,4,8,1,6,5,0,2,0,0,1,17,6,4,4,0,1
2020-04-05,7,5,42,1,4,7,1,10,1,5,2,4,0,2,0,7,7,0,19,0,5,230,0,2,1,4,9,12,3,0,2,3,6,24,1,1,9,1,14,4,11,5,7,1,0,0,1,2,0,3,2,4,8,1,0,0,0,2,0,0,22,7,3,12,0,0
2020-04-06,13,5,91,3,4,6,0,14,12,0,2,6,0,1,0,20,15,1,29,5,14,595,2,7,4,5,13,12,7,1,12,7,4,30,1,0,12,5,22,1,6,4,7,0,2,4,2,16,16,2,1,8,16,10,6,1,3,10,2,6,59,10,3,24,2,0
2020-04-07,3,0,18,3,0,2,1,4,4,0,2,5,0,0,0,0,6,0,10,1,2,146,4,0,4,4,5,6,3,0,3,1,0,6,1,1,6,1,7,1,4,1,2,1,0,3,0,3,2,3,1,3,3,0,0,0,2,0,0,2,16,3,2,8,0,1
2020-04-08,3,2,3,0,1,0,0,2,1,0,0,0,0,0,1,0,1,1,8,0,0,357,1,1,1,0,2,9,0,0,0,0,0,1,0,0,0,0,4,0,0,0,0,1,0,0,0,1,0,0,0,2,1,3,0,0,0,0,2,2,5,2,0,0,0,0
2020-04-09,5,2,12,0,2,5,1,5,4,0,0,0,0,1,0,4,3,0,14,0,4,124,2,2,2,7,1,2,7,2,5,0,1,6,3,1,4,2,3,0,4,3,2,1,2,0,2,0,3,1,1,9,2,10,0,0,0,0,0,3,20,7,0,3,2,1
2020-04-10,2,0,4,0,4,5,1,2,0,0,2,1,271,0,0,5,1,0,2,0,0,78,0,0,0,2,0,1,2,0,3,2,1,4,0,0,4,2,1,0,1,1,2,0,0,1,0,2,0,0,2,5,1,0,5,1,0,0,0,0,3,3,1,1,0,0
2020-04-11,0,2,10,0,4,0,0,1,0,1,0,0,585,0,0,2,4,0,3,0,0,71,1,0,0,1,1,0,1,0,3,0,0,3,0,0,2,0,1,0,0,0,1,0,0,0,1,1,0,0,0,2,1,1,0,0,1,0,1,0,2,2,0,1,2,0
2020-04-12,3,1,9,2,1,0,0,2,0,0,2,0,586,0,0,0,2,0,4,0,0,31,0,0,2,4,4,0,2,2,3,0,3,0,0,0,8,0,2,1,1,1,0,0,0,1,0,0,1,0,1,3,1,0,2,1,1,0,0,1,0,0,2,1,1,1
2020-04-13,2,0,7,0,0,1,2,1,0,0,0,2,406,0,0,1,0,0,3,0,2,61,0,2,0,0,1,2,2,0,1,0,0,3,0,0,3,0,1,1,3,2,2,0,0,2,1,2,3,1,0,1,0,5,0,0,0,1,0,0,11,0,2,1,0,0
2020-04-14,0,0,4,0,0,2,0,1,0,0,1,0,386,0,0,0,1,0,4,0,2,33,0,0,0,0,0,0,4,0,0,0,0,6,1,1,0,0,0,0,1,1,0,0,0,0,0,0,1,0,0,1,0,3,0,0,0,0,0,0,8,0,1,2,0,1
2020-04-15,0,3,3,0,0,0,0,1,4,0,0,0,411,0,0,0,2,1,6,0,0,33,0,0,0,1,0,0,2,0,0,0,0,3,0,0,2,4,1,0,0,0,0,1,0,1,3,2,0,0,0,0,2,2,12,0,0,0,0,1,2,1,0,0,0,0
2020-04-16,0,1,4,0,0,0,0,4,0,0,0,0,192,0,0,0,0,0,2,1,0,33,0,0,0,0,1,0,3,0,0,0,0,0,0,0,0,1,1,1,0,0,0,0,0,0,0,0,0,0,0,0,0,0,1,0,0,0,0,0,1,1,1,2,0,0
2020-04-17,0,0,8,0,0,1,0,3,1,0,0,1,316,0,0,2,1,0,6,0,0,50,0,0,0,2,0,4,0,0,3,0,0,1,0,0,0,0,3,3,2,0,3,1,0,0,0,4,0,1,0,2,4,0,3,0,0,0,0,0,4,0,0,1,1,0
2020-04-18,0,0,5,0,3,0,0,1,1,0,0,0,326,0,0,0,1,1,2,1,0,38,0,0,0,2,3,3,0,0,2,0,0,6,0,0,2,3,1,0,0,1,2,1,0,1,0,2,3,0,0,0,2,0,0,0,0,0,0,2,2,0,0,1,0,0
2020-04-19,1,0,9,0,0,0,0,3,0,0,0,1,261,0,0,0,0,0,6,2,1,41,0,0,0,1,1,2,1,0,1,0,0,0,0,0,2,0,1,0,3,1,0,0,0,1,0,2,2,1,1,1,0,0,0,0,0,0,0,0,2,1,0,0,0,1
2020-04-20,0,2,10,0,0,3,0,4,3,2,0,1,432,0,0,0,1,0,3,1,1,68,0,0,1,1,1,2,3,0,6,0,0,2,0,0,1,1,0,1,1,3,1,1,0,0,3,1,1,1,0,0,2,1,0,0,0,0,1,0,3,1,1,5,0,0
2020-04-21,0,1,11,0,3,2,0,5,0,0,0,0,533,0,0,1,2,1,13,0,0,74,0,0,6,1,0,0,1,0,0,0,0,1,0,0,2,0,5,0,1,1,2,1,0,0,1,0,0,0,0,2,3,1,3,0,1,0,1,0,16,1,3,3,0,0
2020-04-22,1,1,7,0,4,0,0,6,0,1,0,0,455,1,0,1,2,0,5,0,4,90,1,5,1,0,7,0,1,0,2,0,0,3,2,0,2,4,2,1,3,0,0,0,0,0,0,2,1,1,0,1,2,0,5,1,0,0,0,2,8,1,1,6,1,4
2020-04-23,1,2,12,0,1,3,0,4,1,1,2,0,367,0,0,0,4,0,7,0,5,65,0,0,0,0,5,0,2,0,4,0,1,7,0,0,4,0,3,0,4,1,3,0,0,0,0,3,0,0,0,2,1,0,8,0,2,0,0,0,5,2,0,3,0,0
2020-04-24,0,1,11,0,3,3,0,3,0,0,0,0,428,1,0,2,0,0,13,0,1,64,4,0,2,1,3,4,3,0,2,2,0,1,0,0,2,0,5,5,2,0,0,3,0,0,0,6,2,1,1,5,4,6,2,1,5,0,1,0,7,5,1,1,0,2
2020-04-25,0,0,7,0,1,2,0,0,0,1,1,0,304,0,0,0,1,0,4,0,3,46,0,0,1,0,5,3,3,1,0,0,0,3,0,0,4,1,4,1,1,0,3,0,2,1,0,3,1,0,0,1,2,0,0,0,0,0,1,0,5,0,0,3,0,0
2020-04-26,2,1,9,0,0,1,0,8,0,2,1,0,318,0,0,2,1,0,6,1,3,52,0,1,2,2,1,1,0,0,1,1,1,1,0,0,4,0,2,0,0,0,1,0,0,0,1,0,0,0,1,0,2,2,2,0,0,0,0,0,2,2,1,1,0,0
2020-04-27,0,1,7,0,0,0,2,5,0,0,0,2,325,3,0,0,0,0,5,0,2,62,1,1,0,0,1,0,0,0,3,0,0,3,0,2,3,0,0,0,0,4,4,0,0,0,1,0,0,1,0,2,1,0,0,0,0,3,0,0,4,0,0,1,2,0
2020-04-28,1,0,4,0,0,1,0,0,0,0,0,1,218,0,0,0,1,0,0,0,1,52,0,0,1,2,9,0,0,0,4,0,1,1,0,0,0,0,1,0,1,0,1,0,0,0,1,0,3,1,1,0,1,1,1,0,0,0,0,0,0,2,0,0,0,0
2020-04-29,0,0,8,0,1,1,0,1,0,0,0,1,261,0,0,1,0,0,7,0,3,58,2,3,1,0,4,0,0,1,2,0,3,7,0,0,1,1,0,0,0,0,2,1,0,0,0,0,2,0,1,0,2,1,0,0,0,0,0,2,4,2,0,0,1,0
2020-04-30,1,0,3,1,1,3,0,1,0,0,0,1,290,1,0,1,0,0,10,2,0,54,2,0,0,0,2,0,0,0,2,0,0,7,0,0,1,0,0,0,0,0,0,1,1,4,1,0,0,1,2,1,1,1,0,0,1,0,0,0,3,0,1,0,0,1
2020-05-01,0,0,3,0,0,1,0,1,2,0,5,0,255,1,0,1,1,0,4,0,0,40,0,0,0,0,0,0,0,0,1,1,0,0,1,0,0,0,1,0,0,0,4,0,1,0,0,0,0,2,0,0,1,0,0,0,0,0,0,0,5,0,0,0,0,0
2020-05-02,2,2,4,0,0,0,0,5,1,0,1,0,577,1,0,1,0,1,2,0,0,73,0,0,0,1,2,2,0,0,1,0,1,1,0,2,3,1,1,0,0,0,0,1,0,0,0,3,1,2,0,2,0,0,0,0,1,0,0,1,3,1,0,1,0,0
2020-05-03,0,1,6,0,3,1,0,0,1,0,1,0,272,0,0,0,2,0,2,0,1,49,0,2,0,0,0,1,2,0,2,0,0,1,0,1,0,1,0,0,1,0,0,0,0,0,0,1,0,1,1,1,0,0,0,0,0,0,1,0,2,0,0,0,0,0
2020-05-04,1,0,6,0,0,0,0,2,0,0,1,0,219,0,0,0,0,0,6,0,2,66,0,1,0,0,1,0,0,0,0,0,0,1,0,0,0,1,0,0,1,0,0,0,0,2,0,2,0,2,0,0,1,0,1,0,0,1,0,1,11,1,0,1,0,1
2020-05-05,0,2,6,0,0,0,0,4,0,0,0,1,165,1,0,0,1,0,3,2,0,58,1,0,2,0,0,1,0,0,2,0,0,2,0,0,0,0,2,0,2,0,0,0,2,0,0,1,0,0,1,0,0,1,0,0,0,0,0,0,1,0,1,1,1,0
2020-05-06,2,0,10,0,0,3,0,3,1,0,1,0,212,0,0,0,2,0,4,0,1,75,0,0,0,0,0,0,1,0,0,0,1,2,0,0,3,1,0,1,0,0,0,0,0,0,0,1,1,0,0,2,0,0,1,0,2,0,0,0,4,1,0,3,0,0
2020-05-07,0,0,6,0,2,0,0,2,2,0,1,0,233,0,0,1,0,0,6,0,0,59,1,2,0,0,1,2,5,0,3,0,0,5,2,0,0,2,0,0,0,0,2,0,0,1,0,1,0,2,2,0,2,0,1,0,0,0,0,2,7,2,0,4,0,0
2020-05-08,1,0,6,0,1,0,0,2,0,0,0,2,171,0,0,1,1,0,2,0,2,58,0,0,0,0,0,0,1,0,5,0,0,0,1,0,0,0,2,0,1,1,0,1,0,0,0,0,0,0,0,2,0,0,1,0,0,0,0,0,3,0,0,0,0,0
2020-05-09,1,0,4,0,3,1,0,0,0,0,1,2,138,0,0,1,0,0,3,0,0,53,1,0,0,1,0,1,0,0,0,0,0,1,0,0,0,1,1,0,0,0,0,0,0,0,0,1,1,0,1,0,0,1,0,0,0,1,0,0,4,0,0,0,0,0
2020-05-10,0,0,6,0,0,1,0,1,0,0,0,0,141,0,0,1,1,0,9,0,0,40,0,0,0,1,0,0,1,0,0,0,0,1,0,0,0,0,0,0,0,0,0,0,0,0,1,2,0,0,0,0,0,0,2,0,0,0,0,0,4,0,1,1,0,0
2020-05-11,0,0,5,1,0,4,0,1,1,0,0,0,146,0,0,0,1,0,14,1,0,51,0,0,0,1,0,0,1,0,0,0,0,0,0,0,0,2,0,0,3,2,1,0,0,0,1,1,0,0,0,0,1,0,0,1,0,0,0,0,4,0,0,2,0,0
2020-05-12,4,0,8,0,1,2,0,1,1,0,0,0,162,0,0,2,3,0,13,1,1,65,0,0,0,0,0,1,0,0,0,1,0,5,0,1,0,1,4,1,1,0,1,0,0,0,0,0,0,0,1,2,1,0,4,0,0,0,0,1,0,1,1,0,0,2
2020-05-13,0,0,10,0,2,0,0,1,0,0,0,0,151,0,0,3,3,1,2,0,0,60,0,0,0,2,1,1,0,0,1,0,0,0,0,0,1,0,3,0,1,0,0,0,0,1,0,0,0,2,0,1,1,1,1,0,0,0,0,0,3,0,1,3,0,0
2020-05-14,1,0,7,1,1,1,0,0,0,0,0,0,199,0,0,1,1,0,5,0,2,62,0,0,0,0,1,1,2,0,2,0,0,3,1,0,0,2,1,1,0,0,1,0,0,1,0,0,1,1,0,0,0,0,0,0,1,0,0,0,4,1,0,1,0,0
2020-05-15,1,2,11,0,0,0,0,0,0,0,2,0,173,0,0,1,0,0,5,0,2,71,0,0,1,0,0,0,0,0,0,1,1,2,0,0,1,0,1,1,0,0,0,0,0,1,3,0,3,0,0,0,1,0,2,0,0,1,0,0,3,0,1,0,0,0
2020-05-16,1,0,23,0,0,1,0,0,1,0,0,0,263,0,0,2,1,0,9,1,0,77,0,0,0,0,3,2,1,0,0,0,0,0,0,0,1,1,5,1,6,0,3,1,0,0,0,1,0,1,2,1,6,0,1,0,0,0,1,1,4,0,1,2,0,0
2020-05-17,0,0,13,0,1,1,0,1,2,0,1,0,206,0,0,4,0,0,2,0,1,53,0,0,0,1,0,0,1,0,2,0,0,1,0,0,1,1,0,0,0,1,1,1,0,0,1,0,0,0,0,0,1,1,2,0,0,0,0,0,5,3,1,0,0,0
2020-05-18,0,0,7,0,0,1,0,1,0,0,0,1,169,0,0,1,0,0,6,0,0,64,0,0,1,1,0,0,0,0,0,0,0,1,0,0,1,1,5,0,3,3,0,0,0,0,0,0,0,1,0,3,0,0,0,0,0,0,0,0,4,1,0,0,2,0
2020-05-19,1,0,14,0,2,1,0,0,0,0,0,0,145,0,0,0,0,0,5,1,1,57,0,0,0,0,1,1,2,0,5,0,0,5,0,0,0,0,2,1,0,0,3,0,0,0,0,0,0,0,0,3,2,0,1,0,0,0,0,0,7,0,0,1,0,0
2020-05-20,0,0,15,1,0,0,0,0,0,0,0,0,205,0,0,1,1,0,4,0,0,57,0,0,0,0,0,0,0,0,0,0,0,3,0,1,0,0,1,0,1,0,1,0,0,0,0,1,0,0,0,1,2,0,1,1,0,0,0,0,0,0,0,1,0,0
2020-05-21,0,0,19,0,0,2,0,1,0,0,0,1,320,0,0,1,2,0,13,0,1,99,0,0,0,2,2,1,0,0,0,0,1,11,1,0,0,1,2,0,1,1,3,0,0,0,0,0,0,1,0,0,2,0,1,0,0,0,0,0,13,0,0,2,0,1
2020-05-22,1,0,7,0,0,0,0,2,0,1,0,0,251,0,0,0,1,0,6,0,5,81,0,0,0,0,2,0,1,0,0,0,0,0,0,0,0,3,3,0,0,2,1,0,0,0,0,0,1,1,0,3,2,1,1,0,1,0,0,2,8,1,0,2,1,0
2020-05-23,0,0,15,0,1,6,0,0,0,0,3,2,288,0,0,0,1,0,8,0,0,114,0,0,0,0,0,1,4,1,0,1,1,3,0,0,0,2,4,0,0,0,3,0,0,0,2,0,0,1,0,0,4,0,1,0,0,3,0,1,6,0,0,0,0,0
2020-05-24,0,0,17,0,0,0,0,0,0,0,1,1,230,1,0,0,1,1,9,0,2,73,0,0,1,0,0,1,1,0,2,1,2,1,0,0,0,0,6,0,1,0,0,0,0,0,1,0,1,0,0,0,2,0,3,0,0,1,0,0,0,1,0,1,0,0
2020-05-25,0,0,13,0,0,2,0,0,0,0,1,0,281,0,0,0,1,0,2,0,2,63,0,0,0,0,1,0,1,0,0,0,0,1,0,0,1,0,0,0,1,1,0,0,1,0,0,0,0,1,0,0,4,0,0,0,0,0,0,0,3,1,0,2,1,0
2020-05-26,1,0,6,0,0,1,0,4,0,0,0,0,317,0,0,1,2,0,6,0,1,99,1,0,3,3,1,2,1,0,1,0,0,8,0,0,2,2,4,0,0,0,4,0,0,0,0,2,0,2,1,0,8,1,1,0,0,0,0,0,5,0,0,2,0,0
2020-05-27,1,1,21,0,1,1,0,0,2,0,0,0,373,0,0,0,1,0,7,0,0,70,0,1,0,0,0,4,2,0,1,4,1,2,0,0,0,0,2,0,1,1,0,0,0,1,0,0,0,0,1,0,2,0,3,0,0,0,0,0,4,2,0,1,0,0
2020-05-28,0,0,17,0,1,0,0,2,0,0,2,0,397,0,0,0,8,0,6,0,1,92,1,0,0,0,0,3,5,0,1,0,0,4,0,0,2,0,8,0,1,1,0,0,0,0,0,0,0,0,0,0,2,1,0,0,1,0,0,1,4,2,1,0,0,0
2020-05-29,0,1,13,0,1,1,0,1,1,2,0,0,396,1,0,3,0,0,7,0,0,111,0,1,0,0,1,0,3,0,0,0,0,4,0,0,0,1,4,1,2,0,5,0,0,0,1,0,1,0,0,1,1,1,1,0,0,0,0,0,7,0,0,1,0,0
2020-05-30,1,0,9,0,0,0,0,2,0,0,0,1,430,0,0,0,0,0,13,0,0,105,2,0,0,0,1,1,1,0,0,1,1,0,0,0,1,0,3,1,0,3,4,0,0,0,0,1,0,1,0,1,0,0,1,0,0,0,0,2,12,0,0,2,0,1
2020-05-31,1,0,7,0,0,3,1,0,0,0,0,0,399,0,0,0,0,0,13,1,0,102,0,0,0,4,3,3,1,0,0,0,0,1,0,2,0,0,4,0,3,0,2,0,0,0,0,1,0,0,0,1,5,0,1,0,1,0,0,0,2,1,0,0,0,0
2020-06-01,1,0,6,0,1,6,0,5,1,0,1,1,377,0,0,0,2,0,14,1,1,112,2,0,0,1,6,0,0,0,0,0,0,6,0,0,1,0,7,0,1,2,3,0,0,0,1,1,1,0,0,2,0,0,1,0,0,0,0,0,4,0,1,3,0,3
2020-06-02,0,0,16,1,1,1,0,1,3,0,0,0,397,0,0,1,1,0,11,1,0,73,0,0,1,3,1,3,0,0,0,0,0,7,0,0,3,1,5,0,1,1,1,0,1,0,1,1,0,0,0,0,3,0,1,0,1,1,1,0,7,1,1,2,0,0
2020-06-03,0,2,16,0,0,3,1,3,2,0,1,0,371,0,0,0,0,0,4,0,1,96,0,4,0,0,0,1,1,1,1,0,0,7,0,0,2,7,3,0,1,1,4,0,0,0,0,0,1,0,0,0,3,0,0,0,0,0,0,2,8,1,1,3,0,2
2020-06-04,5,5,61,0,2,8,1,12,3,3,5,0,851,2,0,8,14,1,19,2,5,211,4,1,0,8,4,8,10,0,13,2,1,29,0,0,1,7,18,1,2,2,8,0,0,2,2,2,1,5,2,11,2,1,3,0,5,3,1,4,13,10,4,11,1,3
2020-06-05,17,2,175,0,7,30,2,25,9,3,4,5,1888,6,0,22,36,7,60,4,11,470,10,1,11,14,13,25,18,3,9,6,6,65,2,1,4,10,28,3,15,14,7,7,1,1,2,13,4,5,5,13,21,4,11,2,4,3,4,6,26,8,17,18,1,4
2020-06-06,7,5,93,0,7,14,0,15,4,1,6,3,1411,2,0,16,19,1,48,5,5,273,2,6,3,1,27,25,12,1,10,6,5,33,0,3,2,3,19,1,5,9,7,2,6,3,7,11,1,2,4,8,21,5,5,2,4,2,4,12,25,4,3,14,1,5
2020-06-07,14,1,77,2,7,13,4,15,2,2,2,2,1459,3,0,18,25,0,55,3,5,342,2,3,4,10,14,31,16,2,6,0,6,36,3,2,2,9,20,0,11,8,13,1,1,3,0,7,0,1,2,9,14,3,8,6,2,1,1,11,25,8,3,19,4,10
2020-06-08,17,3,59,5,5,21,4,12,4,5,7,8,1081,3,0,22,15,3,30,1,3,198,0,1,3,6,20,12,3,1,4,3,1,37,0,1,9,9,14,1,11,5,19,4,2,3,0,1,5,2,1,12,8,3,9,2,4,6,2,10,22,2,4,8,1,2
2020-06-09,3,3,55,1,4,21,0,12,1,1,2,5,869,0,0,6,14,1,24,3,1,178,1,3,3,0,4,8,2,1,7,6,3,22,1,0,4,2,11,4,2,7,9,0,1,0,2,5,0,0,3,12,5,3,19,1,0,2,1,3,24,5,2,11,1,4
2020-06-10,5,1,56,1,3,8,1,15,0,3,2,1,704,0,0,14,10,0,17,4,2,135,2,0,3,1,4,7,4,1,6,0,4,12,0,0,2,3,4,1,5,5,6,0,2,2,2,6,4,0,1,5,7,0,6,0,0,4,1,5,12,4,7,8,2,2
2020-06-11,4,4,46,4,4,6,0,4,1,3,1,1,608,0,0,12,9,3,18,2,3,101,1,0,3,3,2,5,3,1,3,2,1,22,0,1,2,2,10,2,3,2,4,0,0,1,0,3,0,2,2,4,10,3,2,1,0,2,0,1,10,5,1,9,0,1
2020-06-12,2,1,44,0,3,3,1,6,2,1,1,0,604,0,0,2,8,1,15,3,5,98,1,1,1,4,4,3,5,0,2,2,3,9,1,0,5,1,8,0,3,5,3,0,4,0,1,0,0,0,0,4,6,3,5,0,0,3,0,2,6,5,4,5,3,2
2020-06-13,11,2,24,0,3,5,3,5,1,1,3,4,497,0,0,8,10,0,9,3,5,97,0,0,3,0,10,5,3,0,1,0,3,7,5,1,4,0,9,0,3,6,4,0,5,1,3,1,1,1,2,1,10,0,1,2,0,0,1,3,6,4,1,6,1,2
2020-06-14,5,0,20,3,0,6,0,5,0,0,1,3,515,0,0,5,3,0,21,0,0,96,1,0,7,2,3,10,2,0,3,1,0,26,1,1,1,3,12,1,6,1,2,4,2,0,1,0,3,1,2,2,8,3,7,1,1,1,1,2,7,9,1,11,1,1
2020-06-15,6,0,24,2,0,8,0,4,2,1,2,1,583,0,0,4,10,0,9,4,1,100,2,1,2,3,4,4,3,0,2,2,0,17,0,2,1,4,3,1,2,2,2,0,0,0,3,10,2,1,0,0,6,2,4,4,0,1,0,2,5,6,0,11,0,0
2020-06-16,4,1,17,2,0,10,0,6,4,0,2,6,470,0,0,6,5,1,13,1,1,100,2,0,3,1,11,4,1,0,6,0,1,6,0,0,3,1,10,0,4,11,4,0,3,0,1,5,1,0,0,2,5,1,3,0,1,1,1,3,5,4,2,9,0,8
2020-06-17,2,2,12,1,6,7,0,9,0,0,0,1,479,0,0,8,0,0,9,1,0,87,2,1,2,2,7,3,2,1,3,1,3,11,1,2,6,2,13,1,5,1,6,0,1,0,0,3,2,0,3,2,6,3,2,0,2,0,0,5,6,4,1,4,0,4
2020-06-18,8,7,70,1,7,12,0,9,10,2,2,8,1256,5,0,18,18,5,46,4,8,321,6,5,8,7,16,16,4,1,9,6,6,18,4,2,3,8,23,4,16,6,9,3,2,4,3,3,4,3,4,21,8,8,9,0,1,5,0,8,20,22,2,11,0,8
2020-06-19,2,2,30,1,2,3,1,10,0,2,1,2,776,0,0,10,8,0,16,0,0,157,2,1,4,4,11,3,2,1,5,0,1,15,3,0,5,4,11,0,4,1,4,0,2,0,1,4,2,1,0,6,7,0,3,2,0,4,4,4,7,9,2,11,1,2
2020-06-20,4,5,20,4,3,3,0,4,1,3,4,3,667,1,0,10,8,0,12,0,4,129,1,1,5,0,14,4,6,0,2,2,4,9,1,1,3,4,5,0,9,1,2,0,1,0,3,0,2,2,1,9,11,3,5,0,3,2,1,2,7,6,5,6,1,4
2020-06-21,2,2,13,2,0,1,0,9,1,0,2,1,514,1,0,7,5,2,15,2,1,82,3,0,0,1,8,2,0,1,4,2,1,5,3,1,2,2,7,0,6,3,7,0,0,1,0,1,0,2,0,5,1,2,3,1,0,0,0,0,2,13,2,8,2,3
2020-06-22,10,1,23,0,1,0,1,8,2,2,1,2,550,2,0,4,10,4,4,1,2,108,6,9,0,1,4,1,2,0,3,0,0,10,2,1,0,2,1,0,4,2,6,1,2,0,3,5,4,0,5,9,3,3,5,0,2,2,0,2,5,2,0,2,1,2
2020-06-23,6,0,15,0,4,6,2,3,1,0,1,1,455,2,0,1,8,3,13,0,3,78,2,0,0,1,3,0,2,0,1,1,0,14,0,2,0,4,9,0,1,1,1,0,1,0,2,2,0,1,2,4,5,3,5,2,1,2,6,1,8,9,7,6,1,1
2020-06-24,2,0,19,2,3,3,0,6,0,0,2,2,454,1,0,4,2,0,7,0,1,77,1,2,0,0,11,4,0,0,6,2,1,17,0,1,2,2,9,1,3,2,6,0,3,0,2,4,0,2,0,6,5,2,4,0,0,1,1,0,5,10,1,3,0,1
2020-06-25,2,0,17,1,3,6,0,8,0,1,2,0,414,0,0,7,2,1,8,0,1,83,0,0,1,3,3,1,2,1,1,2,1,7,1,0,0,0,1,1,4,1,8,0,1,1,5,0,1,2,1,0,2,2,2,0,0,1,1,0,4,4,1,4,2,1
2020-06-26,3,4,27,1,0,4,1,3,0,0,2,0,407,0,0,2,10,0,4,3,4,59,2,1,1,1,3,0,1,0,1,0,0,6,0,1,2,2,2,0,7,1,3,0,1,0,0,4,0,1,2,7,2,0,0,0,0,3,0,6,2,6,3,4,2,1
2020-06-27,4,4,12,0,4,2,0,6,0,3,2,2,351,1,0,3,4,2,6,0,1,59,1,1,0,0,2,3,0,0,1,0,1,5,0,1,3,3,1,0,5,1,6,0,0,0,1,3,1,0,3,4,2,0,1,0,0,0,0,0,3,4,2,6,1,2
2020-06-28,5,3,9,0,1,3,0,2,1,1,0,2,312,1,0,0,3,1,4,0,1,80,1,1,0,2,2,1,4,1,3,0,1,3,0,0,1,4,3,1,6,2,2,0,1,1,0,3,0,0,5,2,1,3,2,2,1,0,0,8,3,3,3,4,1,0
2020-06-29,10,4,9,0,2,3,0,2,0,1,3,1,334,2,0,3,4,0,7,1,1,50,0,1,1,0,0,0,1,0,3,1,0,6,1,0,1,3,5,2,6,2,4,0,1,0,0,1,0,1,3,2,1,3,1,0,1,1,0,0,7,4,2,2,0,1
2020-06-30,5,2,6,2,2,3,1,3,1,0,3,0,313,0,0,1,2,1,4,0,1,49,1,2,0,6,6,0,0,0,1,2,0,7,0,2,3,1,5,0,0,1,0,2,0,0,0,1,0,0,2,2,0,1,5,0,0,1,0,1,2,5,2,1,0,1
2020-07-01,3,6,9,1,1,0,0,3,1,1,2,0,283,0,0,4,6,4,7,0,0,52,0,1,1,4,1,1,0,0,0,2,0,9,0,0,3,0,6,0,6,2,1,1,1,0,1,2,0,1,1,5,1,1,0,0,1,0,2,2,1,1,0,4,0,1
2020-07-02,1,0,5,0,2,2,0,0,0,2,1,0,223,1,0,2,1,0,3,0,1,36,0,0,2,2,3,1,0,1,4,3,0,4,1,2,1,1,4,3,6,2,0,0,0,0,1,0,0,0,0,3,4,0,0,0,0,2,0,0,3,1,1,6,0,1
2020-07-03,2,1,8,1,0,2,0,2,2,4,2,1,230,0,0,6,2,2,1,2,1,46,0,0,0,0,1,0,1,1,3,1,1,1,0,0,0,2,5,0,8,0,0,0,0,1,1,0,0,1,1,5,5,2,1,0,0,0,0,0,1,0,0,5,0,0
2020-07-04,3,0,6,0,3,0,0,2,0,1,0,1,257,0,0,0,3,0,6,0,0,62,1,1,1,0,2,1,0,0,1,0,0,8,0,2,3,2,1,0,3,0,1,0,0,0,0,1,1,4,0,0,2,0,1,0,0,0,0,1,0,0,1,3,1,2
2020-07-05,1,3,7,0,2,1,0,1,1,0,0,0,225,1,0,4,3,1,3,1,1,40,0,0,4,2,3,1,1,0,0,1,0,2,0,0,2,5,4,1,3,0,0,0,0,0,6,0,1,0,0,3,0,11,3,0,0,0,0,2,4,1,1,4,1,1
2020-07-06,2,0,7,2,4,2,1,5,0,0,0,0,256,1,0,1,2,0,6,0,1,39,1,0,0,0,1,0,0,1,0,0,1,0,0,1,4,0,1,2,4,1,0,0,0,0,1,0,1,1,4,0,1,0,2,1,0,4,1,1,2,0,4,6,0,0
2020-07-07,1,0,2,0,1,0,1,2,0,0,0,0,271,0,0,5,4,0,5,2,0,35,2,1,0,0,5,0,0,3,0,0,0,1,0,0,2,2,2,0,1,0,1,0,1,0,1,2,1,0,0,3,2,0,1,1,0,0,1,2,3,2,0,5,1,3
2020-07-08,2,2,5,3,7,0,0,2,0,1,0,0,247,0,0,1,3,0,5,1,0,39,4,0,1,0,7,0,1,0,0,0,0,15,0,0,3,2,2,1,4,0,3,0,0,0,0,1,4,0,0,1,0,0,1,0,0,0,1,0,4,0,2,1,0,0
2020-07-09,1,3,3,0,3,2,0,4,2,1,1,0,221,0,0,0,0,0,3,1,0,38,2,0,0,2,2,2,0,2,3,4,1,1,0,0,0,1,2,0,8,1,3,0,0,0,0,0,3,1,0,1,0,1,0,0,0,0,0,0,1,4,1,2,0,1
2020-07-10,0,6,4,0,0,2,0,2,1,1,1,1,236,1,0,1,3,1,3,1,0,40,0,0,0,1,1,1,0,0,2,0,1,3,0,1,2,0,2,2,7,1,1,0,0,0,0,2,1,3,1,4,1,0,0,0,0,0,0,0,0,0,1,1,1,3
2020-07-11,1,1,6,1,4,0,0,0,1,0,1,0,227,0,0,1,5,0,1,1,2,44,1,0,0,2,1,0,0,1,1,2,0,2,0,0,1,9,2,0,3,0,0,0,0,1,0,0,0,0,0,2,2,0,0,1,1,0,1,0,6,4,2,3,0,2
2020-07-12,1,0,4,0,1,0,0,5,0,0,0,0,220,0,0,1,0,0,3,0,1,26,2,0,0,0,3,0,1,1,2,0,1,2,1,1,1,0,1,0,5,1,0,0,0,0,2,0,0,0,1,3,0,1,0,0,0,1,2,0,5,1,1,2,0,0
2020-07-13,1,1,9,0,1,1,0,1,0,0,1,0,185,0,0,0,1,0,2,8,0,35,0,0,0,2,1,1,0,1,5,0,1,6,1,0,2,1,0,0,0,0,0,1,0,0,1,2,2,1,2,2,0,1,0,0,1,1,0,1,1,8,1,4,0,0
2020-07-14,0,4,4,0,1,0,1,4,4,1,0,0,207,0,0,0,1,0,7,1,0,31,0,0,0,1,3,0,5,0,4,0,0,1,1,0,1,4,2,0,2,0,2,0,1,0,1,0,2,0,0,3,1,0,2,0,0,0,1,0,1,1,0,4,0,0
2020-07-15,3,0,1,0,0,0,0,1,0,0,1,0,254,0,0,0,0,0,3,0,0,14,0,1,1,0,0,0,0,0,0,0,0,1,0,0,2,0,0,0,1,0,0,2,0,0,2,0,1,0,0,1,0,0,1,0,0,0,0,1,1,0,0,0,0,0
2020-07-16,0,0,0,0,5,0,0,0,1,0,0,0,259,0,0,0,0,0,0,0,0,16,3,1,0,5,0,0,0,2,1,0,0,0,0,0,2,1,0,0,1,0,0,0,0,0,0,0,0,0,1,2,2,1,1,0,0,0,0,0,2,2,0,2,0,0
2020-07-17,0,1,1,0,3,2,0,0,0,0,1,0,263,0,0,0,0,1,1,0,0,14,0,0,0,1,0,0,0,0,0,1,0,2,0,0,1,0,1,0,1,0,0,0,1,0,0,0,1,0,1,1,0,0,0,0,0,1,0,0,0,1,0,0,0,0
2020-07-18,0,0,0,0,0,1,0,0,0,0,0,1,228,0,0,0,0,1,1,0,0,16,0,0,0,2,1,1,0,0,0,0,0,2,0,1,1,1,0,0,1,0,0,0,0,0,0,0,2,0,0,3,1,0,0,0,0,2,0,0,0,1,0,0,0,0
2020-07-19,0,2,1,0,1,0,0,0,0,0,0,1,279,0,0,0,2,0,0,0,1,24,0,0,0,1,3,0,1,0,1,0,0,2,1,1,0,0,0,0,2,0,0,0,0,0,0,0,0,0,0,1,0,0,0,0,0,0,0,0,3,1,0,1,0,0
2020-07-20,0,1,2,0,0,0,1,1,0,2,0,1,223,0,0,0,0,0,1,0,0,13,0,0,0,0,1,0,1,0,0,0,0,0,1,0,0,0,3,0,0,1,1,0,2,0,0,1,1,0,2,2,0,0,1,0,0,0,0,0,0,1,0,1,0,1
2020-07-21,0,0,1,0,0,1,0,0,0,4,0,0,192,1,0,0,0,0,1,0,3,9,1,1,0,0,0,0,0,0,0,0,0,1,0,0,1,1,0,0,2,0,0,0,1,0,0,0,1,1,0,0,0,0,2,0,0,1,1,0,1,1,0,1,0,1
2020-07-22,0,0,0,1,3,2,0,0,0,0,0,0,192,0,0,0,1,0,1,0,0,18,1,1,0,0,0,0,0,0,0,0,1,1,0,0,0,0,2,0,0,0,0,0,2,0,0,0,0,0,3,2,0,0,0,0,0,0,0,0,0,0,0,0,0,0
2020-07-23,0,1,2,0,0,0,0,1,0,0,0,0,244,0,0,0,4,0,3,0,0,18,0,0,0,1,0,0,0,0,1,0,1,0,0,0,0,0,1,1,2,0,0,0,1,1,0,0,2,1,2,0,2,0,1,0,0,0,0,0,1,1,0,0,0,0
2020-07-24,0,0,1,0,0,0,0,2,0,1,1,0,212,0,0,3,0,0,0,0,1,29,0,2,0,3,0,0,0,0,0,0,0,2,0,0,0,1,1,1,0,1,1,0,0,0,0,1,2,2,0,0,0,0,1,1,0,0,0,1,0,0,0,0,0,0
2020-07-25,1,0,1,0,0,1,1,0,0,0,0,0,225,0,0,0,0,1,1,0,3,21,1,0,0,2,0,0,0,0,0,0,0,1,0,0,1,0,0,0,1,0,1,0,1,0,0,0,1,0,0,2,0,1,1,0,1,2,0,0,1,0,0,0,0,0
2020-07-26,1,3,1,1,3,0,0,1,0,0,2,0,248,0,0,0,1,0,2,0,0,16,0,0,1,1,0,0,0,1,0,0,0,2,0,0,1,0,0,0,0,0,0,1,1,0,0,0,0,0,0,0,0,0,2,0,0,0,2,0,0,0,0,0,0,0
2020-07-27,0,0,1,0,2,0,0,0,0,0,0,0,213,0,0,0,1,0,0,0,0,16,0,0,0,0,0,0,0,0,0,0,0,1,0,0,1,0,0,2,1,1,0,0,0,0,0,0,0,0,0,1,1,0,0,0,0,0,0,0,0,0,0,1,1,0
2020-07-28,0,0,1,1,0,0,0,3,0,0,0,0,213,0,0,0,1,2,0,1,0,13,0,0,0,0,1,0,0,1,2,1,0,0,0,0,0,0,3,0,0,0,0,0,0,0,0,2,0,0,1,2,0,0,0,0,0,0,0,0,2,0,0,1,0,0
2020-07-29,0,0,4,0,0,1,0,1,1,0,0,0,183,0,0,0,0,0,1,0,0,13,0,0,2,0,1,0,0,1,0,0,0,0,0,0,1,0,1,1,0,1,2,0,0,0,0,1,0,1,0,4,0,0,0,0,0,0,1,0,0,0,0,0,0,0
2020-07-30,0,0,1,0,1,0,0,0,0,0,0,0,207,0,0,1,1,0,1,0,0,17,0,0,0,0,0,0,1,1,0,1,0,3,0,0,1,0,1,1,0,0,0,0,0,0,0,0,0,0,0,0,0,0,1,0,0,0,0,0,1,1,0,0,0,0
2020-07-31,1,0,2,0,0,0,0,1,0,0,0,0,159,0,0,1,0,0,0,0,0,12,0,0,0,0,0,0,0,0,1,0,2,0,0,1,0,0,0,0,0,0,0,0,1,0,0,0,0,0,0,0,0,0,2,0,0,0,0,0,1,1,0,0,0,0
2020-08-01,0,0,1,1,0,1,0,0,0,1,0,1,170,0,0,0,0,0,0,0,1,13,1,1,0,1,0,0,0,0,0,0,0,2,0,0,0,0,0,0,0,0,0,0,0,0,1,0,0,0,0,1,1,0,0,0,0,0,0,0,1,1,0,1,0,0
2020-08-02,1,1,4,0,0,2,0,2,1,0,0,0,189,0,0,0,0,0,0,0,0,16,0,0,0,0,0,0,0,0,0,0,0,0,0,0,3,0,1,0,1,1,1,0,0,1,1,0,0,0,0,0,0,1,0,0,1,0,0,1,2,0,0,2,0,0
2020-08-03,1,1,1,0,2,0,0,0,0,0,0,0,215,0,0,0,0,0,0,0,0,18,0,1,0,0,0,0,0,1,0,0,0,0,0,0,1,1,0,0,2,0,0,1,0,1,0,3,0,0,0,1,2,2,0,0,0,1,0,0,1,0,0,1,0,0
2020-08-04,1,0,4,0,1,1,2,0,1,1,1,1,242,0,0,1,1,0,0,0,1,19,0,0,0,0,0,0,0,0,1,0,0,1,0,0,0,1,1,0,0,0,0,0,0,0,0,1,0,0,0,3,0,2,0,0,1,0,0,0,2,0,0,0,0,0
2020-08-05,0,0,3,0,2,0,0,3,0,1,0,0,236,0,0,0,1,0,2,0,2,22,0,0,0,0,0,0,0,0,0,0,0,0,0,0,3,2,0,0,0,0,3,0,0,0,0,0,0,0,0,0,1,0,2,1,0,0,0,0,1,0,0,2,0,0
2020-08-06,1,0,3,0,2,0,0,0,0,0,1,0,224,0,0,0,4,1,1,0,0,10,1,2,0,0,0,0,0,0,0,0,0,1,0,0,0,0,0,0,0,0,0,0,0,0,0,1,0,0,0,0,0,0,0,0,0,0,0,0,0,0,0,1,0,0
2020-08-07,1,0,2,2,0,2,0,1,1,1,1,0,256,0,0,0,0,0,0,0,1,19,0,1,1,0,1,0,0,0,1,2,1,0,0,0,0,0,1,1,0,0,0,1,0,1,1,0,3,0,0,2,0,1,0,0,0,0,1,0,1,0,1,0,0,0
2020-08-08,0,1,0,0,4,1,2,0,1,0,0,0,191,0,0,0,1,0,1,0,1,16,0,1,1,0,0,0,0,2,0,1,0,0,0,1,0,1,1,0,0,0,0,0,0,1,0,1,1,1,0,2,0,0,0,0,1,0,1,0,1,0,0,0,0,0
2020-08-09,0,0,0,0,0,0,1,1,1,0,0,0,155,1,0,2,0,1,0,0,0,14,0,0,0,0,0,0,1,0,0,1,0,1,0,4,1,0,0,0,0,0,0,1,0,0,0,0,1,3,0,0,0,0,0,0,0,0,0,1,0,0,0,1,0,0
2020-08-10,0,0,5,0,0,0,0,1,0,0,0,0,190,0,0,0,0,0,1,3,0,27,0,0,0,1,2,0,0,0,1,0,0,2,0,0,3,1,2,0,0,0,0,0,0,2,0,0,0,0,0,1,0,0,0,0,0,1,0,0,1,1,0,0,0,0
2020-08-11,0,1,0,1,0,1,1,0,0,0,0,0,192,0,0,0,2,0,0,0,0,18,0,0,0,0,0,1,0,0,1,0,0,0,0,0,0,1,1,0,0,0,0,0,0,2,0,0,1,1,1,0,1,0,1,0,1,0,0,1,0,0,1,0,0,0
2020-08-12,1,0,0,1,0,0,0,0,0,0,0,0,156,0,0,0,0,1,1,0,0,24,0,1,0,0,0,0,0,0,0,0,0,1,0,0,1,0,0,0,0,0,0,0,0,2,0,0,0,0,0,3,0,1,0,0,0,0,1,1,0,0,0,0,0,1
2020-08-13,0,0,3,0,0,0,0,1,0,0,0,0,154,0,0,0,1,0,0,0,1,11,1,0,0,2,0,0,1,0,0,1,0,1,0,0,1,2,0,0,0,0,0,1,0,0,1,1,0,0,0,1,0,0,1,0,0,0,0,1,0,1,0,0,0,1
2020-08-14,0,1,1,0,2,1,0,1,1,0,0,0,138,0,0,0,1,0,1,0,0,17,0,0,0,1,0,0,0,1,0,0,0,1,0,0,0,0,1,0,0,0,0,0,0,1,0,1,0,0,1,0,0,0,0,0,0,0,0,0,3,0,0,0,0,0
2020-08-15,0,0,0,1,0,0,0,0,0,0,0,0,145,0,0,0,0,0,0,0,1,10,0,0,0,0,1,0,1,0,2,0,0,0,0,1,3,0,5,1,1,0,0,0,0,0,0,0,0,0,0,0,0,0,0,0,0,0,0,0,0,3,0,1,0,0
2020-08-16,0,0,1,0,1,0,0,1,0,1,0,0,161,0,0,2,1,0,0,0,0,16,3,0,0,1,0,0,0,1,1,0,0,0,0,0,1,0,0,0,0,0,0,0,0,0,0,0,0,1,0,1,0,1,1,0,0,0,2,0,0,3,1,1,0,0
2020-08-17,1,0,2,0,0,2,1,0,0,0,0,0,151,0,0,1,0,0,1,0,0,15,0,0,0,1,0,0,0,0,0,0,0,0,0,1,1,2,5,0,0,0,1,1,0,0,0,0,1,0,0,0,0,0,0,0,0,1,0,0,3,0,0,0,0,0
2020-08-18,1,0,1,0,0,0,0,0,0,0,0,0,164,0,0,0,0,0,1,0,0,26,0,0,0,1,0,0,0,0,0,0,0,4,0,0,0,0,2,0,0,0,0,1,0,1,0,3,0,0,0,1,0,0,0,0,0,0,0,0,0,0,0,0,0,0
2020-08-19,0,0,0,0,0,0,0,0,0,0,0,0,153,0,0,0,0,1,1,0,1,26,0,1,1,2,0,0,0,0,1,0,0,2,0,1,0,1,0,0,0,0,0,0,0,0,0,0,0,0,0,2,1,1,1,0,0,0,0,0,1,1,2,0,0,0
2020-08-20,0,0,1,0,0,0,0,3,0,0,2,0,148,0,0,2,0,0,0,0,0,36,2,0,0,0,0,0,1,0,0,0,0,0,0,1,0,0,0,0,0,0,1,0,0,1,0,1,0,1,0,1,0,0,0,0,0,0,0,0,0,2,0,0,0,0
2020-08-21,0,0,0,0,1,0,0,1,0,0,1,0,156,0,0,1,1,1,0,0,0,16,2,1,1,0,0,0,0,0,0,0,0,0,0,0,0,0,1,1,0,0,1,0,0,0,1,0,0,0,0,0,0,0,1,0,0,0,0,0,0,0,0,0,0,0
2020-08-22,0,0,0,2,0,0,0,1,0,0,0,0,152,0,0,0,0,0,1,0,0,14,0,0,1,0,0,1,0,1,1,0,0,0,0,0,0,1,4,0,1,0,0,0,0,1,0,0,0,0,0,0,1,0,0,0,0,0,1,0,0,0,0,0,0,0
2020-08-23,0,1,1,0,0,0,1,1,1,0,0,0,156,0,0,1,0,0,0,0,0,23,0,0,0,2,0,0,0,1,0,0,0,0,0,0,0,0,0,0,0,0,0,0,0,0,0,0,0,0,0,0,0,0,0,0,0,0,0,0,1,0,0,0,0,0
2020-08-24,0,0,1,0,0,1,0,0,0,0,2,0,194,0,0,0,0,0,0,0,0,23,0,0,0,0,1,0,0,0,0,0,0,1,0,0,1,1,0,0,1,0,0,0,0,0,1,0,0,1,0,0,0,0,1,0,0,0,0,0,0,1,0,0,0,0
2020-08-25,1,1,1,0,1,0,0,0,0,0,0,0,180,0,0,1,0,0,0,0,0,22,0,0,0,0,1,0,0,0,1,0,0,0,0,4,1,0,0,0,0,0,0,0,0,0,0,0,0,0,0,1,0,0,0,0,0,0,0,0,0,0,0,1,0,0
2020-08-26,0,0,1,0,0,0,0,1,0,0,0,0,186,0,0,1,3,0,0,0,0,32,2,0,0,0,1,0,0,0,0,0,0,3,0,0,0,2,0,0,0,2,0,0,0,0,0,0,0,0,0,2,0,0,0,0,0,0,0,0,3,1,0,0,0,1
2020-08-27,0,0,2,0,1,1,0,0,0,0,0,0,177,0,0,2,2,0,0,0,0,20,0,0,0,0,0,0,0,0,0,0,0,2,0,0,0,2,1,0,0,0,0,0,0,0,0,0,0,0,0,1,0,0,0,0,0,0,0,0,0,0,0,0,0,0
2020-08-28,0,0,2,0,0,0,0,0,0,0,0,1,179,1,0,2,0,0,1,0,0,18,0,0,0,0,0,0,0,0,0,0,0,2,0,0,0,1,1,0,1,0,0,0,1,0,0,0,0,0,0,0,0,1,1,0,0,0,1,0,1,0,0,0,0,0
2020-08-29,0,0,2,0,0,0,1,0,0,0,0,0,249,0,0,0,1,0,0,0,1,41,0,0,1,0,0,0,0,0,0,0,0,0,0,0,0,0,1,0,2,0,1,0,0,0,0,0,0,0,0,0,1,0,2,0,0,0,0,0,1,0,0,0,1,1
2020-08-30,1,0,1,0,0,1,0,0,0,0,0,0,212,0,0,0,1,0,1,0,1,27,0,0,0,1,0,0,0,2,1,0,0,1,0,0,1,0,3,0,0,0,0,0,0,1,0,0,1,1,0,0,1,0,1,0,0,0,1,0,0,0,0,2,0,1
2020-08-31,1,0,5,0,1,0,0,0,0,0,0,1,226,1,0,3,0,0,1,0,2,36,0,0,0,0,0,0,0,0,0,0,0,0,0,0,0,0,0,1,0,0,0,0,0,1,0,1,0,0,0,0,1,0,0,1,0,0,0,0,1,1,0,0,0,0
2020-09-01,0,0,2,0,0,0,0,1,0,0,0,0,222,0,0,1,0,0,0,0,0,36,0,2,0,0,0,0,0,0,1,1,0,1,0,0,1,0,0,0,0,0,0,2,0,0,1,0,0,0,0,0,0,0,1,0,0,1,0,0,1,0,0,1,0,1
2020-09-02,0,1,2,0,0,0,0,0,0,0,0,0,243,0,0,1,0,0,0,0,0,37,0,0,0,0,0,0,2,0,0,0,0,0,0,0,0,2,0,0,0,0,0,0,0,0,0,0,0,0,0,0,2,0,0,0,0,1,0,0,0,1,0,0,0,0
2020-09-03,0,0,0,0,1,0,0,0,0,0,0,0,177,0,0,0,2,0,2,0,1,37,0,0,0,1,0,1,0,0,0,0,0,0,0,0,0,1,0,0,0,2,0,0,0,0,0,0,1,0,1,0,0,0,0,0,0,0,0,0,1,0,0,0,0,0
2020-09-04,1,0,2,0,0,0,0,2,1,0,0,4,239,1,0,0,1,0,1,0,0,31,0,1,0,2,0,0,1,0,0,1,0,2,0,0,1,3,0,0,0,0,0,1,0,0,0,0,0,0,0,1,1,0,2,0,0,1,0,0,2,0,0,0,0,0
2020-09-05,0,1,0,1,0,0,0,1,1,0,2,0,231,0,0,0,1,0,2,0,0,34,0,0,1,1,0,0,0,0,0,1,0,0,0,0,1,1,1,0,0,0,2,0,0,0,0,0,0,0,0,0,1,0,1,0,0,0,0,0,1,0,0,2,0,0
2020-09-06,0,0,3,0,0,0,0,1,1,0,0,0,221,0,0,2,0,0,1,0,0,25,0,1,0,0,0,0,1,0,2,0,0,0,0,0,0,0,1,1,0,2,0,1,0,0,0,0,0,0,0,0,0,1,0,0,0,0,0,0,2,0,1,0,0,0
2020-09-07,1,0,1,0,0,0,0,0,0,0,0,1,235,0,0,2,2,0,1,0,1,19,0,0,0,0,0,3,0,0,1,0,0,0,0,1,1,0,0,0,1,1,0,0,1,0,0,1,0,0,1,0,0,0,1,0,1,0,0,0,1,0,1,1,0,0
2020-09-08,0,0,2,0,0,0,0,1,0,0,1,0,258,0,0,1,3,0,0,0,0,27,0,0,2,0,1,1,0,0,0,0,0,1,0,0,0,0,3,1,0,1,0,2,0,0,0,1,0,0,0,3,0,0,0,0,0,0,0,0,1,0,0,1,0,0
2020-09-09,0,0,2,0,0,0,0,0,3,0,0,0,206,0,0,0,1,0,1,0,1,31,0,0,0,1,0,1,0,0,0,0,0,1,0,0,0,1,2,0,0,0,0,0,0,0,0,0,1,0,1,1,0,0,2,0,0,0,0,0,3,1,0,1,0,0
2020-09-10,1,0,5,0,0,0,0,0,0,0,1,0,181,0,0,0,0,1,1,1,2,17,0,0,0,0,1,3,0,0,0,1,0,0,0,0,1,0,2,0,0,0,1,0,0,0,0,0,0,0,0,0,1,1,1,0,0,0,0,0,1,0,0,0,0,0
2020-09-11,0,0,4,0,0,1,0,0,0,0,0,0,154,0,0,0,1,0,0,0,1,19,0,0,0,0,0,1,1,0,0,0,0,0,0,0,0,1,4,0,0,0,0,0,0,0,0,0,0,0,0,0,0,0,0,0,1,0,0,0,0,0,0,1,0,0
2020-09-12,0,0,4,0,1,0,0,2,0,0,1,0,150,0,0,0,1,0,2,0,0,10,1,0,0,1,1,1,1,1,1,0,0,0,0,0,0,0,3,0,0,0,1,0,0,0,0,0,1,0,0,0,0,1,1,0,0,1,0,0,2,0,0,0,0,1
2020-09-13,0,0,1,0,0,0,0,1,0,0,1,0,135,0,0,1,0,0,3,0,0,15,0,0,0,0,0,1,0,0,0,0,0,2,0,0,0,0,0,0,0,0,2,1,0,0,0,0,0,0,0,0,0,0,1,0,0,0,0,0,1,0,0,0,0,0
2020-09-14,1,0,2,0,0,0,0,2,0,0,0,1,124,0,0,0,0,0,0,0,0,13,2,2,1,0,3,0,0,0,0,0,0,0,0,0,0,0,1,0,0,0,0,0,0,0,0,0,0,1,0,0,0,0,0,0,1,0,2,0,0,0,0,1,0,0
2020-09-15,0,0,2,0,0,0,0,0,1,0,0,0,125,0,0,2,2,0,1,0,0,18,0,0,0,0,0,0,0,0,1,0,0,0,0,0,1,0,0,0,1,0,0,0,0,0,1,0,0,0,0,2,0,0,0,0,0,0,0,0,1,0,0,0,0,0
2020-09-16,0,0,0,0,0,0,0,1,0,0,0,0,117,0,0,0,0,0,1,0,0,16,0,0,1,0,0,0,0,0,2,0,0,0,0,1,0,0,0,0,0,0,1,1,0,0,0,0,0,0,0,0,0,0,1,0,0,1,0,0,2,0,0,0,0,0
2020-09-17,2,0,2,0,0,0,0,0,0,1,0,0,112,0,0,1,0,1,0,1,0,21,0,0,0,1,2,0,0,0,1,0,0,0,0,0,0,0,2,0,0,0,1,0,0,0,0,0,0,0,0,0,0,0,1,0,0,0,3,0,1,1,1,1,0,0
2020-09-18,2,0,1,0,0,0,0,1,0,0,0,0,125,0,0,0,0,0,1,0,0,15,0,1,0,0,3,0,1,0,0,1,0,0,0,0,0,2,0,0,0,0,1,0,0,0,0,4,0,2,0,0,0,0,0,0,0,0,0,0,0,1,0,1,0,0
2020-09-19,0,0,0,0,0,2,0,0,0,0,0,0,116,0,0,0,1,1,0,0,0,13,0,0,0,0,0,0,0,0,0,1,0,0,0,0,0,1,1,0,1,0,1,0,1,0,0,0,0,0,0,1,1,0,0,0,0,0,0,0,0,0,0,1,0,0
2020-09-20,0,0,1,0,0,0,0,0,0,0,0,1,94,0,0,1,0,0,0,1,0,9,1,1,0,0,0,0,0,0,0,0,0,1,0,0,0,0,1,0,0,0,0,0,0,0,0,0,1,0,0,1,1,0,0,0,0,0,0,0,0,0,0,0,0,0
2020-09-21,0,0,1,0,0,0,0,1,1,0,0,0,103,0,0,0,0,0,1,0,1,12,0,0,0,0,0,0,1,0,1,0,0,1,0,0,0,2,1,0,0,0,1,0,1,0,0,0,0,0,0,1,2,2,2,0,0,0,0,0,2,1,0,2,0,0
2020-09-22,0,0,0,1,0,1,0,0,0,0,0,1,102,0,0,1,0,0,0,0,0,9,0,0,0,0,1,0,0,1,0,0,0,1,0,2,1,0,0,0,0,0,0,1,0,0,0,0,0,0,2,2,0,0,0,0,0,0,0,0,0,0,0,0,0,0
2020-09-23,0,0,0,0,0,0,0,0,0,0,0,0,60,0,0,0,0,0,1,0,1,7,3,0,0,0,0,0,0,0,1,0,0,1,0,1,0,1,0,0,0,0,0,0,0,0,0,0,0,0,0,1,0,0,2,0,0,0,0,0,0,0,0,0,0,0
2020-09-24,0,0,0,0,0,1,0,0,0,0,0,0,91,0,0,0,0,0,0,0,0,7,0,0,0,1,1,0,0,0,0,1,0,0,0,0,0,0,0,0,0,0,0,1,0,0,0,0,0,0,0,0,1,0,0,0,0,0,0,2,0,0,0,0,0,0
2020-09-25,0,0,0,0,0,0,0,0,0,0,0,1,83,0,0,0,0,0,0,0,0,9,0,0,0,0,0,0,0,1,1,0,0,0,0,0,0,0,0,0,0,1,0,0,0,0,0,0,0,1,0,0,0,0,0,0,0,0,0,0,0,0,0,0,0,0
2020-09-26,0,0,0,0,0,0,0,1,0,0,0,0,56,0,0,1,0,0,0,0,0,9,1,0,0,0,0,0,1,0,1,0,0,0,0,0,0,0,0,0,0,0,0,0,0,0,0,0,0,0,0,0,1,0,0,0,0,0,0,0,1,1,0,0,0,0
2020-09-27,0,0,0,0,0,1,0,1,0,0,0,0,83,0,0,0,0,0,1,0,0,6,0,1,1,0,0,0,0,0,0,0,0,0,0,0,0,0,1,0,0,0,1,0,0,1,0,0,0,0,0,0,0,0,0,0,0,0,0,0,0,0,0,0,0,0
2020-09-28,1,0,0,0,0,1,0,0,0,0,0,0,77,0,0,0,0,0,1,0,0,6,0,0,0,0,0,0,0,0,1,0,0,0,0,0,0,0,0,0,0,0,0,0,0,0,0,0,0,0,0,0,0,0,0,0,0,0,0,0,0,1,1,0,0,0
2020-09-29,0,0,0,0,0,0,0,0,0,0,0,1,66,1,0,0,0,0,3,0,0,11,0,1,0,0,0,0,0,0,1,0,0,2,0,0,0,0,0,0,0,0,0,0,0,0,0,0,2,0,0,0,0,0,0,0,0,0,0,0,0,0,0,0,0,0
2020-09-30,0,0,0,0,0,0,0,1,0,0,0,0,55,0,0,0,0,0,1,0,0,12,0,0,0,1,0,2,0,0,0,0,0,0,0,0,0,0,0,0,0,0,0,0,0,0,0,1,0,0,0,0,0,0,0,0,0,0,0,0,0,0,0,1,0,0
2020-10-01,0,0,0,0,1,0,0,2,0,0,0,1,66,0,0,0,0,0,1,0,0,4,1,0,0,0,0,1,0,0,0,0,0,0,0,0,0,0,0,0,0,0,0,0,0,0,0,0,0,0,0,1,0,0,0,0,0,0,0,0,0,1,0,0,0,0
2020-10-02,1,0,1,0,0,0,0,0,0,0,0,0,40,0,0,0,0,0,0,0,0,10,0,1,0,0,0,0,2,0,0,0,0,0,0,0,2,0,0,0,0,0,0,0,0,1,0,1,0,0,0,0,0,1,0,0,0,0,0,0,0,0,0,1,0,0
2020-10-03,0,0,0,0,0,0,0,0,0,0,0,0,50,0,0,0,0,0,0,0,0,13,0,0,0,0,0,0,0,0,0,0,0,0,0,0,0,1,0,0,0,0,0,0,0,1,0,0,0,0,0,2,0,0,0,0,0,0,0,0,1,0,0,0,0,0
2020-10-04,0,0,0,0,0,0,0,0,0,0,0,0,65,0,0,0,2,0,1,0,0,12,0,0,0,0,0,0,0,0,0,0,0,1,0,1,0,0,0,0,0,0,0,0,0,0,0,0,0,0,0,0,0,0,0,0,0,0,0,0,1,0,0,0,0,0
2020-10-05,0,0,0,0,0,0,0,0,0,0,0,0,39,0,0,1,0,0,0,0,0,7,0,0,0,1,0,0,0,0,0,0,0,0,0,0,0,0,0,0,0,0,0,0,0,0,1,0,0,0,0,0,0,0,0,0,0,0,0,0,2,1,0,0,0,0
2020-10-06,0,0,3,0,0,1,0,0,0,0,0,0,65,0,0,0,0,0,0,0,0,9,0,0,0,1,0,0,0,0,0,0,0,0,0,0,0,1,0,0,0,0,0,0,1,0,0,0,0,0,0,0,0,0,0,0,0,0,0,0,4,0,0,0,0,0
2020-10-07,0,0,1,0,0,0,0,0,0,0,0,0,59,0,0,0,0,0,3,0,0,8,0,0,0,0,0,2,0,0,0,0,0,0,0,0,0,0,0,0,0,0,0,0,0,1,0,0,0,0,0,0,0,0,0,0,0,0,0,0,2,1,0,0,0,0
2020-10-08,0,0,1,0,0,0,0,0,0,0,0,0,60,0,0,0,0,0,0,0,0,6,0,0,0,0,0,0,0,0,0,0,0,0,0,0,0,1,1,0,0,0,0,0,0,0,0,0,0,0,0,0,0,0,0,0,0,0,0,0,0,0,0,0,0,0
2020-10-09,0,0,1,0,0,0,0,0,0,0,0,0,45,0,0,0,0,0,0,0,0,8,0,0,0,0,0,0,0,0,0,0,0,0,0,0,0,0,0,0,0,1,0,0,0,0,0,0,0,0,0,0,0,0,0,0,0,1,0,0,0,0,0,0,0,0
2020-10-10,0,0,0,0,0,0,0,1,0,0,0,0,57,0,0,0,1,0,0,0,0,10,0,0,0,0,0,0,0,0,1,0,0,0,0,0,0,0,0,0,0,0,0,0,0,0,0,0,0,0,0,0,0,0,0,0,0,0,0,0,0,0,0,0,0,0
2020-10-11,0,0,0,1,0,1,0,0,0,0,0,0,32,0,0,0,0,0,0,0,0,6,0,0,0,0,0,0,0,0,0,0,0,0,0,0,0,0,0,0,0,0,0,0,0,0,0,0,0,0,0,0,0,0,1,0,0,0,0,0,0,0,0,1,0,0
2020-10-12,0,0,0,0,0,0,0,0,2,0,0,0,71,0,0,2,0,0,1,0,0,13,0,0,0,0,0,0,0,0,0,0,0,1,0,0,1,1,0,0,0,0,0,0,0,0,0,0,1,0,0,0,0,0,0,0,0,0,0,0,0,0,0,0,0,0
2020-10-13,0,0,1,0,0,0,0,0,0,0,0,0,54,0,0,0,0,0,0,0,0,14,0,0,0,0,1,0,0,0,0,0,0,0,0,0,0,0,0,0,2,0,0,0,0,0,0,0,0,0,0,0,0,0,0,0,0,0,0,0,0,0,0,0,0,1
2020-10-14,0,0,0,0,0,0,0,0,0,0,0,0,68,0,0,0,0,0,0,0,0,13,0,0,0,0,1,0,0,0,0,0,0,0,0,0,0,0,0,0,0,0,0,0,0,0,0,0,0,0,0,0,0,0,0,0,0,0,0,0,0,0,0,0,0,0
2020-10-15,0,0,1,0,0,0,1,0,0,0,0,0,46,0,0,0,0,0,0,0,0,8,0,0,0,0,0,0,0,0,0,0,0,0,0,0,1,0,2,0,0,0,0,0,0,0,0,0,0,0,0,0,0,0,0,0,0,0,0,0,1,0,0,0,0,0
2020-10-16,0,0,0,0,0,0,0,0,0,0,0,0,50,0,0,0,0,0,0,0,0,9,0,0,0,0,0,0,0,0,0,0,0,0,0,0,0,0,0,0,0,0,0,0,0,0,0,0,0,0,0,0,0,0,0,0,0,0,0,0,0,0,0,0,0,0
2020-10-17,0,0,0,0,0,0,0,0,0,0,0,0,41,0,0,0,0,1,0,0,0,7,0,0,0,0,0,0,0,0,1,0,0,0,0,0,0,0,0,0,0,0,0,0,0,0,0,0,0,0,0,0,0,0,0,0,0,0,0,0,1,0,0,0,0,0
2020-10-18,0,0,2,0,0,0,0,0,1,0,0,0,61,0,0,0,0,0,1,0,0,9,0,0,0,0,0,0,0,0,0,0,0,0,0,0,0,1,0,0,0,2,0,0,0,0,0,0,1,0,0,0,0,0,0,0,1,1,0,0,1,0,0,0,0,0
2020-10-19,0,0,2,2,0,0,0,0,0,0,0,0,54,0,0,0,0,0,1,0,0,12,0,0,0,1,0,0,0,0,0,0,0,0,0,0,0,0,1,0,0,0,0,0,0,0,0,0,0,1,1,0,0,0,0,0,0,0,0,0,0,0,0,0,0,0
2020-10-20,0,0,1,0,0,1,0,0,0,0,0,0,51,0,0,0,0,0,0,0,0,10,0,0,0,0,0,0,0,1,0,0,0,1,0,0,1,0,0,0,0,0,0,0,0,0,0,0,0,1,0,0,0,0,0,0,0,0,0,0,0,0,0,0,0,0
2020-10-21,0,0,0,0,0,0,0,0,0,0,0,0,83,0,0,0,0,0,1,0,0,8,0,0,1,0,0,0,0,0,0,0,0,0,0,0,0,0,0,0,0,0,1,0,0,0,0,0,0,1,0,0,0,0,0,0,0,0,0,0,0,0,0,0,0,0
2020-10-22,0,0,0,0,0,0,0,0,0,0,0,0,52,0,0,0,0,0,0,0,0,7,0,0,0,0,0,0,0,0,0,2,0,0,0,0,0,0,1,0,0,0,0,0,0,0,0,0,0,0,0,0,1,0,0,0,0,0,0,0,0,0,0,0,0,0
2020-10-23,0,0,0,0,0,0,0,0,0,0,0,0,38,0,0,0,0,0,0,0,0,5,0,0,0,0,0,0,0,0,0,0,0,1,0,0,1,0,1,0,0,0,0,0,0,0,1,0,0,1,0,0,0,0,0,0,0,0,0,0,0,0,0,0,0,0
2020-10-24,0,0,0,0,0,0,0,0,0,0,0,0,56,0,0,0,0,0,0,0,0,7,0,0,0,0,0,0,0,0,0,0,0,0,0,0,0,0,0,0,0,0,0,0,0,0,0,1,1,0,0,0,0,0,0,0,0,0,0,0,0,0,0,0,0,0
2020-10-25,2,0,1,0,0,0,0,0,0,0,0,0,41,0,0,0,0,0,0,0,0,6,0,0,0,0,0,0,0,0,0,0,0,0,0,0,0,0,0,0,0,1,0,0,0,0,0,0,0,0,0,0,0,0,0,0,0,0,0,0,1,0,0,0,0,0
2020-10-26,0,0,0,0,0,0,0,0,0,0,0,0,41,0,0,0,0,0,0,1,0,8,0,0,0,0,0,0,0,0,0,0,0,0,0,0,0,0,0,0,0,0,0,0,0,0,0,0,0,0,0,0,0,0,0,0,0,0,0,0,0,0,0,0,0,1
2020-10-27,0,0,1,0,0,0,0,0,0,0,0,0,44,0,0,0,1,0,0,0,0,4,0,0,0,0,0,0,0,0,0,0,0,0,0,0,0,0,0,0,0,0,0,0,0,0,0,0,0,0,0,0,0,0,0,0,0,0,0,0,0,0,0,0,0,0
2020-10-28,0,0,1,0,0,0,0,0,1,1,0,0,68,0,0,0,0,0,0,0,0,10,0,0,0,0,0,0,0,0,0,0,0,0,0,0,0,0,0,0,0,1,0,1,0,0,0,0,0,0,0,0,0,0,0,0,0,0,0,0,1,0,0,0,0,0
2020-10-29,0,0,0,0,0,0,0,0,0,0,0,0,67,0,0,0,0,0,2,0,0,7,0,0,0,0,0,0,0,0,0,0,0,0,0,0,0,0,0,0,0,0,0,0,0,1,0,0,0,0,0,0,1,0,0,0,0,0,0,0,1,0,0,2,0,0
2020-10-30,0,0,0,0,0,0,0,0,0,0,1,0,60,0,0,0,0,0,0,0,0,3,0,0,0,0,0,0,0,0,0,1,0,0,0,0,0,0,2,0,0,0,0,0,0,0,0,0,0,0,0,0,0,0,0,0,0,0,1,0,0,0,0,0,0,0
2020-10-31,1,0,2,0,1,0,0,0,0,0,0,0,63,0,0,0,0,0,0,0,0,11,0,0,0,0,0,0,0,0,0,0,0,2,0,0,0,0,0,0,0,1,0,0,0,1,0,0,0,0,0,0,0,0,0,0,0,0,0,0,0,0,0,0,0,0
2020-11-01,1,0,0,0,0,0,0,1,0,0,0,0,60,0,0,0,0,0,1,0,0,11,0,0,0,0,0,0,0,0,2,0,0,0,0,0,1,1,1,0,0,0,0,0,0,0,1,0,0,0,0,0,0,0,0,0,0,0,0,0,0,0,0,0,0,0
2020-11-02,0,0,1,0,1,0,0,0,0,0,0,0,67,0,0,1,0,0,2,0,0,10,0,0,0,0,0,0,0,0,0,0,0,0,0,0,0,0,0,0,0,0,0,0,0,0,0,0,0,0,0,0,0,0,0,0,0,0,0,0,0,0,0,0,0,0
2020-11-03,0,0,1,0,0,0,0,0,0,0,0,0,65,0,0,0,1,0,0,0,0,14,0,0,0,0,1,1,0,0,0,0,0,0,0,0,0,0,0,0,0,0,0,1,0,0,0,0,0,0,0,1,0,0,0,0,0,0,0,0,0,0,0,0,0,0
2020-11-04,0,0,2,0,0,0,0,0,0,0,0,0,47,0,0,2,0,0,0,0,0,12,1,0,1,0,0,0,0,0,0,0,0,0,0,0,0,0,0,0,0,0,0,0,0,0,0,0,0,0,0,0,0,0,0,0,0,0,0,0,0,0,0,0,0,0
2020-11-05,0,0,0,0,0,0,0,0,0,0,0,0,41,0,0,0,0,0,0,0,0,12,1,0,0,0,0,0,0,0,0,0,0,0,0,0,0,0,0,0,0,0,0,0,0,0,0,1,0,0,0,0,0,0,0,0,0,0,0,0,0,0,0,0,0,0
2020-11-06,0,0,0,0,0,0,0,0,0,0,1,0,52,0,0,0,0,0,0,0,0,10,0,0,0,0,0,0,0,0,0,0,0,0,0,0,0,0,0,0,0,0,0,0,0,0,0,0,0,2,0,1,1,0,0,0,0,0,0,0,0,0,0,0,0,0
2020-11-07,0,0,0,0,0,0,0,0,0,0,0,0,50,0,0,0,0,0,0,0,0,5,0,0,0,0,0,0,0,0,0,0,0,0,0,0,0,0,0,0,0,0,0,0,0,0,0,0,0,0,0,0,0,0,0,0,0,0,0,0,1,0,0,0,0,0
2020-11-08,0,0,0,0,0,0,0,0,0,0,0,0,47,0,0,0,0,0,0,0,0,8,0,0,1,0,0,0,0,0,0,0,0,0,0,0,0,0,0,0,0,0,1,0,0,0,0,0,0,0,0,0,0,0,0,0,0,0,0,0,0,0,0,0,0,0
2020-11-09,0,0,0,0,0,0,0,0,0,0,0,0,67,0,0,1,0,0,1,0,0,13,0,0,0,0,0,0,0,1,0,0,0,0,0,0,0,0,0,0,0,0,0,0,0,0,0,1,0,0,0,0,0,0,0,0,1,0,0,0,0,0,0,1,0,0
2020-11-10,0,0,1,0,0,0,0,2,0,0,0,0,48,0,0,0,0,0,1,0,0,8,0,0,0,0,0,0,0,0,0,0,0,1,0,0,0,0,0,0,0,0,0,0,0,0,0,0,0,0,0,0,0,0,0,0,0,0,0,0,0,0,0,0,0,0
2020-11-11,0,0,1,0,0,0,0,0,0,0,0,0,71,0,0,0,0,0,0,0,0,6,0,0,0,0,0,0,0,0,1,0,0,0,0,1,0,0,0,0,0,0,0,0,0,0,0,0,0,0,0,0,0,0,0,0,0,0,0,0,0,0,0,0,1,0
2020-11-12,0,0,0,0,0,0,0,0,0,0,0,0,70,0,0,0,0,1,1,0,0,8,0,0,0,0,0,0,0,0,0,0,0,0,0,0,0,0,0,0,0,1,1,0,0,0,0,0,0,0,0,0,1,0,0,0,0,0,0,0,0,0,0,0,0,0
2020-11-13,0,0,1,0,0,0,0,0,0,0,0,0,62,0,0,0,0,0,0,0,0,11,0,0,0,0,0,0,0,0,0,0,0,0,0,0,0,0,0,0,0,0,0,0,1,0,0,0,0,0,0,0,0,0,0,0,0,0,0,0,1,0,0,0,0,0
2020-11-14,0,0,0,0,0,0,0,0,0,0,1,0,65,0,0,0,0,0,0,0,0,8,0,0,0,0,0,0,0,0,0,0,0,1,0,0,0,1,0,0,0,0,0,0,0,0,0,0,0,0,0,0,0,0,0,0,0,0,0,0,1,1,0,0,0,0
2020-11-15,0,0,0,0,1,1,0,1,0,0,0,0,56,0,0,0,0,0,0,0,0,14,0,0,0,0,0,0,0,0,2,0,0,0,0,0,0,0,1,0,0,1,1,0,0,3,0,0,0,0,0,0,0,0,0,0,0,0,0,0,2,0,0,0,0,0
2020-11-16,1,0,1,0,0,0,0,0,0,0,0,0,55,0,0,0,0,0,0,0,0,21,0,0,0,0,1,0,0,0,0,0,0,0,0,0,2,0,0,0,0,0,0,0,0,0,0,0,1,0,0,0,0,0,0,0,0,0,0,0,0,0,0,1,0,0
2020-11-17,0,0,0,0,0,0,0,0,0,0,0,0,60,0,0,0,1,0,0,0,0,8,0,0,0,0,0,0,1,0,0,0,0,2,0,0,0,1,0,0,0,0,0,0,0,0,0,1,0,1,0,1,0,0,0,0,0,0,0,0,0,0,0,0,0,0
2020-11-18,0,1,3,0,0,0,0,0,0,0,0,0,62,0,0,0,0,0,0,0,0,11,0,0,0,0,0,0,0,0,0,0,0,2,0,0,0,0,0,0,0,0,0,0,0,0,0,0,0,0,0,0,0,0,1,0,0,0,0,0,0,0,0,0,0,0
2020-11-19,0,0,1,0,0,0,0,0,0,0,0,0,75,0,0,0,0,0,0,0,0,10,0,0,0,0,0,0,0,0,0,0,0,0,0,0,0,0,0,1,0,0,0,0,0,0,0,0,0,0,0,0,0,0,0,0,0,0,1,0,0,1,0,0,0,0
2020-11-20,0,0,0,0,0,0,1,0,0,0,0,0,53,0,0,0,0,0,1,0,0,10,0,0,0,0,0,0,0,0,0,0,0,0,0,0,0,0,0,0,0,0,0,0,0,0,0,0,0,0,0,0,0,0,0,0,0,0,0,0,1,0,2,0,0,0
2020-11-21,0,0,0,0,0,0,0,0,0,0,0,0,55,0,0,1,0,0,0,0,0,17,0,0,0,0,0,0,0,0,0,0,0,0,0,0,1,0,1,0,0,0,0,0,0,0,0,0,0,0,0,0,0,1,0,0,0,0,0,0,0,0,0,0,0,0
2020-11-22,0,0,0,0,0,0,0,0,0,0,0,0,51,0,0,0,0,0,1,0,0,13,0,0,0,0,0,0,0,2,0,0,0,0,0,0,0,0,0,0,0,0,0,0,0,0,0,0,0,0,0,0,0,0,0,0,0,0,0,1,1,0,0,0,0,0
2020-11-23,0,0,0,0,0,0,0,0,0,0,0,1,57,0,0,0,0,0,0,0,0,11,0,0,0,0,0,0,0,0,0,0,0,1,0,1,0,0,1,0,0,0,0,0,0,0,0,0,0,0,0,1,0,1,1,0,0,0,0,0,0,0,0,2,0,0
2020-11-24,0,0,1,0,0,0,0,0,0,0,0,0,83,0,0,1,1,0,0,0,0,10,0,0,0,0,0,0,0,0,0,0,0,0,0,0,0,0,1,0,0,0,0,0,0,0,0,0,1,0,0,1,0,0,0,0,0,0,0,0,0,0,0,0,0,0
2020-11-25,0,0,0,0,0,0,0,0,0,1,0,0,56,0,0,0,2,0,0,0,0,16,0,0,1,1,0,0,0,0,1,0,0,1,0,1,0,0,0,0,0,1,0,0,0,1,0,0,0,4,0,0,0,0,0,0,0,0,0,0,0,0,0,1,0,0
2020-11-26,1,0,0,0,0,0,0,0,0,0,2,0,42,0,0,0,0,0,0,0,0,6,0,0,0,0,0,0,0,0,0,0,0,0,0,0,0,0,0,0,0,0,0,0,0,0,0,0,0,0,0,0,0,0,1,0,0,1,0,0,0,0,0,0,0,0
2020-11-27,0,0,0,0,0,0,0,1,0,0,1,0,43,0,0,1,1,0,0,0,0,4,0,0,0,0,0,0,0,0,1,0,0,0,0,0,0,0,0,0,0,0,0,0,0,0,2,0,0,0,0,0,0,0,1,0,0,0,0,0,0,0,0,0,0,0
2020-11-28,0,0,1,0,0,0,0,0,0,0,0,0,61,0,0,0,0,0,0,0,0,11,0,0,0,0,0,0,0,0,0,0,1,1,0,0,1,1,1,0,0,0,0,0,0,0,0,0,1,0,0,0,0,0,0,0,0,0,0,0,0,0,0,0,0,0
2020-11-29,0,0,0,0,0,0,0,0,0,0,0,0,78,0,0,0,0,0,0,0,4,14,0,1,0,0,1,0,0,0,1,0,0,0,0,0,0,0,0,0,0,0,0,0,0,0,0,0,0,0,0,0,0,0,0,0,0,0,0,0,0,0,0,1,0,0
2020-11-30,0,0,1,0,0,0,0,0,0,0,0,0,60,0,0,0,0,0,0,0,0,13,0,0,0,0,0,0,0,0,0,0,0,1,0,0,0,0,1,0,0,0,0,0,0,0,0,0,0,0,1,0,0,0,0,0,0,0,0,0,1,0,0,0,0,0
2020-12-01,0,0,2,0,0,0,0,0,0,2,0,0,74,0,0,0,0,0,0,0,0,10,0,0,0,0,0,0,0,0,0,0,0,2,1,0,0,0,1,1,0,0,0,0,0,0,0,0,0,0,0,0,0,0,0,0,0,0,0,0,2,1,0,0,0,0
2020-12-02,0,0,1,0,0,0,0,0,0,0,0,0,57,0,0,0,0,0,1,0,0,9,0,0,0,0,0,0,0,0,0,0,0,0,0,0,0,0,0,0,0,0,0,0,0,0,0,0,0,0,0,0,0,0,0,0,0,0,1,0,0,0,0,0,0,0
2020-12-03,0,0,1,0,0,0,1,0,0,0,0,0,47,0,0,0,1,0,0,0,0,10,0,0,0,0,0,0,0,0,0,0,0,0,0,0,0,0,2,1,0,0,0,0,0,0,0,0,0,0,0,0,0,0,0,0,0,0,0,0,0,0,0,0,0,0
2020-12-04,0,0,0,0,0,0,0,0,0,0,0,0,52,0,0,0,1,0,0,0,0,6,0,0,0,0,0,0,0,0,0,0,0,0,0,0,0,0,0,0,0,0,0,0,0,0,1,0,0,0,0,0,1,0,1,0,0,0,0,0,0,0,0,0,0,0
2020-12-05,1,0,0,0,0,0,0,0,0,0,0,0,51,0,0,0,0,0,0,0,0,5,0,0,0,0,0,0,0,0,1,0,0,0,0,0,1,0,0,0,0,0,0,0,0,0,0,0,0,0,0,0,0,0,0,0,0,0,0,0,0,0,0,0,0,0
2020-12-06,0,0,0,0,0,0,0,0,0,0,0,0,35,0,0,0,0,0,0,0,0,5,0,0,0,0,0,0,0,0,1,0,0,0,0,0,0,0,0,0,0,0,0,0,0,0,0,0,0,0,0,0,0,0,0,0,0,0,0,0,0,0,0,0,0,0
2020-12-07,0,0,2,0,0,0,0,0,0,0,0,0,59,0,0,0,0,0,2,0,0,7,0,0,0,0,0,0,0,1,0,0,0,0,0,0,0,0,0,0,0,0,0,0,0,0,0,0,0,0,0,1,0,0,0,0,0,0,0,0,1,0,0,0,0,0
2020-12-08,0,0,1,0,0,0,0,0,0,0,0,0,51,0,0,0,0,0,0,1,0,5,0,0,0,0,0,0,0,0,0,0,0,0,0,0,0,0,0,0,2,0,0,0,0,0,0,0,0,0,0,0,0,0,1,0,0,0,0,0,0,0,0,0,0,0
2020-12-09,0,0,0,0,0,0,0,0,0,0,0,0,46,0,0,0,0,0,1,0,0,4,0,0,0,1,0,0,0,0,0,0,0,0,0,0,0,0,0,0,0,0,0,0,0,1,0,0,0,0,0,0,0,0,0,0,0,0,2,0,0,0,0,0,0,0
2020-12-10,0,0,0,0,0,0,0,0,0,0,0,0,39,0,0,0,0,0,0,0,0,5,1,0,0,3,0,0,0,0,1,0,0,0,0,0,0,0,0,0,0,0,0,0,0,0,0,0,0,0,0,0,0,0,0,0,0,0,0,0,0,0,0,0,0,0
2020-12-11,0,0,1,0,0,0,0,1,0,0,0,0,35,0,0,0,0,0,0,0,0,5,0,0,0,0,0,0,0,0,0,0,0,0,0,0,0,0,0,0,1,0,0,0,0,0,0,0,0,0,0,0,0,0,0,0,0,0,0,0,0,0,0,0,0,0
2020-12-12,0,0,0,0,0,0,0,0,0,0,0,0,48,0,0,0,0,0,1,0,0,2,0,0,1,0,0,0,0,0,0,0,0,0,0,0,0,1,1,0,0,0,0,0,0,0,0,0,0,0,0,0,0,0,0,0,0,0,0,0,0,0,0,0,0,0
2020-12-13,0,0,0,0,0,0,0,0,0,0,0,0,43,0,0,0,0,0,0,0,0,3,0,0,0,1,0,0,0,0,0,0,0,1,0,0,0,0,0,0,0,0,0,0,0,0,0,0,0,0,0,0,0,0,0,0,0,0,0,0,0,0,0,0,0,0
2020-12-14,0,0,0,0,0,0,0,0,0,0,0,0,37,0,0,0,0,0,0,0,0,6,0,0,0,1,0,0,0,0,0,0,0,0,0,0,0,0,0,0,0,0,0,0,0,0,0,0,0,0,0,0,0,0,0,0,0,0,0,0,0,0,0,0,0,0
2020-12-15,0,0,1,0,0,0,0,0,0,0,0,0,36,0,0,1,0,0,0,0,0,5,0,0,0,0,0,0,0,0,0,0,0,0,0,0,0,1,0,0,0,0,0,0,0,0,1,0,0,0,0,0,0,0,0,0,0,0,0,0,0,0,0,0,0,0
2020-12-16,0,0,1,0,0,0,0,0,0,0,0,0,20,0,0,0,0,0,0,0,0,4,0,0,0,0,0,0,0,0,0,0,0,1,0,0,0,1,0,0,0,0,0,0,0,0,0,0,0,0,0,0,0,0,0,0,0,0,0,0,1,0,0,0,0,0
2020-12-17,0,0,1,0,0,0,0,0,0,0,0,0,28,0,0,0,0,0,0,0,0,5,0,0,0,0,0,1,0,0,0,0,0,0,0,0,0,0,0,0,0,0,0,0,0,0,0,0,0,0,0,0,0,0,0,0,0,0,0,0,0,0,0,1,0,0
2020-12-18,0,2,1,0,0,0,0,0,0,0,0,0,22,0,0,0,0,0,0,0,0,4,0,0,0,0,0,0,0,0,0,0,0,2,0,0,0,1,0,0,0,0,0,0,0,0,0,0,0,0,0,0,0,0,0,0,0,0,0,0,1,0,0,0,0,0
2020-12-19,0,0,0,0,0,0,0,0,0,0,0,0,15,0,0,0,0,0,0,0,0,4,0,0,0,0,0,1,0,0,0,0,0,0,0,0,0,0,0,0,1,0,0,0,0,0,0,0,0,0,0,0,0,0,0,0,0,0,0,0,0,0,0,0,0,0
2020-12-20,0,0,0,0,0,0,0,0,0,0,0,0,8,0,0,0,0,0,0,0,0,4,0,0,0,0,0,0,0,0,0,0,0,0,0,0,0,0,0,1,0,0,0,0,0,0,0,0,0,0,0,0,0,0,0,0,0,0,0,0,0,0,0,0,0,0
2020-12-21,0,0,0,0,0,0,0,0,0,0,0,0,33,0,0,0,0,0,0,0,0,2,0,0,0,0,0,0,0,0,0,0,0,0,0,0,0,0,0,0,0,0,0,0,0,0,0,0,0,0,0,0,0,0,0,0,0,0,0,0,2,0,0,0,0,0
2020-12-22,0,0,1,0,0,0,0,0,0,0,0,0,15,0,0,0,0,0,0,0,0,4,0,0,0,0,0,0,0,0,0,0,0,0,0,0,1,1,0,0,0,0,0,0,0,0,0,0,0,0,0,0,0,0,0,0,0,0,0,0,0,0,0,0,0,0
2020-12-23,0,0,0,0,0,0,0,0,0,0,0,0,25,0,0,0,1,0,0,0,0,1,0,0,0,0,0,0,0,0,0,0,0,0,0,0,0,0,0,0,0,0,0,0,0,0,0,0,0,0,0,0,0,0,0,0,0,0,0,0,0,0,0,1,0,0
2020-12-24,0,0,1,0,0,0,0,1,0,0,0,0,34,0,0,0,0,0,0,0,0,4,0,0,0,3,0,0,0,0,2,0,0,0,0,0,1,0,0,0,0,0,0,0,0,0,0,0,0,0,0,0,0,0,0,0,0,0,0,0,1,0,0,0,0,0
2020-12-25,0,0,0,0,0,0,0,0,0,0,0,0,35,0,0,0,0,0,1,0,0,7,0,0,0,0,0,0,0,0,0,0,0,0,0,0,0,0,0,0,0,0,0,0,0,0,0,0,0,0,0,0,0,0,0,0,0,0,0,0,1,0,0,1,0,0
2020-12-26,1,0,0,0,0,0,0,0,0,0,0,0,33,0,0,0,0,0,0,0,0,2,0,0,0,0,0,0,0,0,0,0,0,0,0,0,0,0,0,0,0,0,0,0,0,0,0,0,0,0,0,0,0,0,0,0,0,0,0,0,0,0,0,0,0,0
2020-12-27,0,0,0,0,0,0,0,0,0,0,0,0,31,0,0,0,0,0,0,0,0,6,0,0,1,1,0,0,0,0,0,0,0,0,0,0,0,0,0,0,0,0,1,0,0,0,0,0,0,0,0,0,0,0,0,0,0,0,0,0,1,0,0,0,0,0
2020-12-28,0,0,0,0,0,0,0,0,0,0,0,0,42,0,0,0,0,0,0,0,0,2,0,0,0,0,0,1,0,0,0,0,0,0,0,0,0,0,1,0,0,0,0,0,0,0,0,0,0,1,0,1,0,0,0,0,0,0,0,0,0,0,0,0,0,0
2020-12-29,0,0,1,0,0,0,0,0,0,0,0,0,23,0,0,1,0,0,0,0,0,2,0,0,0,0,0,0,0,0,0,0,0,0,0,0,0,0,0,0,0,0,0,0,0,0,1,0,0,0,0,0,1,0,0,0,1,0,0,0,0,0,0,0,0,0
2020-12-30,0,0,0,0,0,0,0,0,0,0,0,0,26,0,0,0,1,0,0,0,0,3,0,0,0,0,0,0,1,0,1,0,0,0,0,0,0,0,0,0,0,0,0,0,0,0,0,0,0,0,0,0,0,0,0,0,0,0,0,0,0,0,0,0,0,0
2020-12-31,0,0,0,0,0,0,0,0,0,0,0,0,28,0,0,0,0,0,0,0,0,2,0,0,1,0,0,0,0,0,0,0,0,0,0,0,0,0,0,0,0,1,0,0,0,0,0,0,0,0,0,0,0,0,0,0,0,0,1,0,0,0,0,0,0,0
2021-01-01,0,0,1,0,0,0,1,0,0,0,0,0,25,0,0,0,0,0,0,0,0,6,0,0,0,0,0,0,0,0,0,0,0,0,0,0,0,0,0,0,0,0,0,0,0,0,0,0,1,0,0,0,0,0,0,0,0,0,0,0,0,0,0,0,0,0
2021-01-02,0,0,0,0,0,0,0,2,0,0,0,0,34,0,0,0,0,0,2,0,0,4,0,0,0,0,0,0,0,2,0,1,0,0,0,0,0,0,0,0,0,0,0,0,0,0,0,0,0,0,0,0,0,0,0,0,0,0,0,0,0,0,0,0,0,0
2021-01-03,0,0,0,0,0,0,0,0,0,0,0,0,27,0,0,0,0,0,0,0,0,1,0,0,1,1,1,0,0,0,0,0,0,1,0,0,0,0,0,0,0,0,0,0,0,0,0,0,0,0,0,0,0,0,0,0,0,0,0,0,0,0,0,0,0,0
2021-01-04,0,0,1,0,1,0,0,0,0,0,0,0,33,0,0,0,0,0,0,0,0,3,0,0,0,1,0,1,0,0,0,0,0,0,0,0,0,0,0,0,0,0,0,0,0,0,0,1,0,0,0,0,0,0,0,0,0,0,0,0,2,0,0,0,0,0
2021-01-05,0,0,1,0,0,0,0,0,0,0,0,0,55,0,0,0,0,0,2,0,1,7,0,0,0,0,0,0,0,0,0,0,0,0,0,0,0,0,0,0,0,0,0,0,0,0,0,0,0,0,0,1,0,0,0,0,0,0,0,1,0,0,0,0,0,0
2021-01-06,0,0,0,0,0,0,0,0,0,0,0,0,23,0,0,0,0,0,0,0,0,4,0,0,0,0,0,0,0,0,0,0,0,1,0,0,0,0,1,0,0,0,0,0,0,0,0,0,0,0,0,0,0,0,0,0,0,0,0,0,0,1,0,0,0,0
2021-01-07,0,0,0,0,0,0,0,0,0,0,0,0,24,0,0,0,0,0,1,0,0,2,0,0,0,0,0,0,0,0,0,0,0,0,0,0,0,0,0,0,0,0,0,0,0,0,0,0,0,0,0,0,0,1,0,0,0,0,0,0,1,0,0,0,0,0
2021-01-08,0,0,0,0,0,0,0,0,0,0,0,0,14,0,0,0,0,0,0,0,0,2,0,0,0,0,0,0,0,0,0,0,0,0,0,0,0,0,0,0,0,0,0,0,0,0,0,0,0,0,0,0,0,0,0,0,0,0,0,0,0,0,0,0,0,0
2021-01-09,0,0,0,0,0,0,0,0,0,0,0,1,35,1,0,0,0,0,0,0,0,3,1,0,0,0,0,0,0,0,0,0,0,0,0,0,0,0,0,0,0,0,0,0,0,0,0,0,0,0,0,0,0,0,0,0,0,0,0,0,0,0,1,0,0,0
2021-01-10,0,0,1,0,0,0,0,0,0,0,1,0,29,0,0,0,1,0,0,0,0,5,0,0,0,0,0,0,0,0,0,0,0,0,0,0,0,0,0,0,0,0,0,0,0,0,0,0,0,0,0,0,0,0,0,0,0,0,0,0,0,0,0,0,0,1
2021-01-11,0,0,1,1,0,0,0,0,0,0,0,0,33,0,0,0,0,0,0,0,0,4,0,0,0,0,0,0,0,0,0,0,0,0,0,0,0,1,0,0,0,0,0,0,0,0,0,0,0,0,0,0,0,0,0,0,0,0,0,0,0,0,0,0,0,0
2021-01-12,0,0,0,0,0,0,0,1,0,0,0,0,25,0,0,0,0,0,0,1,0,2,0,0,0,0,0,0,0,0,0,0,0,0,0,0,0,0,0,0,0,0,0,0,1,0,0,1,0,0,0,0,0,0,0,0,0,0,0,0,0,1,0,0,0,0
2021-01-13,0,0,0,0,1,0,0,0,0,0,1,0,20,1,0,0,0,0,0,0,0,4,0,0,0,0,0,0,0,0,0,0,0,0,0,0,0,0,0,0,0,0,0,0,0,0,0,0,0,0,0,0,0,0,0,0,0,0,0,0,0,0,0,0,0,0
2021-01-14,0,0,1,0,0,0,0,0,0,0,0,0,16,0,0,0,0,0,0,0,0,2,2,0,0,0,0,0,1,0,0,0,0,0,0,0,0,0,0,0,0,0,0,0,0,0,0,0,0,0,0,0,0,0,0,0,0,0,0,0,0,0,0,0,0,0
2021-01-15,0,0,0,0,0,0,0,0,0,0,0,0,17,0,0,0,0,0,0,0,0,2,0,0,0,0,0,0,0,0,0,0,0,0,0,0,0,0,0,0,0,0,0,0,0,0,0,0,0,0,0,0,0,0,0,0,0,0,0,0,0,0,0,0,0,0
2021-01-16,0,0,0,0,1,1,0,0,0,0,0,0,21,0,0,0,0,0,0,0,0,2,1,0,0,0,0,0,0,0,0,0,0,1,0,0,0,0,0,0,0,0,0,0,0,0,0,0,0,0,0,0,0,0,0,0,0,0,0,0,0,0,0,0,0,0
2021-01-17,0,0,0,0,0,0,0,0,0,0,0,0,20,0,0,0,0,0,1,0,0,1,0,0,0,0,0,0,0,0,0,0,0,0,0,0,0,0,1,0,0,0,0,0,0,0,0,0,0,0,0,0,0,0,0,0,0,0,0,0,0,0,0,0,0,0
2021-01-18,0,0,0,0,0,0,0,0,0,0,0,3,17,0,0,0,0,0,0,0,0,0,0,0,0,0,0,0,0,1,1,0,0,0,0,0,0,0,0,0,0,0,0,0,0,0,0,0,0,0,0,0,0,1,0,0,0,0,0,0,0,0,0,0,0,0
2021-01-19,0,0,0,0,0,0,0,0,0,0,0,0,20,0,0,0,0,0,0,0,0,0,0,0,0,1,0,0,0,0,0,0,0,0,0,0,0,1,0,0,0,0,0,0,0,0,0,0,0,0,0,0,0,0,0,0,0,0,0,0,0,0,0,0,0,0
2021-01-20,0,0,0,0,0,0,0,0,0,0,0,0,14,0,0,0,0,0,0,0,0,0,0,0,0,0,0,0,0,0,0,0,0,0,0,0,0,0,0,0,0,0,0,0,0,0,0,0,0,0,0,0,0,0,0,0,0,0,0,0,0,0,0,0,0,0
2021-01-21,0,0,0,0,0,0,0,0,0,0,0,0,20,0,0,0,0,0,0,0,0,0,0,0,0,0,0,0,0,0,0,0,0,0,0,0,0,0,0,0,0,0,0,0,0,0,0,0,0,0,0,0,1,0,0,0,0,0,0,0,0,0,0,0,0,0
2021-01-22,0,0,0,0,0,0,0,0,0,0,0,0,12,0,0,0,0,0,0,0,0,2,0,0,0,0,0,0,0,0,0,0,0,0,0,0,0,0,0,0,0,0,0,0,0,0,0,0,0,0,0,0,0,0,0,0,0,0,0,0,1,0,0,0,0,0
2021-01-23,0,0,0,0,0,0,0,0,0,0,0,0,25,1,0,0,0,0,0,0,0,1,0,0,0,0,0,0,0,0,0,0,0,0,0,0,0,0,0,0,0,0,0,0,0,0,0,0,0,0,0,0,0,0,0,0,0,0,0,0,0,0,0,0,0,0
2021-01-24,0,0,2,0,1,0,0,0,0,0,0,0,11,0,0,0,0,0,0,0,0,0,0,0,0,0,0,0,0,0,0,0,0,0,0,0,0,0,0,0,0,0,0,0,0,0,0,0,0,0,0,0,0,0,0,0,0,0,0,0,1,0,0,0,0,0
2021-01-25,0,0,1,0,0,0,0,0,0,0,0,0,22,0,0,0,0,0,0,0,0,3,0,0,0,0,0,0,0,0,0,0,0,0,0,0,0,0,0,0,0,0,0,0,0,0,0,0,0,0,0,0,0,0,0,0,0,0,0,0,0,0,1,0,0,0
2021-01-26,0,0,0,0,0,1,0,1,1,0,0,0,20,0,0,0,0,0,0,0,0,7,0,0,0,0,0,0,0,0,0,0,0,0,0,0,0,0,0,0,0,0,0,0,0,0,0,0,0,0,0,0,0,0,0,0,0,0,0,0,2,0,0,0,0,0
2021-01-27,0,0,0,0,0,0,0,0,0,0,0,0,13,0,0,0,0,0,0,0,0,5,0,0,0,0,0,0,1,0,0,0,0,0,0,0,0,0,0,0,0,0,0,0,0,0,0,0,0,0,0,0,0,0,0,0,0,0,0,0,0,0,0,0,0,0
2021-01-28,1,0,1,0,0,0,0,0,0,0,0,0,12,0,0,0,0,0,0,0,0,0,0,0,0,0,0,0,0,0,0,0,0,0,0,0,0,0,0,0,0,0,0,0,0,0,0,0,0,0,0,0,0,0,0,0,0,0,0,0,0,0,0,0,0,0
2021-01-29,0,0,0,0,0,0,0,0,0,0,0,0,15,0,0,0,0,0,1,0,0,2,0,0,0,0,0,0,0,0,0,0,0,0,0,0,0,0,0,0,0,0,0,0,0,0,0,0,0,0,0,0,0,0,0,0,0,0,0,0,0,0,0,0,0,0
2021-01-30,0,0,0,0,0,0,0,0,0,0,0,0,18,0,0,0,0,0,0,0,0,0,0,0,0,0,0,0,0,0,0,0,0,0,0,0,0,0,0,0,0,0,0,0,0,0,0,0,0,0,0,0,0,0,0,0,0,0,0,0,0,0,0,0,0,0
2021-01-31,0,0,1,0,0,0,0,0,0,0,0,0,21,0,0,0,0,0,0,0,0,0,0,0,0,0,0,0,0,0,0,0,0,0,0,0,0,1,0,0,0,0,0,0,0,0,0,0,0,0,0,0,0,0,0,0,0,0,0,0,0,0,0,0,0,1
2021-02-01,0,0,0,0,0,0,0,0,0,0,0,0,19,0,0,0,0,0,1,0,0,1,0,0,0,0,0,0,0,0,0,0,0,0,0,0,0,0,0,0,0,0,0,0,0,0,0,1,0,0,0,0,0,0,0,0,0,0,0,0,0,0,0,0,0,0
2021-02-02,0,0,0,0,0,0,0,0,0,0,0,0,23,0,0,0,0,0,0,0,0,0,0,0,0,0,0,0,0,0,0,0,0,0,0,0,0,1,0,0,0,0,0,0,0,0,0,0,0,0,0,0,0,0,0,0,0,0,0,0,0,0,0,0,0,0
2021-02-03,0,0,0,0,0,0,0,0,0,0,0,0,18,0,0,2,0,0,0,0,0,3,0,0,0,0,0,0,0,0,0,0,0,0,0,0,0,0,0,0,0,0,0,0,0,0,0,0,0,0,0,0,0,0,0,0,0,0,0,0,0,0,0,1,0,1
2021-02-04,0,0,0,0,0,0,0,0,0,0,0,0,24,0,0,0,0,0,1,0,0,0,0,0,0,0,0,0,0,0,0,0,0,0,0,0,0,0,0,0,0,0,0,0,0,0,0,0,0,0,0,0,0,0,0,0,0,0,0,0,0,0,0,0,0,0
2021-02-05,0,0,0,0,0,0,0,0,0,0,0,0,13,0,0,0,0,0,0,0,0,2,0,0,0,0,0,0,0,0,0,0,0,1,0,0,0,0,1,0,0,0,0,0,0,0,0,0,0,0,0,0,0,0,0,0,0,0,0,0,0,0,0,0,0,0
2021-02-06,0,0,0,0,0,0,0,3,0,0,0,0,23,0,0,0,0,0,0,0,0,0,0,0,0,0,0,0,0,0,0,0,0,0,0,0,0,0,0,0,0,0,0,0,0,0,0,0,0,0,0,0,0,0,0,0,0,0,0,0,0,0,0,0,0,0
