date,Brahmanbaria,Satkhira,Chittagong,Magura,Kushtia,Chandpur,Panchagarh,Mymensingh,Nilphamari,Narail,Gopalganj,Manikganj,Unknown,Meherpur,Feni,Noakhali,Barguna,Gazipur,Pirojpur,Jamalpur,Dhaka,Natore,Chuadanga,Madaripur,Jaipurhat,Bogra,Sunamganj,Cox's Bazar,Naogaon,Narsingdi,Rangpur,Bhola,Comilla,Khagrachhari,Rajbari,Dinajpur,Faridpur,Sylhet,Chapainawabganj,Rajshahi,Munshiganj,Sherpur,Pabna,Rangamati,Thakurgaon,Habiganj,Sirajganj,Jhenaidah,Netrokona,Tangail,Bagerhat,Barisal,Gaibandha,Kishoreganj,Bandarban,Kurigram,Shariatpur,Lalmonirhat,Lakshmipur,Narayanganj,Jessore,Maulvibazar,Khulna,Jhalokati,Patuakhali
2020-04-03,0,0,2,0,0,4,0,0,0,1,0,1,0,0,0,3,0,5,0,0,31,2,0,2,1,3,1,0,0,0,0,0,1,0,0,0,0,0,0,0,0,5,0,0,0,0,2,0,0,0,0,0,0,0,0,1,0,0,1,13,0,0,0,0,0
2020-04-04,2,0,12,0,0,2,1,2,0,0,0,0,0,2,0,8,0,5,2,0,73,0,2,1,2,4,0,1,2,2,6,2,6,0,1,2,0,1,0,1,0,0,8,0,1,2,8,1,0,1,0,0,1,2,0,2,0,0,1,17,0,3,0,0,3
2020-04-05,2,0,8,0,2,5,0,6,0,0,0,2,0,1,0,3,0,12,0,1,67,1,0,0,0,4,4,7,1,5,1,0,7,0,1,0,0,1,0,0,0,1,4,0,3,0,3,1,1,2,2,1,2,2,0,0,0,0,1,5,2,1,5,1,10
2020-04-06,1,0,13,1,2,1,0,5,2,0,4,2,0,1,4,4,1,12,0,8,168,3,0,1,0,4,3,4,0,2,9,1,6,0,0,5,0,11,0,4,1,3,3,0,0,0,2,2,0,0,0,3,4,1,0,2,1,1,0,19,4,1,6,0,2
2020-04-07,0,3,8,0,0,0,0,0,0,0,0,0,0,0,1,1,0,2,1,2,43,0,0,1,0,0,0,0,1,1,3,2,1,0,0,1,1,1,0,2,1,0,3,0,1,0,0,0,0,0,1,1,1,0,0,0,0,0,0,6,1,1,2,0,0
2020-04-08,0,0,2,0,0,0,0,0,0,0,1,0,0,0,0,0,0,1,0,0,108,0,0,0,0,0,0,0,0,0,1,0,0,0,0,0,0,0,0,0,0,0,0,1,0,0,0,0,0,1,0,0,1,0,0,0,0,0,0,2,1,0,0,0,0
2020-04-09,0,2,1,0,1,0,0,3,1,0,0,1,0,0,1,1,0,4,0,1,42,0,0,1,0,0,0,2,2,3,1,0,1,1,1,1,0,0,0,1,2,0,0,0,0,1,1,1,0,2,1,1,1,0,0,0,0,0,1,13,0,0,1,0,0
2020-04-10,0,1,2,0,2,1,0,1,0,0,0,0,87,0,1,0,0,1,0,0,22,0,0,2,0,1,0,1,0,4,0,0,0,0,0,1,1,0,0,0,0,2,0,0,0,0,0,0,0,3,0,0,1,0,1,0,0,0,0,0,0,0,0,2,0
2020-04-11,0,0,6,0,0,5,0,1,0,0,0,0,203,0,0,0,0,0,1,0,15,0,0,0,0,1,0,0,0,1,0,0,1,0,0,0,0,0,0,0,0,0,0,0,0,0,1,0,0,2,0,0,0,1,0,0,0,0,0,0,0,0,0,0,0
2020-04-12,0,0,0,0,0,0,0,3,0,0,0,0,188,0,0,0,0,2,0,0,7,0,0,1,0,0,0,0,0,2,1,1,0,0,0,0,0,1,0,0,0,0,1,0,0,0,0,0,0,0,0,0,0,0,0,0,0,0,0,7,0,1,2,0,0
2020-04-13,1,0,0,0,0,1,0,0,0,0,0,1,156,0,1,1,0,2,0,2,24,0,0,0,0,0,0,0,0,0,1,0,2,0,0,0,0,0,1,0,0,0,0,0,0,1,1,1,0,0,0,0,0,2,0,0,0,0,1,2,0,0,0,0,0
2020-04-14,0,0,3,0,0,1,0,0,0,0,1,0,148,0,0,0,0,0,0,0,13,1,0,0,0,0,0,0,0,0,0,0,2,0,1,0,0,2,0,1,0,1,0,0,0,0,0,0,0,0,0,0,2,0,0,0,0,0,0,5,0,0,0,0,1
2020-04-15,0,0,1,0,0,0,0,0,0,0,0,0,134,0,0,1,0,0,2,0,14,0,0,0,0,0,0,0,0,0,0,0,0,0,0,1,0,0,0,2,0,0,0,0,0,0,2,0,0,0,0,0,0,1,0,0,0,0,2,2,2,0,0,0,0
2020-04-16,2,0,0,0,0,0,0,3,0,0,0,1,82,0,0,1,0,0,0,0,3,0,0,0,0,0,0,0,0,1,0,0,0,0,0,0,0,0,0,0,0,0,1,0,0,0,0,0,0,0,0,1,0,0,0,0,0,0,0,0,2,0,0,0,0
2020-04-17,0,0,3,0,0,0,0,1,0,0,0,1,105,0,0,0,0,4,0,0,14,0,0,0,0,0,0,1,0,0,0,0,1,0,0,0,0,2,0,0,0,0,1,0,0,0,1,0,0,2,5,1,0,1,0,0,0,0,0,6,1,0,1,0,0
2020-04-18,0,0,1,0,2,0,0,1,0,0,0,0,98,0,0,0,0,1,0,0,7,0,0,0,0,1,0,0,0,0,0,0,0,0,0,1,0,0,0,0,0,0,1,0,0,0,1,0,0,0,0,1,0,0,0,0,0,0,0,1,0,0,3,0,0
2020-04-19,0,1,1,0,0,0,0,0,0,0,0,0,99,0,0,0,0,0,2,1,13,0,0,0,0,0,0,0,2,0,0,0,0,0,0,1,0,0,0,0,0,0,0,0,1,1,1,0,0,0,0,0,0,0,0,0,0,0,0,1,0,0,0,0,0
2020-04-20,0,1,3,0,1,0,0,0,0,0,0,0,153,0,0,1,0,0,0,0,10,0,0,0,0,0,0,0,0,0,1,0,2,0,0,1,0,1,0,0,0,0,0,0,0,0,0,0,0,0,1,0,0,0,0,0,0,0,1,3,0,1,0,0,0
2020-04-21,1,0,0,0,0,0,0,2,0,0,0,0,163,0,2,0,0,0,0,2,18,0,0,0,0,1,0,0,0,0,1,0,0,0,0,0,0,1,1,1,0,0,1,0,0,0,0,1,0,2,0,1,0,1,0,0,0,1,0,2,1,0,1,0,0
2020-04-22,0,0,3,0,0,0,0,2,0,0,0,0,151,0,2,0,0,3,1,2,22,0,5,1,0,3,0,0,0,0,0,0,0,1,0,0,0,2,0,0,0,0,0,0,0,0,1,0,0,0,0,2,0,1,0,0,0,0,0,1,0,0,1,0,0
2020-04-23,0,0,0,0,0,0,0,0,0,0,0,0,137,7,0,1,0,3,0,0,19,0,0,0,0,0,0,0,0,1,0,0,1,0,0,0,0,1,0,0,0,0,0,0,0,0,2,0,0,1,0,0,0,0,0,2,0,0,0,4,0,0,0,0,0
2020-04-24,0,0,3,1,0,0,0,0,0,0,0,0,159,2,0,1,0,1,1,0,18,1,0,0,0,0,1,2,0,2,0,0,0,0,0,1,0,3,0,0,1,0,0,0,0,1,0,0,0,2,1,0,3,0,0,0,0,0,0,2,3,0,0,0,0
2020-04-25,0,0,3,0,0,0,0,0,0,0,0,0,103,0,0,0,0,0,0,0,15,0,0,0,0,0,0,0,0,2,0,0,1,0,0,1,0,1,0,0,0,0,0,0,1,0,0,0,0,3,0,2,0,0,0,0,0,0,0,1,1,0,0,0,0
2020-04-26,0,0,1,0,0,0,0,0,0,1,0,0,121,0,0,0,0,1,0,0,19,0,0,3,0,1,0,0,0,0,0,1,3,5,0,0,0,2,0,0,0,0,1,0,0,0,0,0,0,1,2,0,1,1,0,0,0,0,0,2,0,0,0,0,0
2020-04-27,0,0,2,0,1,0,1,1,0,0,0,2,85,2,0,0,0,0,0,0,34,0,0,0,0,2,0,0,1,0,0,0,1,0,0,2,0,1,0,0,0,0,0,0,0,0,0,0,0,1,0,0,0,0,0,0,0,0,0,1,2,1,0,0,0
2020-04-28,1,0,0,0,0,0,0,0,0,0,0,0,85,0,0,0,0,0,0,0,20,0,0,0,0,0,5,0,0,0,0,0,1,0,0,0,0,0,0,0,0,0,1,0,0,0,0,1,0,0,0,0,0,0,0,0,0,0,0,3,1,0,0,0,0
2020-04-29,0,0,1,0,0,2,0,0,0,0,0,0,89,1,0,0,0,1,0,3,17,0,0,0,0,1,0,1,0,0,1,1,3,0,0,0,1,0,0,0,0,0,1,0,0,0,0,0,0,0,0,0,0,0,0,0,0,0,0,2,0,0,0,0,0
2020-04-30,1,0,2,0,0,0,0,1,0,0,0,0,94,0,1,0,0,1,0,0,20,0,0,0,0,0,0,0,0,0,0,0,2,0,0,0,0,0,0,0,0,0,0,0,1,0,0,0,0,1,0,0,0,0,0,0,0,0,0,2,0,0,0,0,0
2020-05-01,0,0,0,0,1,0,0,0,0,1,1,0,89,0,0,3,0,1,0,0,21,0,0,0,0,0,0,0,0,0,3,0,0,0,0,0,0,0,0,0,0,1,2,0,0,0,0,0,0,0,0,0,0,0,0,0,0,0,0,2,0,0,0,0,0
2020-05-02,1,0,3,0,0,0,0,0,0,0,0,0,151,0,0,0,0,2,0,0,23,0,0,0,0,1,0,1,0,0,0,0,0,0,0,0,0,0,0,0,0,1,0,0,0,0,1,0,0,1,0,0,0,0,0,0,0,0,1,1,0,0,0,0,0
2020-05-03,0,0,1,0,2,0,0,0,0,0,0,0,101,0,0,2,0,0,0,0,16,1,0,0,0,1,0,0,0,1,0,0,0,0,0,0,0,1,0,0,0,0,0,0,0,0,0,0,0,1,0,0,0,0,0,0,0,0,0,2,0,0,0,0,0
2020-05-04,0,0,5,0,0,1,0,0,0,0,0,0,73,0,0,2,0,0,0,0,17,0,0,0,0,1,0,3,1,0,0,0,0,0,0,0,0,0,0,0,0,0,0,0,0,1,0,0,0,0,0,0,0,0,0,0,0,0,0,1,1,0,0,0,0
2020-05-05,1,0,4,0,0,0,0,1,0,0,0,0,68,0,0,0,0,0,0,0,13,0,0,0,0,0,0,0,0,1,1,0,0,0,0,1,4,0,0,1,0,0,0,2,0,0,0,0,0,0,0,0,0,1,0,0,0,0,0,0,0,1,1,0,0
2020-05-06,2,0,0,0,0,1,0,1,0,0,0,0,61,0,0,0,0,1,0,0,28,0,0,0,0,0,0,0,0,0,0,0,2,0,0,1,0,0,0,1,1,0,0,0,0,0,0,1,0,0,0,0,0,1,0,0,0,0,0,0,0,0,2,0,0
2020-05-07,0,0,4,0,0,0,0,0,1,0,0,0,85,0,0,0,0,1,0,0,31,0,0,0,0,0,0,0,0,1,0,1,1,0,0,1,1,3,0,0,0,0,0,0,0,0,0,0,0,0,0,0,0,0,0,0,0,0,1,0,0,0,1,0,0
2020-05-08,0,0,0,0,0,2,0,3,0,0,0,0,59,0,0,0,0,1,0,0,14,0,0,0,0,0,0,0,0,2,1,0,0,2,0,0,1,1,0,0,0,0,0,0,0,0,2,0,0,0,0,0,0,0,0,0,0,0,0,2,0,0,0,0,0
2020-05-09,0,0,4,0,0,0,0,0,0,0,0,0,67,0,1,0,0,2,1,0,18,0,0,0,0,0,0,0,0,0,0,0,0,0,0,0,1,2,0,0,2,0,0,0,0,0,0,0,0,0,0,0,0,0,0,0,0,0,0,4,1,0,1,0,0
2020-05-10,0,0,3,0,0,0,0,0,0,0,0,0,39,0,0,1,0,1,0,0,16,0,0,0,0,0,0,0,2,0,0,0,0,0,0,0,0,1,0,0,0,0,0,0,0,0,0,0,0,0,0,0,0,0,0,0,0,0,0,1,1,0,0,0,0
2020-05-11,0,0,2,0,0,2,0,1,0,0,0,0,51,0,1,0,0,1,0,0,20,0,0,0,0,0,0,1,0,1,1,0,0,0,0,0,1,0,0,0,0,0,1,0,0,0,0,0,0,0,0,0,0,0,0,0,0,1,0,6,0,0,0,0,0
2020-05-12,0,0,2,0,2,1,0,0,0,0,0,0,91,0,0,1,0,0,1,0,21,0,0,0,0,0,1,0,0,0,1,0,0,0,0,0,0,3,0,0,1,0,1,0,0,0,0,0,0,1,0,0,0,1,0,0,0,0,0,4,0,0,0,0,0
2020-05-13,0,0,7,0,0,0,0,0,0,0,0,0,54,0,0,1,0,3,0,1,26,0,0,0,1,1,0,0,0,0,0,0,1,0,0,0,1,0,0,0,0,0,0,0,0,0,0,0,0,0,0,0,0,0,0,0,0,0,1,1,1,0,2,0,0
2020-05-14,1,0,1,0,0,0,0,0,0,0,0,0,105,0,0,0,0,2,0,0,26,0,4,0,0,0,0,0,0,0,0,0,0,0,1,0,1,0,0,0,0,0,1,1,0,0,1,0,0,0,0,0,0,0,0,0,0,0,0,1,0,0,0,0,0
2020-05-15,0,0,6,0,1,0,0,2,0,0,0,0,84,0,0,0,0,4,0,0,26,0,0,0,0,0,0,0,0,0,0,2,1,0,0,0,0,2,1,0,0,0,0,1,1,2,0,0,0,0,1,0,0,0,0,0,1,0,0,1,0,0,0,0,0
2020-05-16,1,0,7,0,0,0,0,0,0,0,0,0,137,0,1,0,0,0,0,1,37,0,0,1,0,1,0,0,0,2,0,0,0,0,0,0,0,3,0,0,0,0,0,0,0,0,0,0,1,1,0,4,0,0,0,0,0,0,0,2,0,0,0,0,0
2020-05-17,0,0,5,0,0,1,0,0,0,0,0,0,99,0,0,0,0,5,0,0,51,0,0,0,0,0,0,0,1,0,2,0,0,0,0,0,0,0,0,0,0,1,0,0,0,0,2,0,0,0,0,0,1,0,0,0,0,0,0,2,0,0,0,0,0
2020-05-18,0,0,3,0,0,1,0,0,1,0,0,0,106,0,0,1,0,2,0,0,38,0,0,1,0,0,0,0,0,0,1,0,0,0,0,0,1,1,0,0,0,0,0,0,0,0,0,0,0,1,0,0,0,0,0,0,0,0,0,0,0,2,1,1,1
2020-05-19,1,0,12,0,2,0,0,0,0,0,0,0,83,0,0,0,0,1,0,0,31,0,0,0,0,0,0,0,0,0,1,0,1,0,0,1,0,0,0,0,0,0,3,0,0,0,0,0,0,0,0,0,0,0,0,0,0,0,1,1,0,0,0,0,0
2020-05-20,1,0,5,0,0,0,0,0,0,0,0,0,105,0,0,1,0,3,1,0,34,0,0,0,0,0,0,2,0,0,0,0,0,0,0,0,1,0,0,0,0,0,0,0,0,0,0,0,0,2,0,1,0,0,1,0,0,0,2,1,0,0,0,0,0
2020-05-21,0,0,5,0,0,3,0,0,0,0,0,1,168,0,0,1,0,4,0,0,44,0,0,0,0,0,0,0,1,0,1,0,5,0,1,1,0,0,0,0,0,0,1,0,0,0,0,0,0,0,0,0,0,0,0,0,0,0,1,4,0,1,0,0,0
2020-05-22,0,0,8,0,0,0,0,1,0,0,1,2,135,0,1,0,0,4,0,0,39,0,0,0,0,0,1,0,1,3,0,0,2,0,0,1,1,3,0,0,0,1,1,1,0,0,0,0,2,1,0,0,0,2,0,0,0,0,0,5,1,0,0,1,0
2020-05-23,0,0,5,0,0,1,0,1,0,0,1,0,139,0,0,2,0,5,1,1,32,0,0,0,0,1,0,0,1,1,0,0,1,0,0,0,2,1,0,0,0,0,2,0,0,0,0,0,0,2,1,1,0,1,0,0,1,0,4,4,1,0,0,0,0
2020-05-24,0,0,2,0,0,0,0,0,1,0,0,0,145,1,0,0,1,4,0,0,43,0,0,0,0,0,0,0,0,0,0,0,1,0,0,0,1,1,0,1,0,0,0,0,0,0,1,0,0,3,0,0,0,1,0,0,1,0,0,1,0,0,0,0,0
2020-05-25,1,0,16,0,0,0,0,0,0,0,0,0,148,0,0,1,0,2,0,0,52,0,0,0,0,1,0,0,0,4,0,0,1,0,0,1,0,4,0,1,1,1,0,0,0,0,0,0,0,0,1,0,0,0,0,0,0,0,0,8,0,0,0,0,0
2020-05-26,1,0,12,0,0,0,0,5,0,0,1,0,219,0,0,2,0,4,0,0,53,0,0,0,0,0,0,1,0,1,0,0,2,0,1,0,0,0,0,0,0,0,0,0,0,0,0,2,1,0,0,0,0,0,0,0,0,1,1,3,0,0,0,0,0
2020-05-27,1,0,11,0,0,0,0,0,0,0,0,0,237,0,0,2,0,7,0,0,64,0,0,0,0,1,0,0,0,1,0,0,3,0,0,0,0,1,0,0,1,0,0,0,0,0,0,0,0,1,0,2,0,0,0,0,0,0,0,3,0,0,1,0,1
2020-05-28,0,0,13,0,1,0,0,0,0,0,0,0,289,0,1,0,0,5,0,0,76,0,0,0,0,1,2,0,0,1,1,0,3,0,0,1,0,4,0,1,1,0,0,0,0,0,0,0,0,2,1,1,0,2,0,0,0,0,0,2,0,0,0,0,0
2020-05-29,0,1,9,0,1,3,0,2,1,0,0,0,287,0,2,2,0,6,0,1,84,0,1,1,0,0,0,1,0,2,0,0,1,0,0,0,0,1,0,0,3,0,2,0,0,0,2,1,0,0,1,1,0,2,0,0,0,0,0,8,0,0,0,0,0
2020-05-30,0,0,12,0,0,0,0,2,1,0,0,0,300,0,0,0,0,5,0,0,99,0,0,1,0,0,0,1,1,3,0,0,1,0,0,0,0,2,0,0,1,0,0,1,0,0,0,0,0,1,1,0,0,1,0,0,0,0,0,10,0,0,0,0,0
2020-05-31,0,1,6,0,0,2,0,1,0,0,0,0,262,0,0,0,0,5,0,0,67,0,0,1,0,0,0,1,0,1,0,0,0,0,0,0,0,1,0,1,1,0,0,0,0,0,1,0,0,2,0,2,0,0,0,0,1,0,0,3,0,0,0,0,0
2020-06-01,2,0,4,0,0,1,0,3,3,0,0,1,253,0,0,0,0,15,0,0,70,0,1,0,0,0,0,0,0,0,0,3,8,0,1,1,0,4,0,0,2,0,0,0,1,0,0,0,0,1,0,0,1,1,0,0,0,0,0,5,0,1,0,0,0
2020-06-02,0,0,8,0,0,4,0,2,2,0,1,0,272,0,2,0,0,12,2,0,61,0,0,0,0,1,0,0,1,0,0,0,4,0,0,1,0,4,0,0,3,0,0,0,0,1,1,0,0,1,0,1,0,1,0,0,0,0,0,2,2,0,4,0,0
2020-06-03,1,0,14,0,0,1,0,2,0,0,0,1,266,0,1,0,0,24,0,0,76,0,0,0,2,3,0,0,0,1,0,0,3,0,0,0,0,1,0,1,1,0,0,0,0,0,0,1,1,2,0,2,0,2,0,0,0,0,0,5,0,0,2,0,2
2020-06-04,3,3,42,0,0,14,0,5,1,1,0,1,579,2,5,3,6,18,2,1,152,0,0,0,0,2,1,11,5,4,4,0,10,0,0,0,1,6,0,5,1,0,0,1,1,0,3,1,1,1,0,2,1,1,0,0,2,2,3,17,0,2,2,0,1
2020-06-05,9,1,150,0,1,24,0,16,7,2,2,2,1266,3,12,5,2,36,1,2,317,4,0,2,0,12,4,23,3,15,9,4,35,1,1,4,3,14,0,3,8,8,4,0,1,5,3,1,0,16,3,6,3,10,0,1,2,1,4,34,3,6,4,0,1
2020-06-06,5,0,74,0,1,3,1,7,2,0,2,3,885,0,8,18,0,46,0,3,235,2,1,6,1,6,1,12,4,12,2,6,24,1,6,0,3,13,0,2,6,2,7,1,2,0,4,1,0,4,1,10,1,9,2,2,1,0,5,25,1,2,8,1,2
2020-06-07,7,0,87,1,1,15,2,2,1,0,1,7,937,1,3,16,1,63,0,4,207,0,0,7,1,10,1,9,6,7,2,6,25,0,2,3,5,10,0,1,0,1,7,2,1,1,5,0,1,6,0,10,3,5,1,4,5,0,8,34,3,2,13,3,4
2020-06-08,9,0,47,0,2,16,0,5,1,0,8,7,747,1,4,9,3,33,3,3,174,1,0,5,0,4,2,15,2,9,4,2,38,1,0,0,2,6,0,0,4,4,11,1,0,2,1,1,3,6,1,9,2,6,2,0,1,0,15,25,2,1,4,0,3
2020-06-09,3,1,42,0,0,9,1,7,1,3,0,0,640,0,3,6,3,21,2,2,124,0,0,1,0,3,0,7,1,4,4,3,21,1,0,0,3,11,1,1,6,0,1,0,1,3,2,1,1,7,0,5,0,6,0,1,2,0,0,10,4,3,11,2,0
2020-06-10,10,0,36,0,1,4,0,5,1,0,3,0,518,0,4,6,0,18,4,0,84,0,1,3,0,4,3,3,0,2,2,3,12,0,0,0,3,3,1,2,2,0,6,2,0,1,0,1,0,2,4,10,1,0,0,0,3,2,2,9,3,1,2,1,1
2020-06-11,2,0,24,1,4,9,0,5,4,0,1,0,424,0,2,1,2,14,1,2,76,0,1,6,0,4,2,1,2,6,0,2,10,0,0,1,2,4,1,0,0,0,1,0,0,1,2,0,2,1,0,4,5,3,2,0,0,0,5,4,1,0,1,2,3
2020-06-12,1,0,35,0,4,5,0,5,1,1,2,4,314,1,1,3,1,5,0,0,72,0,1,0,0,2,1,3,2,6,0,0,10,0,0,1,4,4,0,3,1,0,3,0,0,3,2,0,1,3,1,4,3,2,0,1,0,2,2,4,3,2,5,0,0
2020-06-13,3,0,12,1,0,3,1,2,1,1,1,0,325,0,2,8,0,8,1,1,58,0,2,2,0,1,1,2,1,0,2,2,9,1,1,1,0,3,0,0,4,1,0,0,0,1,1,0,1,0,1,5,0,4,1,0,0,0,1,7,2,1,5,0,1
2020-06-14,2,0,13,1,2,0,0,2,0,0,2,0,349,0,2,1,0,9,1,0,62,0,0,1,0,3,0,10,1,2,3,1,9,0,0,1,2,2,1,5,0,3,4,0,3,1,0,1,0,9,0,6,1,5,0,0,1,0,1,5,1,0,3,0,2
2020-06-15,5,0,15,1,1,1,0,6,1,0,4,2,337,1,2,3,0,18,0,1,55,0,0,2,0,1,1,4,1,2,2,2,8,0,0,1,3,2,1,0,0,0,2,0,0,0,0,1,0,0,2,1,1,4,2,0,2,0,0,3,8,1,2,0,0
2020-06-16,3,0,9,0,0,3,0,2,1,0,1,0,356,0,6,2,0,5,1,2,63,0,1,1,0,1,2,1,1,6,4,2,6,2,0,0,3,4,0,2,0,1,0,1,0,2,0,1,0,5,1,3,0,5,0,0,1,0,0,0,1,0,5,0,1
2020-06-17,2,0,13,0,7,4,0,5,1,4,1,1,331,1,2,1,1,17,1,0,42,0,0,1,0,1,0,6,0,1,3,2,4,0,0,0,0,6,0,1,1,0,5,0,1,0,1,0,0,2,0,3,0,0,2,0,1,0,6,2,1,0,5,1,6
2020-06-18,6,0,54,0,1,6,1,8,0,2,1,1,850,0,10,15,2,36,3,2,160,0,3,9,0,6,7,11,1,9,9,1,16,3,2,1,3,8,0,11,8,1,2,0,1,0,5,2,2,4,1,8,2,6,1,0,4,1,4,17,11,0,14,0,6
2020-06-19,1,1,21,1,2,9,0,10,0,1,0,2,498,0,1,2,0,13,3,0,94,0,1,0,0,5,1,1,0,2,5,1,18,1,0,0,5,12,0,1,0,0,0,1,0,0,1,0,0,4,3,6,1,6,1,0,4,0,4,13,6,1,1,0,1
2020-06-20,1,0,16,4,1,3,0,4,1,0,3,0,440,0,5,6,1,3,1,0,81,0,1,2,1,7,2,5,1,4,3,4,7,1,0,1,2,3,2,1,3,1,1,1,1,0,2,1,2,5,0,3,0,8,0,0,0,0,0,7,2,2,7,0,0
2020-06-21,6,2,7,1,0,1,0,3,0,3,2,0,343,0,4,3,2,14,0,0,60,0,0,0,0,3,4,1,2,3,1,0,5,0,1,0,2,1,3,4,1,0,2,0,0,1,1,0,1,2,0,4,1,1,1,0,0,0,0,3,2,1,1,2,4
2020-06-22,5,0,26,0,2,2,0,4,3,2,1,2,374,1,3,4,0,9,1,2,52,2,1,0,4,2,1,0,1,2,2,1,5,1,0,0,8,0,1,11,3,0,3,1,1,1,4,0,0,3,0,4,1,6,0,1,0,1,2,3,3,0,7,1,0
2020-06-23,8,0,12,0,0,0,2,2,2,0,1,0,328,2,7,7,1,17,2,2,58,2,1,0,0,2,2,0,1,3,0,1,4,4,2,0,2,3,0,3,2,0,3,1,0,0,4,0,1,0,0,6,1,0,1,1,1,2,1,4,5,1,10,2,0
2020-06-24,7,2,8,0,0,3,0,3,3,0,0,0,299,0,4,0,0,4,0,0,52,1,0,0,0,7,1,5,1,4,1,0,7,0,0,1,1,4,0,2,2,0,6,0,0,0,0,0,0,1,3,3,1,1,0,0,0,0,0,1,1,1,4,1,1
2020-06-25,1,1,12,2,2,1,0,3,2,1,2,1,275,0,3,2,0,6,0,0,46,0,0,2,0,1,1,2,0,0,0,0,8,0,0,0,0,0,0,1,1,0,3,0,0,3,0,0,0,2,0,2,5,1,0,0,0,0,1,3,1,0,3,1,0
2020-06-26,1,1,7,0,0,7,1,2,0,0,1,0,275,0,3,7,0,5,0,0,49,0,0,0,0,1,0,1,2,1,3,1,7,0,1,2,0,4,0,2,2,0,4,1,1,1,1,3,0,1,0,0,2,0,1,0,2,0,2,1,0,3,3,1,1
2020-06-27,1,1,9,1,0,3,0,3,1,1,0,2,257,0,7,1,5,1,2,0,42,0,0,0,1,1,0,3,1,2,0,3,9,0,0,4,3,3,0,1,1,4,2,0,0,0,0,0,0,3,0,4,0,1,0,0,0,0,1,0,1,2,1,0,2
2020-06-28,2,3,6,0,1,1,0,5,0,1,1,0,237,0,6,1,0,2,0,1,48,0,0,0,0,0,0,2,0,3,2,4,3,1,0,0,0,1,0,2,0,0,0,1,1,0,1,2,0,1,1,3,0,1,1,0,1,2,0,4,7,0,2,0,0
2020-06-29,13,3,5,0,0,2,0,2,1,0,0,0,227,0,2,1,0,3,0,2,50,0,1,0,1,0,0,1,0,1,1,0,4,3,1,0,4,4,0,6,1,0,4,1,0,0,1,1,0,2,1,0,1,0,1,0,0,1,1,0,3,0,2,0,1
2020-06-30,8,0,6,1,2,3,1,3,0,0,0,1,214,0,1,2,0,1,0,1,45,0,0,1,0,4,2,1,1,0,0,0,7,0,1,1,4,2,0,1,1,1,0,0,0,0,0,0,0,1,1,0,0,3,0,0,0,0,0,0,4,1,2,0,0
2020-07-01,3,4,4,0,0,0,0,1,0,0,1,0,175,0,2,0,0,3,0,0,46,0,1,0,0,0,1,1,0,1,0,0,7,0,0,1,2,4,0,6,0,0,1,0,0,1,1,1,1,2,1,2,0,0,0,0,0,1,2,2,3,0,0,0,1
2020-07-02,1,0,7,0,0,0,0,2,0,0,0,0,146,0,4,1,0,4,0,1,21,0,0,0,1,1,1,1,0,0,0,0,9,0,1,0,0,2,1,4,0,1,0,0,0,0,1,0,0,1,0,5,0,0,0,0,0,0,0,2,1,0,4,1,2
2020-07-03,0,1,12,1,1,0,0,1,0,0,0,1,151,0,5,2,0,1,2,0,33,2,1,0,0,1,0,0,2,0,0,0,2,0,2,0,1,2,0,2,0,0,0,0,0,0,1,0,0,1,0,5,0,4,0,0,0,0,0,3,3,0,1,1,2
2020-07-04,1,0,5,0,1,0,0,2,2,1,0,0,179,0,3,0,1,4,0,0,43,0,0,4,0,2,0,0,0,1,1,0,4,0,2,0,0,0,0,3,0,1,0,0,0,0,2,0,4,3,1,0,0,5,0,0,0,0,0,1,2,0,0,0,0
2020-07-05,0,2,7,0,0,0,0,2,0,0,0,0,133,0,1,1,3,1,0,0,24,0,0,4,0,1,0,1,0,0,0,1,3,0,0,0,0,1,1,2,0,1,2,0,0,0,1,0,1,0,0,4,2,3,0,0,0,0,0,2,1,0,0,2,1
2020-07-06,0,2,3,3,0,1,0,7,0,0,0,1,167,1,1,1,0,0,0,1,34,3,1,0,0,0,0,0,0,0,0,1,3,0,1,2,1,2,0,1,0,0,0,0,0,0,0,0,0,0,2,3,0,0,0,0,0,0,0,3,2,0,1,1,2
2020-07-07,4,3,2,0,1,0,0,3,0,0,0,2,175,0,1,0,0,5,0,0,31,0,1,0,1,0,0,2,0,0,1,0,1,0,0,1,1,0,0,2,1,0,0,0,0,1,1,4,0,2,0,4,0,0,1,0,0,0,0,6,1,3,2,1,4
2020-07-08,0,1,10,0,1,0,0,1,0,0,0,0,137,0,1,2,1,1,1,2,30,1,3,0,0,5,1,0,0,0,0,0,4,0,1,1,1,1,0,0,0,0,0,0,0,0,2,0,0,6,1,1,0,3,0,0,2,2,0,5,1,0,2,0,0
2020-07-09,0,4,4,0,0,0,0,1,1,1,0,0,145,0,1,0,0,1,0,0,23,0,10,0,0,0,0,0,1,0,2,0,5,1,0,1,0,0,0,9,0,0,2,0,0,0,0,2,0,2,1,1,0,2,0,0,2,0,2,3,3,0,1,0,1
2020-07-10,3,1,1,0,0,1,0,1,0,0,1,1,151,1,3,1,1,0,2,0,20,0,4,1,0,1,0,0,1,0,0,3,5,0,1,0,0,4,1,3,2,0,0,0,0,0,1,0,0,1,2,0,0,0,0,0,1,0,0,0,1,2,3,1,3
2020-07-11,1,0,11,0,0,0,0,2,0,0,1,1,176,0,3,2,1,1,0,1,36,0,2,0,0,0,0,0,0,0,1,0,1,0,0,1,1,2,0,2,0,0,0,0,0,1,1,0,0,2,0,4,0,0,1,0,0,0,0,2,0,0,2,0,0
2020-07-12,1,0,2,0,0,0,0,2,0,0,1,0,149,0,0,2,0,1,0,0,22,0,3,1,1,6,0,2,0,0,1,0,2,0,0,0,2,2,0,4,0,0,0,0,0,1,0,0,1,0,1,0,1,0,0,1,0,0,0,3,1,1,2,0,1
2020-07-13,2,0,4,0,0,0,0,0,0,1,1,0,135,0,1,0,3,1,0,1,25,0,0,0,1,0,0,1,0,0,1,0,2,0,0,2,1,0,0,4,0,0,0,0,0,0,3,1,0,2,1,1,1,0,0,1,0,0,0,1,0,0,1,0,0
2020-07-14,3,0,1,1,0,0,1,3,1,3,0,0,135,0,0,0,0,1,1,0,28,0,1,0,0,0,0,0,0,2,1,0,2,0,1,0,1,1,0,0,0,0,2,0,0,2,0,0,0,4,0,1,0,1,0,2,2,0,1,3,1,0,3,0,0
2020-07-15,1,0,0,0,0,0,0,1,0,1,1,0,188,0,0,0,0,1,0,0,15,0,0,1,0,0,1,0,0,2,2,0,2,0,1,0,0,0,0,1,1,0,0,0,0,0,0,0,0,1,1,0,0,0,0,0,0,0,1,1,0,0,2,1,0
2020-07-16,0,0,1,0,3,2,0,0,0,0,1,0,165,0,0,0,0,2,0,0,21,1,2,0,1,0,0,0,0,0,0,0,0,0,0,0,0,0,0,1,0,0,0,0,0,0,0,0,1,0,0,0,1,1,0,0,0,0,0,1,0,0,0,1,0
2020-07-17,0,0,0,1,2,0,0,0,0,0,1,0,182,0,0,3,0,2,1,0,15,0,0,1,0,0,2,0,0,0,0,0,0,0,0,0,0,0,0,1,0,1,0,0,0,0,0,1,0,0,0,1,1,1,0,0,0,0,0,0,1,0,0,0,0
2020-07-18,0,0,2,3,0,2,0,1,0,0,0,0,163,0,2,0,0,2,4,1,13,1,0,0,0,0,0,0,1,0,0,0,1,0,0,0,1,0,0,0,0,0,0,0,1,0,0,2,0,7,0,0,0,0,0,0,1,0,0,0,1,0,1,0,0
2020-07-19,0,0,2,0,0,0,0,0,0,2,0,0,174,0,2,0,0,1,0,1,17,0,1,0,0,2,0,0,0,0,0,0,0,2,0,0,0,1,0,0,1,1,0,0,0,0,0,0,0,0,3,0,0,0,0,0,0,0,0,3,1,0,0,0,0
2020-07-20,0,0,2,0,0,0,0,0,1,2,0,1,140,0,0,0,0,0,0,1,10,0,0,0,0,1,0,0,0,0,0,0,1,1,0,0,0,0,0,1,0,0,0,0,0,0,1,0,0,1,1,2,0,1,0,0,0,0,0,0,1,0,0,0,2
2020-07-21,0,0,1,0,0,1,0,1,0,2,0,0,125,0,1,0,0,1,0,0,10,0,2,0,0,0,0,0,1,0,0,0,0,1,0,1,0,1,0,1,0,0,0,0,0,0,0,1,0,0,0,0,0,1,0,0,0,0,0,1,1,0,0,0,0
2020-07-22,0,0,1,0,0,1,0,0,0,0,0,0,116,0,0,2,0,0,0,1,12,0,1,0,0,0,0,0,0,0,0,0,2,0,0,0,0,0,0,0,0,0,0,1,0,0,0,0,0,5,1,0,0,0,0,0,0,0,0,0,0,0,2,0,0
2020-07-23,0,0,1,0,0,0,0,1,0,1,0,0,138,0,3,1,0,0,0,0,14,0,1,0,0,0,0,0,0,0,1,0,0,0,1,0,1,0,0,1,0,0,0,0,1,0,1,1,1,1,0,1,0,1,0,0,0,1,0,0,0,0,0,0,0
2020-07-24,0,0,1,0,0,0,1,0,0,0,0,0,162,0,1,0,0,0,0,0,16,0,0,1,0,0,0,0,0,0,0,0,0,1,0,0,0,0,0,0,0,0,0,0,0,0,0,0,0,2,1,0,0,0,0,0,0,0,0,0,0,0,0,0,0
2020-07-25,0,1,2,0,0,0,2,1,0,0,0,0,162,0,0,1,0,0,0,1,20,0,1,0,0,1,0,0,0,2,0,0,1,0,0,0,1,1,0,2,0,0,0,0,0,0,0,1,1,2,0,0,0,0,0,0,2,3,0,0,2,0,1,0,0
2020-07-26,1,2,2,0,4,0,0,0,0,0,0,0,195,0,0,0,0,2,0,1,10,0,0,0,1,1,0,0,1,0,0,0,1,0,1,0,0,0,0,0,0,1,0,1,0,0,1,0,0,0,0,1,0,3,0,0,1,1,0,0,0,0,0,0,0
2020-07-27,1,0,0,2,0,0,0,1,0,0,0,0,119,0,0,0,0,0,0,1,10,0,0,1,2,1,0,0,1,0,0,0,0,0,0,0,0,1,1,1,2,0,0,0,0,0,0,0,0,1,2,0,0,0,0,0,1,1,0,1,0,2,1,0,0
2020-07-28,0,0,1,0,0,2,0,0,0,0,1,0,140,0,1,1,0,0,0,0,6,0,0,1,0,0,1,1,0,1,1,0,1,0,0,0,1,0,0,0,0,0,0,0,0,0,0,0,0,1,0,1,0,0,0,0,4,0,1,0,0,0,0,0,1
2020-07-29,1,1,1,0,0,1,0,1,0,0,1,1,150,0,0,0,0,1,0,0,13,0,0,2,1,1,0,0,1,0,0,0,0,0,0,2,1,1,0,0,0,0,0,0,0,1,1,0,1,3,0,0,1,1,0,1,0,1,0,0,0,0,0,0,2
2020-07-30,0,0,1,0,3,0,0,0,0,0,0,1,126,0,0,0,0,0,0,0,9,0,0,0,0,0,0,0,0,0,0,0,1,0,0,1,1,0,0,1,0,0,0,0,0,0,0,0,1,0,0,0,0,2,0,0,1,1,0,0,2,0,0,0,1
2020-07-31,0,0,1,0,0,0,0,3,0,0,0,0,125,0,0,0,0,0,0,0,11,0,0,0,0,2,0,0,0,0,0,0,0,0,1,0,0,0,0,1,0,0,1,2,0,0,0,0,0,0,0,0,0,0,0,0,0,0,0,0,0,1,0,0,0
2020-08-01,0,0,2,0,0,0,1,2,0,3,0,0,142,0,0,0,0,0,0,1,9,2,0,0,0,0,0,0,1,0,0,0,0,0,1,0,1,0,0,0,0,0,1,0,1,0,1,0,0,0,0,0,0,2,0,0,2,0,1,0,1,0,1,0,0
2020-08-02,0,1,1,1,0,1,0,1,0,1,0,0,161,0,2,0,0,1,0,0,20,0,0,0,0,0,0,0,1,0,0,0,0,0,0,0,0,0,0,1,0,0,1,0,0,0,0,0,1,0,0,0,0,0,0,0,0,0,0,0,0,0,2,0,0
2020-08-03,1,1,0,0,2,1,0,1,0,1,0,0,176,0,1,0,0,0,0,1,14,1,0,1,1,1,1,0,0,0,0,0,1,0,2,0,0,2,0,1,0,1,3,1,0,1,2,0,0,1,0,0,0,0,0,0,0,0,0,0,2,0,1,0,0
2020-08-04,1,0,0,0,1,1,1,0,0,1,0,0,174,0,1,0,0,1,0,0,13,0,0,0,0,0,0,0,0,0,0,0,0,0,1,0,1,0,0,0,0,0,0,0,0,0,0,0,0,4,0,0,0,0,0,0,0,0,0,1,1,0,0,0,0
2020-08-05,0,0,1,0,1,1,0,1,0,1,0,0,179,0,0,1,0,0,0,0,19,0,0,0,0,0,0,0,0,0,0,0,1,0,0,1,3,3,0,0,0,1,2,0,0,0,0,0,0,0,0,1,0,0,1,0,0,0,0,1,0,0,2,0,1
2020-08-06,0,0,1,0,0,0,0,0,0,0,1,0,170,0,1,2,0,1,0,0,14,0,1,0,0,0,0,0,0,0,0,0,1,0,0,0,0,0,0,0,0,1,0,0,1,0,1,0,0,1,0,0,0,0,0,0,0,0,0,0,1,0,2,0,1
2020-08-07,2,0,0,1,0,2,0,2,0,0,0,0,197,0,0,0,1,0,0,1,15,0,1,1,0,1,1,0,0,0,0,0,0,0,0,0,0,2,0,0,0,1,0,0,1,0,0,1,0,0,0,0,0,0,0,0,0,0,0,0,0,0,0,0,0
2020-08-08,0,0,1,0,3,1,0,0,1,0,0,0,158,0,1,1,0,1,0,0,18,0,2,1,2,1,1,1,0,0,0,0,3,0,1,0,0,0,0,0,0,0,0,0,2,0,1,0,1,1,0,0,0,0,0,0,0,0,0,0,0,0,0,0,0
2020-08-09,0,0,0,0,0,1,0,2,1,0,0,0,119,1,0,0,1,0,0,0,17,1,0,0,0,0,1,0,0,0,0,0,2,0,0,1,0,0,0,0,0,0,0,0,0,0,0,0,0,0,2,0,0,0,0,0,0,0,0,0,0,0,0,0,0
2020-08-10,0,0,2,0,4,3,0,1,0,0,0,0,188,0,0,1,0,0,0,0,19,1,0,0,0,3,0,0,0,0,0,0,2,0,0,1,0,0,0,0,0,0,1,0,1,0,0,1,0,2,0,0,0,0,0,0,1,0,0,1,0,0,0,0,0
2020-08-11,0,1,1,0,1,0,0,0,0,0,0,0,158,0,3,0,0,1,0,0,18,0,0,1,0,1,0,0,0,0,0,0,1,0,1,1,1,1,0,0,0,0,0,0,2,0,0,2,0,1,1,0,2,2,0,0,0,0,0,1,0,0,0,0,0
2020-08-12,0,0,0,0,0,0,1,0,0,0,0,0,178,0,0,0,2,3,1,0,13,0,0,1,0,0,0,0,0,0,0,0,0,0,0,0,0,1,0,2,0,0,0,0,2,0,1,0,0,3,1,0,0,0,0,0,0,0,0,0,0,0,0,0,0
2020-08-13,3,0,1,2,1,0,0,0,0,0,0,0,158,0,0,0,0,0,0,0,5,0,0,0,0,0,0,0,1,1,1,0,2,0,0,2,0,3,0,1,1,0,1,0,0,0,0,0,0,1,0,1,0,0,0,0,0,0,1,1,1,0,0,0,0
2020-08-14,0,1,0,0,0,0,0,1,0,0,1,0,125,0,0,1,1,2,0,0,15,0,0,0,1,0,0,0,1,0,0,0,1,0,0,1,0,1,0,1,0,0,1,0,1,0,1,0,0,0,1,0,0,0,0,0,0,0,0,1,1,0,0,0,0
2020-08-15,0,0,0,0,0,0,0,0,0,1,0,1,136,0,0,0,0,0,0,0,8,0,0,2,0,0,0,0,3,0,2,0,3,0,0,1,0,0,0,0,0,0,0,0,1,0,0,0,2,1,0,2,1,1,0,0,0,0,0,0,4,0,1,0,0
2020-08-16,0,0,3,0,0,0,0,0,0,1,0,0,113,0,1,0,0,2,0,0,11,3,0,1,0,0,0,0,1,0,0,0,0,0,0,0,1,0,0,0,0,1,0,0,0,0,0,0,0,0,0,0,0,1,0,0,0,0,0,0,2,0,1,0,0
2020-08-17,1,0,6,0,0,0,0,0,0,0,0,0,121,0,1,0,0,2,0,0,12,0,0,0,0,0,0,0,1,1,1,0,2,0,1,1,0,3,0,0,0,1,0,0,0,0,0,0,0,0,0,0,0,0,0,0,0,0,0,1,0,0,0,0,0
2020-08-18,1,1,4,0,0,0,0,0,0,0,0,0,129,1,0,0,0,2,0,0,16,0,0,3,0,0,0,1,0,0,0,0,1,0,0,2,0,1,0,0,0,0,0,0,0,0,0,0,2,0,0,0,0,0,0,0,0,0,0,0,0,0,1,0,0
2020-08-19,0,0,0,0,0,0,1,1,0,0,0,0,121,0,0,0,1,2,0,1,13,0,0,1,0,0,0,0,0,0,2,0,2,0,1,0,0,0,0,0,0,0,1,0,1,0,0,0,0,2,0,1,0,0,0,0,2,0,0,0,0,1,1,1,0
2020-08-20,0,0,0,0,0,1,0,0,0,0,1,0,119,0,0,1,0,1,0,0,12,2,0,1,0,1,0,0,0,0,1,0,0,0,0,0,0,0,0,0,0,0,1,0,0,0,1,0,1,1,0,0,0,0,0,0,0,0,0,0,0,0,0,0,0
2020-08-21,0,0,0,0,0,0,0,0,0,0,0,0,113,0,0,0,0,1,0,0,6,2,2,0,0,0,0,0,0,0,0,0,1,0,0,0,0,0,0,1,0,0,2,0,0,3,0,0,1,0,2,0,0,0,0,0,0,0,0,1,0,0,0,0,0
2020-08-22,0,0,1,1,0,3,0,1,0,0,0,0,136,0,0,0,0,1,1,0,10,0,0,0,0,0,0,0,0,0,1,0,0,0,0,1,0,1,0,0,2,0,0,0,1,0,0,0,0,0,0,0,0,0,0,0,0,0,0,0,0,0,0,1,0
2020-08-23,0,0,0,0,0,0,0,0,2,0,0,0,109,0,0,1,0,0,0,0,10,0,0,1,0,0,0,0,1,0,0,0,0,0,0,1,0,0,0,0,1,0,0,1,0,0,0,0,0,0,0,0,0,0,0,0,0,1,0,0,0,0,0,0,0
2020-08-24,0,0,2,0,0,0,0,2,0,0,0,0,146,0,0,0,0,1,0,0,21,1,0,1,0,1,0,0,0,0,0,0,0,0,0,1,0,1,0,1,1,1,0,0,0,0,0,0,0,0,0,0,1,1,0,0,0,0,0,2,0,1,1,0,0
2020-08-25,0,1,0,0,0,0,0,0,0,0,0,0,110,0,1,0,0,0,0,0,19,0,0,0,0,0,0,0,0,1,0,0,0,0,5,0,2,0,0,0,0,0,0,0,0,0,0,0,0,0,0,0,0,0,0,0,0,1,0,0,1,0,0,0,0
2020-08-26,2,0,1,0,0,1,0,1,0,0,0,0,119,0,1,0,0,0,0,0,19,1,0,0,0,0,0,0,0,0,1,0,1,0,0,0,2,0,0,0,0,0,0,0,0,0,0,0,0,1,0,1,0,0,0,0,0,1,0,4,0,0,0,0,1
2020-08-27,0,0,2,0,1,1,0,1,0,0,0,0,119,0,2,1,0,2,0,0,17,0,0,0,0,0,1,0,1,0,0,0,1,0,0,0,1,1,0,0,0,0,0,0,0,0,0,0,0,0,0,0,0,0,0,0,0,0,0,0,0,0,0,0,1
2020-08-28,0,0,0,0,0,0,0,0,0,0,0,0,131,0,2,0,0,0,0,0,14,0,0,0,1,0,0,0,0,0,0,0,0,0,0,1,1,1,0,1,0,0,0,1,0,0,0,0,0,0,0,0,2,0,0,0,0,1,0,1,0,0,0,0,0
2020-08-29,0,0,0,0,0,0,1,0,0,0,0,0,121,0,0,0,0,0,0,1,22,0,0,0,1,0,0,0,0,2,0,0,0,0,0,0,1,2,0,1,0,0,2,0,0,0,0,1,0,0,0,0,0,2,0,0,0,0,0,0,0,0,0,1,0
2020-08-30,1,0,2,0,0,0,0,0,0,0,0,0,147,0,0,0,0,0,0,1,17,0,0,0,1,0,0,0,1,0,1,0,1,0,0,0,0,0,0,0,0,0,0,0,1,2,0,1,1,0,0,0,0,1,0,1,0,0,0,0,0,0,0,0,0
2020-08-31,0,0,1,0,0,0,0,1,0,0,0,0,141,0,1,1,0,0,0,0,25,0,0,0,0,0,0,0,0,0,0,0,1,0,0,0,0,0,0,0,0,0,0,0,1,0,0,0,0,0,0,0,0,0,1,0,0,0,0,0,0,0,0,0,0
2020-09-01,0,0,0,0,0,0,0,1,0,0,0,0,164,0,0,0,0,1,0,0,25,0,1,0,0,0,0,0,0,0,0,0,1,0,0,1,0,1,0,0,0,2,0,1,0,0,1,1,0,0,0,0,0,0,0,2,1,0,0,1,0,0,0,0,1
2020-09-02,0,0,2,0,0,1,0,0,0,0,2,0,156,0,1,0,0,1,0,2,21,0,0,0,0,0,0,2,0,0,1,0,0,0,0,2,1,0,0,0,0,0,0,0,0,0,0,0,1,0,0,3,0,0,0,0,0,0,0,1,0,0,0,0,0
2020-09-03,0,0,3,0,0,0,0,0,0,0,0,0,134,0,1,1,0,1,0,1,12,0,0,0,0,0,0,0,0,0,2,0,1,0,0,0,2,0,0,0,0,0,0,0,0,0,0,0,0,0,0,1,0,0,0,0,0,0,0,0,0,0,0,0,0
2020-09-04,3,0,4,0,0,0,0,0,1,0,0,1,169,1,2,0,0,1,0,0,22,1,1,0,0,0,0,0,2,1,0,0,2,0,0,1,0,0,0,0,0,0,0,0,0,0,0,0,0,0,0,0,1,1,0,0,0,0,0,1,0,0,0,0,0
2020-09-05,0,2,0,1,0,0,0,0,1,0,0,0,126,0,0,1,0,3,0,0,23,0,0,0,0,2,0,0,1,0,0,0,2,0,0,0,1,1,0,0,1,0,2,0,0,0,0,0,0,0,0,0,0,0,0,0,0,0,0,0,0,0,2,0,0
2020-09-06,0,0,3,0,0,1,0,1,0,0,0,1,152,0,2,0,0,1,0,0,13,0,1,0,0,0,0,0,0,1,1,0,1,0,0,0,0,0,0,0,0,1,0,0,0,0,0,0,0,0,0,0,1,0,0,0,0,0,0,0,1,0,1,0,0
2020-09-07,0,0,1,0,0,1,1,1,0,0,0,0,136,0,0,2,0,1,0,0,13,0,0,0,0,0,0,0,0,0,1,0,5,0,0,0,0,1,0,0,0,0,0,0,0,0,0,0,0,0,1,0,0,2,0,0,0,0,0,0,0,0,0,0,0
2020-09-08,0,0,1,0,0,0,0,2,0,0,1,0,178,0,0,1,0,1,0,1,19,2,0,0,0,1,1,0,0,0,0,0,0,0,1,0,0,4,0,0,0,0,0,0,0,0,1,1,0,2,0,1,0,0,0,0,0,0,0,0,0,0,1,0,0
2020-09-09,0,0,1,0,0,1,0,0,0,0,0,0,136,0,0,0,0,2,0,0,16,0,0,0,0,0,0,0,1,0,0,0,0,0,0,1,1,2,0,0,0,0,0,0,0,1,1,0,0,3,0,1,0,0,0,0,0,0,0,0,0,0,2,0,0
2020-09-10,0,0,1,0,0,0,1,1,0,0,0,0,87,0,1,0,0,0,0,0,9,0,0,0,0,4,0,0,0,0,0,0,0,0,0,1,0,1,0,0,0,0,0,0,0,0,0,0,0,0,0,1,1,0,0,0,0,0,0,1,0,0,0,0,0
2020-09-11,0,0,0,1,0,0,0,0,0,0,0,0,84,0,0,0,0,0,0,0,10,0,0,0,0,0,0,1,0,0,0,0,1,0,0,0,0,0,0,0,0,0,0,0,0,0,0,1,0,0,0,0,0,0,0,1,1,0,0,0,0,0,1,0,0
2020-09-12,0,0,2,0,1,0,0,0,0,0,0,0,105,0,0,1,0,1,0,0,9,0,0,0,0,1,0,0,0,0,1,0,0,0,0,0,0,1,0,0,0,0,0,1,0,0,0,0,0,1,0,0,1,0,0,0,0,0,0,1,0,0,0,0,0
2020-09-13,0,0,1,0,1,0,0,0,0,0,0,0,92,0,2,0,0,0,0,0,5,0,0,0,0,0,0,0,0,0,0,2,0,0,0,0,0,0,0,0,0,1,0,0,0,0,0,0,0,0,0,0,0,0,0,0,0,0,0,0,0,0,0,0,0
2020-09-14,0,0,0,0,0,0,0,1,0,0,0,0,82,0,0,0,0,0,0,0,9,0,0,1,0,1,0,1,0,0,0,0,2,0,0,0,1,0,0,0,0,2,0,0,0,1,0,0,1,1,0,0,0,0,0,0,0,1,0,0,0,0,0,0,0
2020-09-15,0,0,1,0,0,0,0,0,0,0,0,0,75,0,0,1,0,1,0,0,10,0,0,0,0,0,1,0,0,0,0,0,0,0,0,0,0,0,0,0,0,0,0,0,0,1,0,0,0,2,0,0,0,0,0,0,1,0,0,0,0,0,1,0,0
2020-09-16,1,0,0,0,0,0,0,0,0,0,0,0,82,0,1,0,0,0,0,0,15,0,0,0,0,0,0,0,1,0,2,1,0,0,0,0,0,2,0,0,0,0,0,0,0,0,0,0,0,0,1,0,0,1,0,0,0,0,1,1,0,0,0,0,0
2020-09-17,2,0,1,1,0,0,0,0,0,3,0,0,84,0,0,0,0,0,0,0,10,0,0,0,0,1,0,0,0,0,1,0,2,0,0,0,0,1,1,0,0,0,0,0,0,0,0,0,0,0,0,0,0,0,0,0,0,0,1,2,1,0,0,0,0
2020-09-18,3,0,0,0,0,0,0,1,0,0,0,0,85,0,0,0,0,1,0,0,10,0,0,0,0,0,0,0,0,0,0,0,0,0,0,0,1,1,0,0,0,0,1,0,1,0,2,0,1,3,0,0,0,0,0,0,0,0,0,0,0,0,0,0,0
2020-09-19,0,0,0,0,0,1,0,0,0,0,0,0,70,1,0,0,0,1,0,0,11,0,0,0,0,0,1,0,0,0,0,0,1,0,0,0,1,1,0,0,0,1,0,0,0,0,0,0,0,0,0,0,0,0,0,0,0,0,0,0,0,0,1,0,0
2020-09-20,0,0,0,0,2,0,0,0,0,0,0,0,89,0,0,0,0,0,0,0,4,0,0,0,0,0,0,0,0,0,0,0,1,0,0,0,0,0,0,0,0,0,1,0,0,0,0,1,0,0,0,0,0,0,0,0,0,0,0,0,0,0,0,0,0
2020-09-21,0,0,0,0,0,0,0,2,0,0,0,0,74,0,0,0,0,0,0,0,8,0,0,0,0,0,0,0,1,0,0,0,1,0,0,0,2,0,0,0,0,1,0,1,0,0,0,1,0,0,0,1,0,0,0,0,0,0,0,0,1,0,0,0,0
2020-09-22,0,0,0,1,0,1,0,0,0,0,0,2,66,0,0,0,0,1,0,0,8,0,0,0,0,0,0,0,0,0,0,1,1,0,0,0,0,0,0,0,0,0,0,0,0,0,0,0,0,1,2,0,0,0,0,0,0,0,0,0,0,0,0,0,0
2020-09-23,0,0,1,0,0,0,0,0,0,0,0,0,55,0,0,0,0,1,0,0,5,2,0,0,0,0,0,0,0,0,0,0,0,0,0,0,0,0,0,0,0,0,0,0,0,0,0,0,0,0,0,0,0,1,0,0,0,0,0,1,0,0,0,0,0
2020-09-24,0,0,1,0,0,1,0,0,0,0,0,0,74,0,0,0,0,0,0,0,8,0,0,0,0,1,1,0,1,0,0,0,0,0,0,0,0,0,0,0,0,0,0,0,0,0,0,0,0,0,0,0,0,0,0,0,0,0,0,0,0,0,0,0,0
2020-09-25,0,0,1,0,0,0,0,0,0,0,0,1,50,0,0,0,1,0,0,0,5,0,0,0,0,0,0,0,0,0,0,0,0,0,0,0,0,1,1,1,0,0,0,0,0,0,0,0,0,0,0,0,0,0,0,0,0,0,0,0,0,0,0,0,0
2020-09-26,0,0,1,0,0,0,0,0,0,0,0,0,43,0,0,0,0,1,0,0,11,0,0,0,0,0,0,1,0,1,1,0,0,0,0,0,0,0,0,0,0,0,0,0,0,0,0,0,0,0,0,0,0,0,0,0,0,0,0,1,0,0,0,0,0
2020-09-27,0,0,0,0,0,0,0,1,0,0,0,0,59,0,0,1,0,0,0,0,6,0,1,0,0,0,0,0,0,1,0,0,1,0,0,0,0,0,0,0,1,0,1,0,0,0,0,1,0,0,0,0,0,0,0,1,0,0,0,0,0,0,0,0,0
2020-09-28,1,0,0,0,0,0,0,1,0,0,0,0,45,0,0,0,0,0,0,0,4,0,0,0,0,0,0,0,0,0,0,0,1,0,0,0,0,0,0,0,0,0,0,0,0,0,0,0,0,0,0,0,0,0,0,0,0,0,0,1,1,0,2,0,0
2020-09-29,0,0,0,0,0,0,0,0,0,0,0,0,48,1,1,0,0,1,0,0,6,0,0,0,0,0,0,0,0,0,1,0,2,0,0,0,0,0,0,0,0,0,0,0,0,0,0,0,0,0,0,0,0,0,0,0,0,0,0,1,0,0,0,0,0
2020-09-30,0,0,0,0,0,0,0,0,1,0,0,0,33,0,0,0,0,0,0,0,3,0,0,0,0,0,0,0,1,0,0,0,1,0,0,0,0,0,0,0,1,0,0,0,0,0,1,0,0,0,0,0,0,0,0,0,0,0,0,0,0,0,1,0,0
2020-10-01,0,0,0,0,1,0,0,1,0,0,0,0,42,0,0,0,0,0,0,0,4,0,0,0,0,0,0,0,0,0,0,0,1,0,0,0,0,0,0,0,0,0,0,0,0,0,0,0,0,1,0,0,0,0,0,0,0,0,0,0,0,0,0,0,0
2020-10-02,1,0,1,0,0,0,0,0,0,0,0,0,30,0,0,0,0,0,0,0,6,0,0,0,0,0,0,0,0,0,0,0,0,0,0,0,0,0,0,0,0,0,0,0,2,0,0,0,0,0,0,0,0,0,0,0,0,0,0,0,0,0,0,0,0
2020-10-03,0,0,0,0,0,0,0,0,0,0,0,0,32,0,0,0,0,0,0,0,7,0,0,0,0,0,0,0,1,0,0,0,1,0,0,0,0,0,0,0,0,0,0,0,0,0,0,0,0,0,0,0,0,0,0,0,0,0,0,0,0,0,0,1,0
2020-10-04,0,0,0,0,0,0,0,0,0,0,0,0,45,0,0,0,0,0,0,1,8,0,0,0,0,0,0,0,0,0,0,0,1,0,1,0,0,0,0,0,0,0,0,0,0,0,0,0,0,0,0,0,0,0,0,0,0,0,0,0,0,0,0,0,0
2020-10-05,0,0,0,0,0,0,0,0,0,0,0,0,31,0,0,1,0,0,0,0,3,0,0,0,0,1,0,0,0,0,0,0,0,0,0,0,0,0,0,0,0,0,0,0,0,0,0,0,0,1,0,0,0,0,0,0,0,0,0,2,0,0,0,0,0
2020-10-06,0,0,3,0,1,1,0,0,0,0,0,0,53,0,0,0,0,0,0,0,9,0,0,0,0,0,0,0,0,0,0,0,0,0,0,0,0,0,0,0,0,0,0,0,0,0,0,0,0,0,0,0,1,0,0,0,0,0,0,1,0,0,0,0,0
2020-10-07,0,0,2,0,0,0,0,1,0,0,0,0,55,0,0,0,0,3,0,0,6,0,0,0,0,0,0,1,0,0,0,0,0,0,0,0,1,0,1,0,0,0,0,0,0,0,0,0,0,0,0,0,0,1,0,0,0,0,0,1,0,0,0,0,0
2020-10-08,0,0,1,0,0,0,0,1,0,0,0,0,43,0,0,0,0,0,0,0,5,0,0,0,0,0,0,0,0,0,0,0,0,0,0,0,2,1,0,0,0,0,0,0,0,0,0,0,0,0,0,0,0,0,0,0,0,0,0,0,1,0,1,0,0
2020-10-09,0,0,1,0,0,0,0,0,0,0,0,0,51,0,0,0,0,0,0,0,10,0,0,0,0,0,0,0,0,1,0,0,0,0,0,0,0,0,0,0,1,0,0,0,0,0,0,0,0,0,0,0,0,0,0,0,1,0,0,1,0,0,0,0,0
2020-10-10,0,0,0,0,0,0,0,0,0,0,0,0,35,0,0,0,0,0,0,0,6,0,0,0,0,0,0,0,0,0,0,0,0,0,0,0,0,0,0,0,0,0,0,0,0,0,0,0,0,0,0,0,0,0,0,0,0,0,0,1,0,0,0,0,0
2020-10-11,0,0,0,0,0,0,0,0,0,0,0,0,36,0,0,0,0,0,0,0,7,0,0,0,0,1,0,0,0,0,0,0,0,0,0,0,0,0,0,0,0,0,0,0,0,0,0,0,0,0,0,0,0,0,0,1,0,0,0,1,0,0,0,0,0
2020-10-12,0,0,0,0,0,0,0,0,2,0,0,0,53,0,0,0,0,0,0,1,9,0,0,0,0,0,0,0,0,0,1,0,0,0,0,0,1,0,0,0,0,1,0,0,0,0,0,1,0,0,0,0,0,0,0,0,0,0,0,1,0,0,0,0,0
2020-10-13,0,0,0,0,0,0,0,0,0,0,2,0,56,0,0,0,0,0,0,0,9,0,0,0,0,1,0,0,0,0,0,0,0,0,0,0,0,1,0,0,0,0,0,0,0,0,0,0,0,0,0,0,0,0,0,0,0,0,0,1,0,0,0,0,1
2020-10-14,0,0,1,0,0,0,0,0,0,0,0,0,47,0,0,0,0,0,0,0,7,0,0,0,0,1,0,0,0,0,0,0,0,0,0,0,0,0,0,0,2,0,0,0,0,0,0,0,0,0,0,0,0,0,0,0,0,0,0,0,0,0,0,0,0
2020-10-15,0,0,0,0,1,0,0,0,0,0,0,0,28,0,0,0,0,0,0,0,7,0,0,0,0,0,0,0,0,0,0,0,0,0,0,0,0,0,0,0,0,0,0,0,0,0,0,0,0,0,0,0,0,0,0,0,0,0,0,2,0,0,0,0,0
2020-10-16,0,0,0,0,0,0,0,0,0,0,0,0,50,0,0,0,0,0,0,0,11,0,0,0,0,0,0,0,0,1,0,0,0,0,0,0,0,1,0,0,0,0,0,0,0,0,0,0,0,0,0,0,0,0,0,0,0,0,0,0,0,0,1,0,0
2020-10-17,0,0,0,0,0,0,0,0,0,0,0,0,38,0,1,0,0,1,0,1,13,0,0,0,0,0,0,1,0,0,1,0,0,0,0,0,0,0,1,0,0,0,0,0,0,0,0,0,0,0,0,0,0,0,0,0,0,0,0,1,0,0,0,0,0
2020-10-18,0,0,0,0,0,0,0,0,0,0,0,0,43,0,0,0,0,1,0,0,16,0,0,0,0,0,0,0,0,0,0,1,0,0,0,0,0,1,0,0,0,0,0,0,0,0,0,0,0,0,0,0,0,0,0,1,0,0,0,1,0,0,0,0,0
2020-10-19,0,0,2,2,0,0,0,0,0,0,0,0,41,0,0,0,0,0,0,0,12,0,0,0,0,0,0,0,0,0,0,0,0,0,0,0,0,0,0,0,0,0,0,0,0,0,0,0,0,0,1,0,0,0,0,1,0,0,0,0,0,0,0,0,0
2020-10-20,0,0,0,0,0,0,0,0,0,0,0,0,51,0,0,0,0,0,0,0,10,0,0,0,0,0,0,0,0,0,1,0,1,0,0,0,0,0,0,0,0,0,0,0,0,1,0,0,0,0,0,0,0,0,0,0,0,0,0,1,0,0,0,0,0
2020-10-21,0,0,1,0,0,0,0,0,0,0,0,0,65,0,0,0,0,0,0,0,7,0,0,0,0,0,0,0,0,0,0,0,0,0,0,0,1,0,0,0,1,0,0,0,0,0,0,0,1,0,1,0,0,0,0,0,0,0,0,0,0,0,0,0,0
2020-10-22,0,0,0,0,0,0,0,0,0,0,0,0,40,0,0,1,0,0,0,0,8,0,0,0,0,0,0,0,0,0,0,0,0,0,0,0,0,0,0,0,1,0,0,0,0,0,0,1,2,0,0,0,0,0,0,0,0,0,0,0,0,0,0,0,0
2020-10-23,0,2,0,0,0,0,0,0,0,0,0,0,47,0,0,0,0,0,0,0,4,0,0,0,0,0,0,0,0,0,0,0,0,0,0,0,0,1,0,0,0,0,0,0,0,1,0,0,2,0,0,0,0,0,0,0,0,0,0,0,0,0,0,0,0
2020-10-24,0,0,0,0,0,0,0,0,0,0,0,0,53,0,0,0,0,0,0,0,11,0,0,0,0,0,0,0,0,0,0,0,0,0,0,0,0,0,0,0,0,0,0,0,0,0,0,0,0,0,0,0,0,0,0,0,0,0,0,1,0,0,0,0,0
2020-10-25,1,0,2,0,0,0,0,0,0,0,0,0,40,0,0,0,0,1,0,0,5,0,0,0,0,0,0,0,0,0,0,0,0,0,1,0,0,0,0,0,0,0,0,0,0,1,0,0,0,0,0,0,0,0,0,0,0,0,0,1,0,0,0,0,0
2020-10-26,0,0,0,0,1,0,0,0,0,0,0,0,53,0,0,0,0,1,0,0,6,0,0,0,0,0,0,0,0,0,0,0,0,0,0,0,0,0,0,0,0,0,0,0,0,0,0,0,0,0,0,0,0,0,0,0,0,0,0,0,0,0,0,0,0
2020-10-27,0,0,1,0,1,0,0,0,0,0,0,0,54,0,0,0,0,0,0,0,8,0,0,0,0,0,0,0,0,0,0,0,0,0,0,0,0,0,0,0,0,0,0,0,0,0,0,0,0,0,0,0,0,1,0,0,0,0,0,0,0,0,0,0,0
2020-10-28,0,0,1,0,0,0,0,0,1,0,0,2,66,0,1,0,0,1,0,0,7,0,0,0,0,0,0,0,0,0,0,0,1,0,0,0,0,1,0,0,0,1,0,0,0,0,0,0,0,0,0,0,0,0,0,0,0,0,0,2,0,0,0,0,0
2020-10-29,0,0,0,0,0,0,0,0,0,0,0,0,42,0,0,0,0,1,0,0,6,0,0,0,0,0,0,0,0,0,0,0,0,0,0,0,0,1,0,0,0,0,0,0,2,0,0,1,0,0,0,0,0,0,0,0,0,0,0,0,0,0,0,0,0
2020-10-30,0,0,0,0,0,0,0,0,0,0,0,0,44,0,0,0,0,0,0,0,9,0,0,1,0,0,0,0,0,0,0,0,0,0,0,0,0,1,0,0,0,1,0,0,0,0,0,0,0,0,0,0,0,0,0,0,0,0,0,0,0,0,1,0,0
2020-10-31,0,0,1,0,1,2,0,0,0,0,0,0,53,0,0,0,0,0,0,0,10,0,0,0,0,0,0,0,0,0,0,0,2,0,0,0,0,0,0,1,0,0,0,0,0,0,0,0,0,0,0,1,0,0,0,0,0,0,0,0,0,0,0,0,0
2020-11-01,0,0,1,0,0,0,0,1,0,0,0,0,56,0,0,0,0,0,0,0,5,0,0,0,0,0,0,0,0,0,2,0,0,0,0,1,0,0,0,0,0,0,1,0,0,0,0,0,0,0,0,0,0,0,0,0,0,0,0,0,0,0,0,0,0
2020-11-02,0,0,1,0,0,0,0,0,0,0,0,0,69,0,1,0,0,1,0,0,10,0,0,0,0,0,0,0,0,0,0,0,0,0,0,0,0,0,0,0,0,0,0,0,0,0,0,0,0,0,0,0,0,0,0,0,0,0,0,0,0,0,0,0,0
2020-11-03,0,0,0,0,0,0,0,0,0,0,0,0,57,0,0,1,0,0,0,0,9,0,0,0,0,1,0,0,0,0,0,0,0,0,0,0,0,0,0,0,0,1,0,0,0,0,0,0,0,1,0,0,0,0,0,0,0,0,0,0,0,0,0,0,0
2020-11-04,1,0,0,0,0,0,0,0,1,0,0,0,46,0,3,0,0,0,0,0,13,0,0,0,0,0,1,0,0,0,0,0,0,0,0,0,0,1,0,0,0,0,0,0,0,0,0,0,0,0,0,0,0,0,0,0,0,0,0,1,0,0,0,0,0
2020-11-05,0,0,1,0,0,0,0,1,0,0,0,0,52,0,0,0,0,0,0,0,9,0,0,0,0,0,0,0,0,0,0,0,0,0,0,0,0,0,0,0,0,0,0,0,0,0,0,0,1,0,0,0,0,0,0,0,0,0,0,1,0,0,0,0,1
2020-11-06,0,0,0,0,0,0,0,0,0,0,1,0,43,0,0,1,0,0,0,1,9,1,0,0,0,0,0,0,0,0,0,0,0,0,0,0,0,0,0,0,0,0,0,0,0,0,0,0,0,1,0,2,0,0,0,0,0,0,0,0,0,0,0,0,0
2020-11-07,0,0,0,0,0,0,0,0,0,0,0,0,57,0,0,1,0,0,0,0,3,0,0,0,0,0,0,0,0,0,0,0,0,0,0,0,0,0,0,0,0,0,0,0,0,0,0,0,0,0,0,0,0,1,0,0,0,0,0,2,0,0,0,0,0
2020-11-08,0,0,0,0,0,0,0,0,0,0,0,0,56,0,0,0,0,0,0,0,10,0,0,0,0,0,0,0,0,0,0,0,0,0,0,0,0,0,0,0,0,0,1,0,0,0,0,0,0,0,0,0,0,0,0,0,0,0,0,0,0,0,0,0,0
2020-11-09,0,0,0,0,0,0,0,0,0,0,0,0,65,0,0,0,0,1,0,0,12,0,0,0,0,0,0,0,0,0,0,0,0,0,0,0,0,0,0,1,0,0,0,0,0,0,1,0,0,0,0,0,0,0,0,0,0,0,0,0,0,0,1,0,0
2020-11-10,1,0,0,0,0,0,0,1,0,0,0,0,64,0,0,0,0,0,0,0,8,1,0,0,0,0,0,0,0,0,1,0,0,0,0,0,0,0,0,0,0,0,0,0,0,0,0,0,0,0,0,0,0,0,0,0,0,0,1,1,0,0,0,0,1
2020-11-11,0,0,0,0,0,0,0,0,0,0,0,0,66,0,1,0,0,0,0,0,11,0,0,0,0,1,0,0,0,1,1,0,0,0,0,0,0,1,0,0,0,0,0,0,0,0,0,0,0,0,0,0,0,0,0,0,0,0,0,0,0,0,0,0,0
2020-11-12,0,0,1,0,0,0,0,0,0,0,0,0,72,0,0,0,1,0,0,0,4,0,0,0,0,0,0,0,0,0,0,0,0,0,0,1,0,0,0,0,1,0,0,0,0,0,0,0,0,0,0,0,0,0,0,0,0,0,0,1,0,0,0,0,0
2020-11-13,0,0,2,0,0,0,0,0,0,0,0,0,61,0,0,0,0,0,0,0,10,0,0,0,0,0,0,0,0,0,0,0,0,0,0,0,0,1,0,0,0,0,1,0,0,0,0,0,0,1,0,0,0,0,0,0,0,0,0,0,0,0,0,0,0
2020-11-14,1,0,0,1,0,0,0,0,0,0,0,0,76,0,0,0,0,0,0,0,8,0,0,0,0,0,0,0,0,0,0,0,1,1,0,1,1,0,0,0,0,0,0,0,0,0,0,0,0,0,0,0,0,0,0,0,0,0,0,0,1,0,0,0,0
2020-11-15,0,0,1,0,0,1,1,1,0,0,0,0,52,0,0,0,0,0,0,0,11,0,0,0,0,1,0,0,0,0,2,0,0,0,0,0,0,1,0,1,0,0,0,0,0,0,0,0,0,0,0,0,0,0,0,0,0,0,0,1,0,0,0,0,0
2020-11-16,1,0,1,0,0,0,0,0,0,0,0,1,64,1,0,0,0,0,0,0,9,0,0,0,0,1,0,0,0,0,0,0,0,0,0,0,0,1,0,0,0,0,0,0,0,0,0,0,0,0,0,0,0,1,0,0,0,0,0,2,0,0,1,0,0
2020-11-17,0,0,1,0,0,1,0,0,0,0,0,0,64,0,0,0,0,0,0,0,10,0,0,0,0,0,0,0,0,0,0,0,1,0,0,0,0,0,0,0,0,0,0,0,0,0,0,0,1,1,0,0,0,0,0,0,0,0,0,0,0,0,0,0,0
2020-11-18,0,1,3,0,0,0,0,0,0,0,0,0,69,0,0,0,0,0,0,0,10,0,0,0,0,0,0,0,0,0,0,0,2,0,0,0,0,0,0,0,0,0,0,0,0,0,0,0,0,0,0,0,0,1,0,0,0,0,0,0,0,0,0,0,0
2020-11-19,0,0,0,0,0,0,0,1,0,0,0,0,61,0,0,0,0,0,0,0,13,1,0,0,0,0,0,0,0,0,0,0,0,0,0,0,0,0,1,1,0,0,0,0,0,0,0,0,0,0,0,0,0,0,0,0,0,0,0,1,0,0,0,0,0
2020-11-20,0,0,0,0,0,0,0,0,0,0,0,0,61,0,0,0,0,0,0,0,7,0,0,0,0,0,0,0,0,0,0,0,0,0,0,0,0,0,0,0,0,0,0,0,0,0,0,1,0,0,0,0,0,0,0,0,0,0,0,1,0,0,0,0,0
2020-11-21,0,0,0,0,0,0,0,1,0,1,0,0,64,0,1,0,0,0,0,0,13,0,0,0,0,0,0,0,0,0,0,0,0,0,0,0,0,1,0,0,0,0,0,0,0,0,0,0,0,0,0,0,0,0,0,0,0,0,0,0,0,0,0,0,0
2020-11-22,0,0,0,0,0,0,0,0,0,0,0,0,75,0,1,0,0,1,0,0,10,0,0,0,0,0,0,0,0,0,0,0,0,0,0,0,0,0,0,0,0,0,0,0,0,0,0,0,0,0,0,0,0,0,0,0,0,0,1,0,0,0,0,0,0
2020-11-23,0,0,1,0,0,0,0,0,0,0,0,0,66,0,0,0,0,0,0,0,8,0,0,0,0,0,0,0,0,1,0,0,1,0,1,0,1,0,0,0,0,2,0,0,0,0,0,0,0,0,0,0,1,0,0,0,0,0,0,0,0,0,0,0,0
2020-11-24,0,0,2,0,0,0,0,1,0,0,0,0,84,0,0,1,0,0,0,1,8,0,0,0,0,1,0,0,0,0,0,0,0,0,0,0,0,1,0,0,0,0,0,0,0,0,2,1,1,0,0,0,0,0,0,0,0,0,0,1,0,0,0,0,0
2020-11-25,1,0,3,0,1,0,0,0,0,0,0,0,71,0,0,0,0,0,0,0,11,0,0,0,0,1,0,0,0,1,0,0,0,0,1,0,0,0,0,0,0,0,1,0,1,0,0,0,4,0,0,0,0,0,0,0,0,0,0,0,0,0,0,0,0
2020-11-26,0,0,2,0,0,0,0,0,0,0,4,0,48,0,0,0,0,0,0,0,8,0,0,0,0,0,0,0,0,0,0,0,0,0,1,0,0,0,0,0,0,0,0,0,0,0,0,0,0,0,0,0,0,0,0,0,1,0,0,0,0,0,0,0,0
2020-11-27,0,0,0,0,0,0,0,1,0,0,3,0,62,0,0,1,0,0,0,0,11,0,0,0,0,0,0,0,0,0,1,0,0,0,0,0,0,0,0,0,0,0,0,0,0,2,0,0,0,0,0,0,0,1,0,0,0,0,0,0,0,0,0,0,0
2020-11-28,0,0,0,0,0,0,0,0,0,0,0,0,47,0,0,0,0,0,0,0,6,0,0,0,0,0,0,0,0,0,0,1,0,0,0,0,0,1,0,0,0,0,0,0,0,0,0,1,0,0,0,0,0,1,0,0,0,1,0,0,0,0,0,0,0
2020-11-29,0,0,2,0,0,0,0,0,0,0,0,0,59,0,0,0,0,0,0,1,8,0,0,0,0,1,0,0,0,0,0,0,0,0,0,0,0,1,0,0,0,0,1,0,0,0,0,0,0,0,0,0,0,0,0,0,0,0,0,0,0,0,1,0,0
2020-11-30,0,0,0,0,0,0,0,0,0,0,0,0,55,0,0,0,0,0,0,0,9,0,0,0,0,0,0,0,0,0,0,0,0,0,0,0,0,0,0,0,1,0,1,0,0,0,0,0,0,0,0,0,0,0,0,0,0,0,0,0,0,0,0,0,0
2020-12-01,0,0,0,1,0,0,0,0,0,1,0,0,56,0,0,0,0,0,0,0,18,0,1,0,0,0,0,0,0,0,0,0,0,0,0,0,0,1,0,0,0,0,0,0,2,0,0,0,0,1,0,0,0,0,0,0,0,0,0,1,0,0,2,0,0
2020-12-02,0,0,1,0,0,0,0,1,0,0,0,0,57,0,0,0,0,1,0,0,7,0,0,0,0,0,0,0,0,0,0,0,0,0,0,0,1,0,0,0,0,0,0,1,0,0,0,0,0,0,0,0,0,1,0,0,0,0,0,0,1,0,0,0,0
2020-12-03,2,0,2,0,0,0,1,0,0,0,0,0,41,0,0,0,0,1,0,0,5,0,0,0,0,0,0,0,0,0,0,0,1,0,0,0,0,0,0,0,0,0,0,0,0,0,0,0,0,0,0,0,0,0,0,0,0,0,0,0,0,0,0,0,0
2020-12-04,0,0,3,0,0,0,0,0,0,0,0,0,45,0,0,0,0,0,0,0,6,0,0,0,0,0,0,0,0,0,0,0,0,0,0,0,0,0,0,0,0,0,0,0,0,1,0,0,0,0,0,0,0,1,0,0,0,0,0,0,0,0,1,0,0
2020-12-05,0,0,0,0,0,0,0,0,0,0,0,0,42,0,0,0,0,0,0,0,1,0,0,0,0,0,0,0,0,0,0,0,0,0,0,0,1,0,0,0,0,0,0,0,0,0,0,0,0,0,0,0,0,0,0,0,0,0,0,0,0,0,0,0,0
2020-12-06,0,0,0,0,0,0,0,2,0,0,0,0,46,0,0,0,0,1,0,0,5,0,0,0,0,0,0,0,0,0,1,0,0,0,0,0,0,0,0,0,0,0,0,0,0,0,0,0,0,0,0,0,0,0,0,0,0,0,1,0,0,0,0,0,0
2020-12-07,0,0,2,0,1,0,0,0,0,0,0,0,51,0,0,0,0,0,0,0,12,0,0,0,1,0,0,0,0,0,0,0,1,0,0,0,0,0,0,0,0,0,0,0,0,0,0,0,1,0,1,1,0,1,0,0,0,0,0,0,0,0,0,0,0
2020-12-08,0,0,1,0,0,0,0,0,0,0,0,0,55,0,0,1,0,0,0,0,5,0,0,0,0,0,0,0,0,0,0,0,0,0,0,0,0,0,0,3,0,0,0,0,0,0,0,0,0,0,0,0,0,0,0,0,0,0,0,0,0,0,0,0,0
2020-12-09,0,0,0,0,0,0,0,0,0,0,0,0,40,0,0,0,0,1,0,0,6,1,0,0,0,0,0,0,0,0,0,0,0,0,0,0,0,0,0,0,0,0,0,0,0,0,0,1,0,0,0,0,0,0,0,0,0,2,0,0,0,0,0,0,0
2020-12-10,0,0,1,0,0,0,0,0,0,0,0,0,41,0,0,0,0,0,0,0,8,0,0,0,0,0,0,0,3,0,0,0,0,0,0,1,0,0,0,0,0,0,0,0,0,0,1,0,0,0,0,0,0,0,0,0,0,0,0,0,0,0,0,0,0
2020-12-11,0,0,2,0,0,0,0,1,0,0,0,0,36,0,1,0,0,0,0,0,5,0,0,0,0,0,0,0,0,0,0,0,1,0,0,0,0,1,0,0,0,0,0,0,0,0,0,0,0,0,0,0,0,0,0,0,0,0,0,0,0,0,0,0,0
2020-12-12,0,0,1,0,0,0,0,0,0,0,0,0,36,0,0,0,0,0,0,0,4,0,0,1,0,0,0,0,0,1,0,0,0,0,0,0,0,1,0,1,0,0,0,0,0,0,0,0,0,0,0,0,0,0,0,0,0,0,0,0,0,0,0,0,0
2020-12-13,0,0,0,0,2,0,0,0,0,0,0,0,36,0,0,0,0,1,0,0,9,0,0,0,0,0,0,0,0,0,0,0,0,0,0,0,0,0,0,0,0,0,0,0,0,0,0,0,0,0,0,0,0,0,0,0,0,0,0,0,0,0,0,0,0
2020-12-14,0,0,0,0,0,0,0,0,0,0,0,0,46,0,0,0,0,0,0,0,8,0,0,0,0,0,0,0,1,0,0,0,0,0,0,0,0,0,0,0,0,0,2,0,0,0,0,0,1,0,0,0,0,0,0,0,0,0,0,0,0,0,0,0,0
2020-12-15,0,0,0,0,0,0,0,1,0,0,1,0,51,0,0,0,0,0,0,0,6,0,0,0,0,0,0,0,0,0,0,0,0,0,0,0,0,1,0,0,0,0,0,0,0,0,0,0,0,0,0,0,0,0,0,0,0,0,0,0,0,0,0,0,0
2020-12-16,0,0,1,0,0,0,0,0,0,0,0,0,17,0,0,0,0,0,0,0,7,1,0,0,0,0,0,0,0,0,0,0,0,0,0,0,0,0,0,0,0,0,0,1,0,0,0,0,0,0,0,0,0,0,0,0,0,0,0,1,0,0,0,0,0
2020-12-17,0,0,1,0,0,0,0,0,0,0,0,0,23,0,0,0,0,0,0,0,5,0,0,0,0,0,0,1,0,0,0,0,0,0,0,0,0,0,0,0,0,0,0,0,0,0,0,0,0,0,0,0,0,0,0,0,0,0,0,0,0,0,0,0,0
2020-12-18,0,2,1,0,0,0,0,0,0,0,0,0,17,0,1,0,1,0,0,0,1,0,0,0,0,0,0,0,0,0,0,0,1,0,0,0,1,0,0,0,0,0,0,0,0,0,0,0,0,0,0,0,0,0,0,0,0,0,0,0,1,0,0,0,0
2020-12-19,0,0,0,0,0,0,0,0,0,0,0,0,25,0,0,0,0,0,0,0,3,0,0,0,0,0,0,0,0,0,0,0,0,0,0,0,0,0,0,0,1,0,0,0,0,0,0,0,0,0,0,0,0,0,0,0,0,0,0,0,0,0,0,0,0
2020-12-20,0,0,0,0,0,0,0,0,0,0,0,0,16,0,0,0,0,0,0,0,5,0,0,0,0,0,0,0,0,0,0,0,0,0,0,0,0,0,0,0,0,0,1,0,0,0,0,0,0,0,0,0,0,0,0,0,0,0,0,0,0,0,0,0,1
2020-12-21,0,0,0,0,0,0,0,0,0,0,0,0,27,0,0,0,0,0,0,0,1,0,0,0,0,0,0,0,0,0,0,0,0,0,0,0,0,1,0,0,0,0,0,0,0,0,0,0,0,1,0,0,0,0,0,0,0,0,0,1,0,0,0,0,0
2020-12-22,1,0,0,0,0,0,0,0,0,0,0,0,25,0,0,0,0,0,0,0,7,0,0,0,0,0,0,0,0,0,0,0,0,0,0,0,0,0,0,0,0,0,0,0,0,0,0,0,0,0,0,0,0,0,0,0,0,0,0,0,0,0,0,0,0
2020-12-23,0,0,1,0,0,0,0,0,0,0,0,0,25,0,0,1,0,0,0,0,1,0,0,0,0,0,0,0,0,0,0,0,1,0,0,0,0,0,0,0,0,0,0,0,0,0,0,0,0,0,0,0,0,0,0,0,0,0,0,0,0,0,0,0,0
2020-12-24,0,0,0,0,0,0,0,0,0,0,0,0,23,0,0,0,0,0,0,0,4,0,0,0,0,0,0,0,0,0,2,0,0,0,0,0,0,1,0,0,0,0,0,0,1,0,0,0,0,0,0,0,0,1,0,0,0,0,0,0,0,0,0,0,0
2020-12-25,0,0,1,0,0,0,0,0,0,0,0,0,31,0,0,0,0,0,0,0,4,0,0,0,0,0,0,0,0,0,0,0,0,0,0,0,0,0,0,0,0,0,0,0,0,0,0,0,0,0,0,0,0,0,0,0,0,0,0,0,0,0,0,0,0
2020-12-26,0,0,0,0,0,0,0,0,0,0,0,0,30,0,0,0,0,1,0,0,1,0,0,0,0,0,0,0,0,0,0,0,0,0,0,0,0,0,0,0,0,0,0,0,0,0,0,0,0,0,0,0,0,0,0,0,0,0,0,1,0,0,0,0,0
2020-12-27,0,0,3,0,2,0,0,0,0,0,0,0,30,0,0,0,0,1,0,0,5,0,0,1,0,0,0,0,1,0,0,0,0,0,0,0,0,0,0,0,0,0,0,0,0,0,0,0,0,0,0,0,0,0,0,1,0,0,0,1,0,0,0,0,0
2020-12-28,0,0,0,0,0,0,0,0,0,0,0,0,34,0,0,0,0,0,0,0,5,0,0,0,0,0,0,1,0,0,0,0,0,0,0,0,0,0,0,0,1,0,0,0,0,0,0,0,0,0,0,0,0,0,0,0,0,0,0,1,0,0,0,0,0
2020-12-29,0,0,0,0,1,0,0,0,0,0,0,0,27,0,0,0,0,0,0,0,3,0,0,1,0,0,0,0,0,0,0,0,0,0,0,0,0,0,0,0,0,0,0,0,0,1,0,0,1,0,0,0,0,0,0,0,0,0,0,0,0,0,0,0,0
2020-12-30,0,0,0,0,0,0,0,0,0,0,0,0,38,0,0,1,0,0,0,0,4,0,0,1,0,0,0,0,0,0,0,0,1,0,0,1,0,0,0,0,0,0,0,0,0,0,0,0,0,0,0,0,0,0,0,0,0,0,0,0,0,0,0,0,0
2020-12-31,0,0,0,0,0,0,0,0,0,0,0,0,20,0,0,0,0,1,0,0,2,0,0,1,0,0,0,0,0,0,0,0,0,0,0,0,0,0,0,0,0,0,0,0,0,0,0,0,0,0,0,0,0,0,0,0,0,0,0,0,0,0,1,0,0
2021-01-01,0,0,0,0,0,0,0,0,0,0,0,0,17,0,0,0,0,0,0,0,3,0,0,0,0,0,0,0,0,0,0,0,0,0,0,0,0,0,0,0,0,0,1,0,0,0,0,1,0,0,0,0,0,0,0,0,0,0,0,0,0,0,0,0,0
2021-01-02,0,0,0,0,0,0,0,0,0,0,0,0,26,0,0,0,0,1,0,0,2,0,0,0,2,0,0,0,0,0,0,0,0,0,0,0,0,0,0,0,0,0,0,0,0,0,0,0,0,0,0,0,0,0,0,0,0,0,0,0,0,0,0,0,0
2021-01-03,0,0,0,0,0,0,0,1,0,0,0,0,21,0,0,0,0,0,0,0,4,0,0,1,0,0,0,0,0,0,0,0,0,0,0,0,0,0,0,0,0,0,0,0,0,0,0,0,0,0,0,0,0,0,0,0,0,0,0,0,0,0,0,0,0
2021-01-04,0,0,1,0,0,0,0,0,0,0,0,0,27,0,0,0,0,0,0,0,3,0,0,0,0,0,0,0,0,0,0,0,0,0,0,0,0,1,0,0,0,0,0,0,0,0,0,0,0,0,0,0,0,0,0,0,0,0,0,2,0,0,0,0,0
2021-01-05,0,0,0,0,0,0,0,0,0,0,0,0,32,0,0,0,0,2,0,0,6,0,0,0,0,0,0,0,0,0,0,0,0,0,0,0,0,1,0,0,0,0,0,0,0,0,0,0,0,1,0,0,0,0,0,0,0,0,0,1,0,0,0,0,0
2021-01-06,0,0,0,0,0,0,0,0,0,0,0,1,25,0,0,0,0,0,0,0,7,0,0,0,0,0,0,0,0,0,1,0,0,0,0,0,0,1,0,0,0,0,0,0,0,0,0,0,0,0,0,0,0,0,0,0,0,0,0,0,0,0,0,0,0
2021-01-07,0,0,2,0,0,0,0,0,0,0,0,0,21,0,0,0,0,0,0,0,0,0,0,0,0,0,0,0,0,0,0,0,0,0,0,0,0,0,0,0,0,0,0,0,0,0,0,0,0,0,0,1,0,0,0,0,0,0,1,1,0,0,0,0,0
2021-01-08,0,0,1,0,0,0,0,0,0,0,0,0,19,0,0,0,0,0,0,0,1,0,0,0,0,0,0,0,0,0,0,0,0,0,0,0,0,0,0,0,0,0,0,0,0,0,0,0,0,0,0,0,0,1,0,0,0,0,0,0,0,0,0,0,0
2021-01-09,0,0,0,0,0,0,0,0,0,0,0,0,23,0,0,0,0,0,0,0,2,0,0,0,0,0,0,1,0,0,0,0,0,0,0,0,0,0,0,0,0,0,0,0,0,0,0,0,0,0,0,0,0,0,0,0,0,0,0,0,0,0,0,0,0
2021-01-10,0,0,2,0,0,0,0,0,0,0,1,0,26,0,0,1,0,0,0,0,1,0,0,0,0,0,0,0,0,0,0,0,0,0,0,0,0,0,0,0,0,0,0,0,0,0,0,0,0,0,0,0,0,0,0,0,0,0,0,0,0,0,0,0,0
2021-01-11,0,0,0,1,0,0,0,0,0,0,0,0,21,0,0,1,0,0,0,0,5,0,0,0,0,0,0,0,0,0,0,0,0,0,0,0,1,0,0,0,0,0,0,0,0,0,0,0,0,0,0,0,0,0,0,0,0,0,1,0,0,0,0,0,0
2021-01-12,0,0,0,0,0,0,0,0,0,0,0,0,24,0,0,0,0,0,1,0,1,0,0,0,0,0,0,0,0,0,0,0,0,0,0,0,0,0,0,0,0,0,0,1,0,0,0,0,0,0,0,0,0,0,0,0,0,0,0,0,0,0,0,0,0
2021-01-13,0,0,0,0,1,0,0,0,0,0,0,0,20,1,0,0,0,0,0,0,2,0,0,0,0,0,0,0,0,0,0,0,0,0,0,0,0,0,0,0,0,0,0,0,0,0,0,0,0,0,0,0,0,0,0,0,0,0,0,0,0,0,0,0,0
2021-01-14,0,0,1,0,0,1,0,0,0,0,0,0,16,0,0,0,0,0,0,0,1,2,0,0,0,0,0,1,0,0,0,0,0,0,0,0,1,0,0,0,0,0,0,0,0,0,0,0,0,0,0,0,0,0,0,0,0,0,0,0,0,0,0,0,0
2021-01-15,0,0,0,0,0,0,0,0,2,0,0,0,18,0,0,0,0,0,0,0,1,0,0,0,0,0,0,0,0,0,0,0,0,0,0,0,0,0,0,0,0,0,0,0,0,0,0,0,0,0,0,0,0,0,0,0,0,0,0,0,0,0,0,0,0
2021-01-16,0,0,0,0,2,1,0,0,0,0,0,0,8,0,0,0,0,0,0,0,2,1,0,0,0,0,0,0,0,0,0,0,1,0,0,0,0,0,0,0,0,0,0,0,0,0,0,0,0,0,0,1,0,0,0,0,0,0,0,0,0,0,0,0,0
2021-01-17,0,0,0,0,0,0,0,0,0,0,0,0,22,0,0,0,0,0,0,0,3,0,0,0,0,0,0,0,1,0,0,0,0,0,0,0,0,0,0,0,0,0,0,0,0,0,0,0,0,0,0,0,0,0,0,0,0,0,0,0,0,0,0,0,0
2021-01-18,0,0,0,0,0,0,0,0,0,0,0,1,14,0,0,0,0,0,0,0,2,0,0,0,0,0,0,0,0,0,0,0,0,0,0,0,0,0,0,0,0,0,0,0,0,0,0,0,0,0,0,0,0,0,0,0,0,0,0,0,0,0,0,0,0
2021-01-19,0,0,1,0,0,0,0,1,0,0,0,0,12,0,0,0,0,0,0,0,2,0,0,0,0,0,0,0,0,0,0,0,0,0,0,0,1,0,0,0,0,0,0,0,0,0,0,0,0,0,0,0,0,0,0,0,0,0,0,0,0,1,0,0,0
2021-01-20,0,0,0,0,0,0,0,0,0,0,0,0,14,0,0,0,0,1,0,0,1,0,0,0,0,0,0,0,0,0,0,0,0,0,0,0,0,0,0,0,0,0,0,0,0,0,0,0,0,0,0,0,0,0,0,0,0,0,0,0,0,0,0,0,0
2021-01-21,0,0,0,0,0,0,0,0,0,0,0,0,16,0,0,0,0,0,0,0,0,0,0,0,0,0,0,0,0,0,0,0,0,0,0,0,0,0,0,0,0,0,0,0,0,0,0,0,0,0,0,1,0,0,0,0,0,0,0,0,0,0,0,0,0
2021-01-22,0,0,0,0,0,0,0,0,0,0,0,0,15,0,0,0,0,0,0,0,0,0,0,0,0,0,0,0,0,0,0,0,0,0,0,0,0,0,0,0,0,0,0,0,0,0,0,0,0,0,0,0,0,0,0,0,0,0,0,1,0,0,0,0,0
2021-01-23,0,0,0,0,0,0,0,0,0,0,0,0,21,0,0,0,0,0,0,0,0,0,0,0,0,0,0,0,0,0,0,0,1,0,0,0,0,0,0,0,0,0,0,0,0,0,0,0,0,0,0,0,0,0,0,0,0,0,0,0,0,1,0,0,0
2021-01-24,0,0,2,0,0,0,0,0,0,0,0,0,13,0,0,0,0,0,0,0,2,0,0,0,0,0,0,0,0,0,0,0,0,0,0,0,0,0,0,0,0,0,0,0,0,0,0,0,0,0,0,0,0,0,0,0,0,0,0,0,0,0,0,0,0
2021-01-25,0,0,0,0,0,0,0,0,0,0,0,0,20,0,0,0,0,0,0,0,2,0,0,0,0,0,0,0,0,0,0,0,0,0,0,0,0,0,0,0,0,0,0,0,0,0,0,0,0,0,0,0,0,0,0,0,0,0,0,0,0,0,0,0,0
2021-01-26,1,0,0,0,0,1,0,0,1,0,0,0,24,0,0,0,0,0,0,0,2,0,0,0,0,0,0,0,0,0,0,0,0,0,0,0,0,0,0,0,0,0,0,0,0,0,0,0,0,0,0,0,0,0,0,0,0,0,0,0,0,0,0,0,0
2021-01-27,0,0,0,0,0,0,0,0,0,0,0,0,13,0,0,0,0,0,0,0,1,0,0,0,0,0,0,0,0,0,0,0,0,0,0,0,0,0,0,0,0,0,0,0,0,0,0,0,0,0,0,0,0,0,0,0,0,0,0,0,0,0,0,0,0
2021-01-28,1,0,0,0,0,0,0,0,0,0,0,0,19,0,0,0,0,0,0,0,2,0,0,0,0,0,0,0,0,0,0,0,0,0,0,0,0,0,0,0,0,0,0,0,0,0,0,0,0,0,0,0,0,0,0,0,0,0,0,0,0,0,0,0,0
2021-01-29,0,0,0,0,0,0,0,0,0,0,0,0,6,0,0,0,0,1,0,0,4,0,0,0,0,0,0,0,0,0,0,0,0,0,0,0,0,0,0,0,0,0,0,0,0,0,0,0,0,0,0,0,0,0,0,0,0,0,0,0,0,0,0,0,0
2021-01-30,0,0,0,0,0,0,0,0,0,0,0,0,14,0,0,0,0,0,0,0,1,0,0,0,0,0,0,0,0,0,0,0,0,0,0,0,0,0,0,0,0,0,0,0,0,0,0,0,0,0,0,0,0,0,0,0,0,0,0,0,0,0,0,0,0
2021-01-31,0,0,1,0,0,0,0,0,0,0,0,0,22,0,0,0,0,0,0,0,3,0,0,0,0,0,0,0,0,0,0,0,0,0,0,0,0,0,0,0,0,0,0,0,0,0,0,0,0,0,0,0,0,0,0,1,0,0,0,0,0,0,0,0,0
2021-02-01,0,0,0,0,0,0,0,0,0,0,0,0,18,0,0,0,0,0,0,0,2,0,0,0,0,0,0,0,0,0,0,0,0,0,0,0,0,0,0,0,0,0,0,0,0,0,0,0,0,0,0,0,0,0,0,0,1,0,0,1,0,0,0,0,0
2021-02-02,0,0,0,0,0,0,0,0,0,0,0,0,9,0,0,0,0,0,0,0,3,0,0,0,0,0,0,0,0,0,0,0,0,0,0,0,1,0,0,0,0,0,0,0,0,0,0,0,0,0,0,0,0,0,0,0,0,0,0,1,0,0,0,0,0
2021-02-03,0,0,0,0,0,0,0,0,0,0,0,0,10,0,0,0,0,0,0,0,1,0,0,0,0,0,0,0,0,0,0,0,0,0,0,0,0,0,0,0,0,0,0,0,0,0,0,0,0,0,0,0,0,0,0,0,0,0,0,0,0,0,0,0,1
2021-02-04,0,0,1,0,0,0,0,0,0,0,0,0,23,0,0,0,0,0,0,0,0,0,0,0,0,0,0,0,0,0,0,0,0,0,0,0,0,0,0,0,0,0,0,1,0,0,0,0,0,0,0,0,0,0,0,0,0,0,0,0,0,0,0,0,0
2021-02-05,0,0,0,0,0,0,0,0,0,0,0,0,8,0,0,0,0,0,0,0,2,0,0,0,0,0,0,0,0,0,0,0,0,0,0,0,0,0,0,0,0,0,0,0,0,0,0,0,0,0,0,0,0,0,0,0,0,0,0,0,0,0,0,0,0
2021-02-06,0,0,0,0,0,0,0,1,0,0,0,0,29,0,0,0,0,0,0,1,1,0,0,0,0,0,0,0,0,0,0,0,3,0,0,0,0,1,0,0,0,0,0,0,0,0,0,0,0,0,0,0,0,0,0,0,0,0,0,0,0,0,0,0,0
