date,Brahmanbaria,Satkhira,Chittagong,Magura,Kushtia,Chandpur,Panchagarh,Mymensingh,Nilphamari,Narail,Gopalganj,Manikganj,Unknown,Meherpur,Feni,Noakhali,Barguna,Gazipur,Pirojpur,Jamalpur,Dhaka,Natore,Chuadanga,Madaripur,Naogaon,Bogra,Cox's Bazar,Narsingdi,Rangpur,Jaipurhat,Sunamganj,Bhola,Comilla,Khagrachhari,Rajbari,Dinajpur,Faridpur,Sylhet,Chapainawabganj,Rajshahi,Munshiganj,Pabna,Sherpur,Rangamati,Thakurgaon,Habiganj,Sirajganj,Jhenaidah,Netrokona,Bagerhat,Tangail,Barisal,Gaibandha,Kishoreganj,Bandarban,Kurigram,Shariatpur,Lalmonirhat,Lakshmipur,Narayanganj,Jessore,Maulvibazar,Khulna,Jhalokati,Patuakhali
2020-04-03,3,1,8,0,0,5,0,1,2,0,0,2,0,0,1,2,0,8,0,2,73,1,0,3,2,8,2,1,3,0,0,0,4,0,0,2,0,2,0,2,1,5,5,0,0,0,0,5,2,3,2,0,1,3,0,0,0,0,4,10,1,2,3,0,0
2020-04-04,3,1,30,0,7,10,1,6,3,2,0,2,0,1,4,8,3,20,3,6,255,0,3,0,2,15,4,4,6,1,0,1,13,1,4,5,0,14,2,4,0,5,2,0,1,3,13,1,1,2,9,3,4,2,1,1,1,0,6,28,3,1,6,0,3
2020-04-05,3,4,28,0,2,4,2,19,0,0,2,2,0,0,10,11,1,26,2,5,248,3,2,2,3,5,9,9,3,0,14,1,17,2,2,6,2,12,1,3,6,8,2,0,1,1,3,0,4,2,5,4,5,2,2,0,0,0,1,28,5,1,10,2,0
2020-04-06,14,19,72,5,2,6,0,20,6,2,4,5,0,1,10,19,2,31,9,16,710,5,5,2,12,12,5,11,15,1,3,1,16,2,1,15,5,23,4,17,2,9,3,0,9,3,8,10,6,3,9,13,6,9,0,2,5,2,3,59,22,6,32,2,4
2020-04-07,4,2,11,2,2,0,0,2,4,0,1,2,0,0,3,8,0,14,0,1,153,5,0,1,3,4,0,3,2,0,0,5,5,1,1,5,9,6,0,4,2,2,1,1,0,2,1,2,2,0,1,3,0,0,0,1,1,0,3,12,3,2,6,0,0
2020-04-08,4,1,2,0,2,1,0,5,0,0,0,0,0,0,0,0,0,7,0,0,325,0,0,0,0,1,2,0,1,0,0,0,0,0,0,0,1,1,0,0,1,0,0,0,1,0,0,0,1,0,6,1,2,0,0,0,0,0,0,1,0,0,2,0,0
2020-04-09,2,3,13,0,2,4,1,6,2,0,2,4,0,0,1,5,1,12,1,2,127,5,1,6,6,1,4,7,14,1,0,0,12,1,1,1,6,5,1,2,6,2,2,1,0,3,0,3,5,2,9,8,3,0,1,0,2,1,3,16,5,0,13,1,0
2020-04-10,2,0,14,0,3,3,0,1,0,0,1,1,264,0,6,2,0,6,0,0,80,3,1,2,2,2,1,3,5,0,3,0,4,0,0,1,3,2,0,4,2,1,0,0,2,0,0,0,0,4,5,0,1,2,0,0,0,0,0,2,4,0,4,0,0
2020-04-11,0,2,7,1,0,0,0,1,0,1,2,0,550,0,2,1,0,1,0,0,57,1,0,0,1,0,0,2,0,0,0,2,4,0,0,1,1,2,0,2,0,2,0,0,0,0,1,0,0,0,3,1,2,0,0,0,2,1,1,5,1,0,2,1,0
2020-04-12,2,1,7,2,1,3,0,5,1,1,1,0,535,1,1,0,0,6,0,0,45,3,0,2,2,6,0,2,1,1,0,2,3,0,0,0,0,1,1,2,0,0,0,0,1,1,0,2,1,1,0,2,1,0,0,0,0,0,0,1,0,1,3,2,0
2020-04-13,0,0,4,0,0,1,2,2,0,0,1,2,400,1,4,0,0,2,0,3,57,1,2,0,1,0,2,2,4,0,0,0,3,0,0,1,1,1,1,2,1,2,0,0,1,1,2,3,0,1,1,0,1,2,0,0,1,0,0,4,0,0,0,0,1
2020-04-14,0,4,4,0,0,1,0,1,0,2,1,1,306,0,1,1,1,1,0,1,35,0,1,0,0,1,0,3,0,0,0,0,7,0,0,0,0,1,0,2,0,1,0,0,0,0,1,0,0,0,1,0,1,0,0,0,0,0,0,8,0,1,0,0,1
2020-04-15,0,0,8,2,1,0,0,1,0,0,0,0,363,0,0,2,0,2,0,0,50,0,0,1,0,0,1,1,0,0,0,0,2,0,1,1,0,2,0,4,0,0,0,0,1,0,1,0,0,0,0,2,2,9,0,0,1,0,0,6,0,0,0,0,0
2020-04-16,1,1,8,1,1,0,0,3,0,0,0,0,171,0,0,1,0,1,1,2,26,0,0,0,0,0,0,1,0,0,0,0,0,0,1,0,1,1,3,2,0,0,0,0,1,0,0,0,0,0,0,0,1,1,0,0,0,0,0,2,0,2,2,0,0
2020-04-17,1,0,14,0,0,1,0,1,0,0,0,1,303,1,2,0,0,3,0,0,41,0,1,0,1,2,1,0,1,0,1,0,1,0,0,0,0,2,2,2,1,5,1,0,0,0,3,1,1,8,4,6,0,2,0,0,0,0,0,4,1,0,3,1,0
2020-04-18,0,0,5,0,2,0,0,0,0,0,0,0,248,0,0,0,0,0,0,0,24,0,0,0,0,1,1,0,2,0,0,0,1,0,0,2,1,1,0,0,1,1,1,0,0,0,0,3,0,0,0,4,0,0,0,1,0,0,0,0,0,0,2,0,0
2020-04-19,1,1,3,0,0,0,0,0,0,0,0,1,204,0,0,0,0,1,4,0,24,0,0,0,2,4,0,2,2,0,0,1,0,0,0,1,0,2,0,1,0,0,0,0,1,0,0,0,0,0,1,0,0,1,0,1,0,0,0,6,1,1,0,0,1
2020-04-20,0,1,16,0,0,2,0,3,0,0,0,0,357,0,0,1,0,3,0,2,44,1,0,0,1,1,0,2,5,0,0,1,3,0,0,1,1,2,0,0,2,2,2,0,1,0,0,0,0,1,0,0,0,0,1,1,0,0,1,4,1,1,2,0,0
2020-04-21,2,0,4,0,1,1,0,5,0,0,0,0,457,0,2,1,0,8,1,0,50,0,1,2,1,2,3,0,2,0,0,4,0,1,0,0,0,7,1,3,0,3,0,0,0,3,4,1,0,0,6,2,1,6,0,0,0,1,0,7,0,1,5,0,1
2020-04-22,0,0,6,0,3,0,0,2,0,0,0,0,382,1,2,1,3,5,0,1,68,1,0,1,0,5,1,1,0,0,0,0,0,1,0,1,0,1,4,2,1,3,0,1,0,1,2,0,1,0,1,3,0,6,0,0,0,0,0,6,3,0,6,0,1
2020-04-23,0,3,8,0,1,0,1,2,0,0,1,1,338,0,0,0,0,13,0,0,50,0,0,0,0,6,1,2,1,0,0,0,2,0,0,0,0,1,1,0,2,0,0,0,1,1,2,6,0,0,4,1,0,2,0,0,0,1,0,2,1,0,1,0,0
2020-04-24,0,1,8,1,2,3,0,2,0,0,0,2,352,2,2,0,0,10,2,3,43,3,1,5,0,3,3,2,1,0,1,1,2,0,0,0,0,6,4,0,0,3,3,0,0,4,4,0,0,1,1,2,6,6,1,0,0,2,0,5,3,1,3,0,0
2020-04-25,0,0,3,0,4,2,1,0,0,0,1,0,214,0,1,0,0,3,1,1,30,0,0,0,0,3,1,1,2,1,0,0,1,0,0,3,0,5,0,0,0,0,0,0,0,1,0,0,0,0,0,2,0,1,0,1,0,0,0,2,1,0,2,0,0
2020-04-26,2,0,1,0,4,1,0,2,0,1,0,0,237,0,3,0,0,1,0,2,28,1,0,1,0,0,0,1,0,0,0,1,0,0,0,2,1,0,0,0,0,0,0,0,0,0,0,1,0,1,2,1,1,4,0,0,0,0,1,1,3,0,2,0,0
2020-04-27,0,0,3,0,1,0,1,0,1,1,1,2,210,0,1,0,0,3,0,0,57,1,1,0,0,1,0,0,6,0,0,0,0,0,0,1,1,1,0,1,0,3,0,0,2,2,0,1,0,0,0,0,0,0,0,0,1,0,0,1,3,1,0,0,0
2020-04-28,0,0,3,0,0,3,0,0,1,1,1,1,182,0,0,1,0,2,1,1,45,1,0,0,0,6,0,2,3,0,0,0,0,0,0,1,0,0,0,0,0,0,0,0,0,2,1,2,1,1,1,1,0,0,0,0,0,0,0,2,2,0,0,0,0
2020-04-29,0,0,6,0,0,4,0,0,0,0,0,0,188,0,1,2,1,5,0,3,33,0,1,0,1,5,1,2,1,0,0,0,1,0,0,0,1,1,0,1,0,2,1,0,0,0,0,3,0,0,0,1,0,2,0,0,0,0,0,2,2,0,0,2,0
2020-04-30,1,0,4,1,1,2,0,0,5,0,0,0,215,0,1,0,0,5,1,0,23,0,1,0,0,2,0,0,1,0,0,0,6,0,0,1,1,1,0,2,0,1,1,1,2,1,0,0,1,0,2,0,0,0,0,0,0,0,0,1,0,0,0,0,0
2020-05-01,0,0,4,0,0,1,0,2,0,1,2,0,199,1,0,3,0,5,0,1,38,0,1,0,1,0,0,4,2,0,0,0,0,1,0,0,0,1,0,0,1,2,0,0,0,0,0,0,0,0,0,1,0,0,0,0,0,0,0,2,3,1,1,0,2
2020-05-02,2,0,4,0,1,1,0,0,0,0,0,3,417,0,1,0,1,6,0,0,48,0,0,0,1,3,1,0,2,0,0,0,1,0,0,0,0,0,0,1,0,0,1,0,0,0,2,1,0,0,1,1,0,0,0,0,0,0,1,0,0,0,0,0,1
2020-05-03,0,0,3,0,1,0,0,2,2,0,1,0,219,0,1,3,0,2,0,1,24,0,0,0,1,1,1,1,1,0,0,0,0,0,0,0,0,1,0,1,0,0,0,0,0,1,2,0,0,0,0,0,0,2,0,0,0,0,0,4,0,0,0,0,0
2020-05-04,0,0,7,0,1,0,0,2,0,0,1,0,157,0,3,2,0,2,1,2,42,0,2,0,1,0,0,0,2,0,0,1,2,0,0,0,0,0,1,0,0,1,0,0,0,0,1,1,0,0,0,0,0,1,0,0,0,0,1,5,1,0,1,0,0
2020-05-05,1,0,8,0,0,0,0,1,0,1,0,1,134,0,1,1,0,3,1,0,38,0,0,0,0,0,1,0,2,0,0,0,0,0,0,0,2,3,0,1,1,0,0,1,0,0,0,0,0,0,0,2,5,2,0,0,0,0,1,1,0,0,3,1,0
2020-05-06,1,1,8,0,0,1,1,1,0,1,0,0,170,0,0,0,0,4,0,1,43,0,0,0,2,1,0,1,1,0,0,0,2,0,0,1,0,3,0,2,1,2,0,0,0,0,0,0,0,0,1,0,1,0,0,2,0,0,0,4,0,0,3,0,0
2020-05-07,0,0,1,0,3,1,0,2,0,0,0,0,173,0,1,3,0,5,0,0,40,0,0,0,0,0,0,1,1,1,0,1,1,0,0,1,2,1,2,1,0,3,0,0,0,0,1,0,0,1,1,1,1,1,0,0,0,0,2,7,1,0,2,1,0
2020-05-08,0,0,5,1,1,0,0,2,1,0,0,0,134,0,1,1,0,3,0,0,34,0,0,1,0,2,0,2,2,0,0,0,1,0,0,0,1,2,0,0,0,0,0,0,0,0,3,0,0,0,1,0,1,1,0,0,0,0,0,6,1,0,0,0,0
2020-05-09,1,0,4,0,0,1,0,0,0,0,0,1,112,0,0,0,0,4,1,0,32,0,0,0,0,0,0,1,0,1,0,0,1,0,0,1,1,3,0,1,1,0,0,0,1,0,0,1,1,0,0,0,1,0,0,0,0,1,0,3,1,0,0,0,0
2020-05-10,0,1,5,0,0,1,0,0,0,0,0,0,105,0,0,1,0,3,0,0,35,0,1,0,2,1,0,0,0,0,0,0,0,1,1,0,1,1,0,0,0,0,0,0,0,0,1,2,0,0,1,1,0,1,0,0,0,0,0,1,1,1,1,0,0
2020-05-11,0,0,6,1,0,0,0,1,0,0,0,0,97,0,0,1,0,7,0,0,32,0,0,0,0,2,0,1,0,0,0,0,0,0,0,2,0,1,1,0,0,1,1,0,0,1,0,0,0,0,1,0,1,0,0,0,0,1,0,5,0,0,0,0,0
2020-05-12,1,0,5,0,5,1,0,1,0,0,0,0,122,0,0,2,0,5,0,0,34,0,0,0,3,0,0,4,0,0,1,0,2,1,1,0,0,4,1,3,0,1,0,0,0,0,0,0,0,0,2,1,0,0,0,0,1,0,0,2,0,0,1,0,0
2020-05-13,3,0,9,0,2,0,0,0,0,0,0,1,94,0,0,2,0,2,0,2,35,0,0,0,0,2,1,0,0,1,0,0,0,0,0,0,1,4,0,2,0,0,0,0,0,0,1,0,2,0,0,0,1,0,0,1,0,0,0,1,0,0,3,1,0
2020-05-14,2,0,4,1,1,1,0,0,0,0,0,0,155,0,2,0,0,7,0,0,33,1,0,0,1,1,0,1,1,0,0,0,2,0,0,0,2,4,0,0,1,0,0,1,0,0,0,1,1,0,1,0,2,1,0,1,0,0,1,2,0,1,0,0,0
2020-05-15,0,1,2,0,0,0,0,1,0,1,0,0,127,0,0,0,0,4,0,2,45,0,0,0,0,0,0,0,0,0,0,1,0,0,0,0,0,0,0,2,0,0,0,1,0,4,0,0,0,0,0,0,1,0,0,0,1,0,0,1,1,0,2,0,0
2020-05-16,2,0,6,0,0,0,0,2,0,0,0,0,177,1,2,2,0,3,1,0,51,0,0,2,0,2,0,2,1,0,0,0,2,0,0,1,1,0,0,2,0,3,0,0,1,0,0,0,0,1,1,4,0,1,0,0,0,0,0,4,0,2,0,0,0
2020-05-17,0,0,14,0,0,0,0,0,1,2,1,0,107,0,2,1,0,5,0,1,33,0,0,0,0,0,0,0,0,0,0,0,4,0,1,2,2,1,0,1,0,0,1,0,0,1,2,0,1,0,0,0,1,0,0,3,0,0,0,4,1,1,0,0,0
2020-05-18,0,0,4,0,0,1,0,1,1,0,0,1,144,0,0,0,0,3,0,0,51,0,0,1,1,2,1,0,1,0,0,0,0,0,0,1,1,2,0,1,0,0,0,0,0,0,2,0,0,0,0,1,0,1,0,0,0,0,0,2,0,0,0,0,2
2020-05-19,0,0,5,0,1,0,0,2,0,0,0,0,104,0,0,0,0,5,0,1,44,0,0,0,0,0,2,0,2,0,0,0,5,0,0,0,0,4,0,1,0,2,0,0,0,0,0,0,0,0,2,1,0,1,0,1,0,0,0,4,0,0,1,0,0
2020-05-20,0,1,8,1,0,1,0,0,0,0,0,1,144,0,0,1,0,3,0,0,44,0,0,0,0,0,0,1,1,0,0,0,1,0,0,0,1,0,0,0,0,1,0,0,0,0,0,0,1,0,1,2,0,0,1,0,0,0,0,4,0,0,1,0,0
2020-05-21,0,0,13,0,1,0,0,0,0,0,2,0,290,0,2,1,0,14,0,2,68,0,2,0,1,3,1,0,2,0,0,1,8,0,1,1,1,1,0,0,0,0,0,0,1,0,0,0,0,0,0,1,0,1,0,0,0,0,0,9,0,1,3,0,1
2020-05-22,1,0,6,1,0,2,0,1,0,1,0,0,189,0,3,1,0,4,0,0,52,0,0,0,0,1,0,0,0,0,0,0,0,0,0,0,1,2,0,1,0,1,0,0,0,0,0,0,2,0,5,0,0,2,0,0,0,0,1,5,1,0,1,1,0
2020-05-23,0,0,7,0,1,0,0,1,0,0,3,1,174,0,0,0,0,2,0,1,63,0,0,0,0,0,0,3,1,0,1,0,2,0,1,0,2,4,0,0,0,2,0,0,0,1,0,0,1,0,2,0,0,0,0,0,1,0,3,1,0,0,0,0,0
2020-05-24,0,0,2,0,0,0,0,1,0,0,1,1,140,1,0,1,0,4,0,1,29,0,0,0,0,0,1,2,0,0,1,0,4,0,0,0,0,4,0,0,0,0,0,0,0,0,1,0,0,1,0,0,0,1,0,0,1,0,0,1,0,0,0,1,0
2020-05-25,1,0,10,0,0,0,0,0,0,0,1,0,186,0,1,0,0,4,0,2,45,0,0,0,0,0,0,2,0,0,0,1,0,0,0,0,0,1,0,2,1,1,1,0,0,0,0,0,1,0,0,9,0,0,0,0,0,0,1,4,3,0,0,1,0
2020-05-26,1,0,6,0,0,0,0,1,0,0,0,1,280,0,0,3,0,11,0,0,80,0,0,1,0,0,0,0,0,0,0,0,2,0,0,1,1,1,0,0,0,1,0,0,0,0,0,1,1,0,0,1,0,0,0,0,2,1,0,4,3,0,2,0,0
2020-05-27,1,2,9,0,0,0,0,0,0,0,0,0,259,0,2,2,0,5,0,1,51,0,0,0,3,1,0,1,0,0,2,0,1,0,0,0,0,2,0,0,1,0,0,0,0,0,0,0,0,0,2,2,0,0,0,0,0,0,0,5,0,1,3,0,0
2020-05-28,0,1,11,0,0,1,0,0,0,0,1,1,274,0,3,0,0,9,0,0,76,0,1,0,1,0,0,2,1,0,0,0,5,0,0,0,0,5,0,0,0,1,0,0,0,0,0,0,0,0,1,0,0,0,0,0,0,0,1,0,2,1,0,0,1
2020-05-29,0,0,10,0,0,1,0,2,1,0,0,0,337,0,5,1,0,3,0,0,60,0,0,1,3,1,0,0,1,0,0,0,2,0,0,0,1,2,1,1,1,1,0,0,0,0,2,1,0,0,0,0,0,0,1,0,0,0,0,6,1,0,0,0,0
2020-05-30,0,0,10,0,0,0,0,3,0,0,0,0,339,0,0,0,0,6,0,1,87,1,1,0,3,0,1,0,0,0,2,1,0,0,0,2,1,2,1,0,0,1,0,0,0,0,0,0,1,0,0,1,0,0,0,0,1,0,0,5,0,0,2,0,2
2020-05-31,0,0,3,0,0,4,0,2,0,0,0,2,335,0,0,0,0,6,0,0,71,0,0,1,2,2,1,2,1,0,0,0,1,0,0,1,0,4,0,1,1,1,0,0,0,0,0,0,0,0,0,0,0,0,0,1,1,0,0,5,0,0,0,0,0
2020-06-01,1,0,4,0,0,0,0,1,0,0,1,1,304,0,0,1,0,15,0,0,75,0,0,0,0,0,0,0,0,0,0,1,3,0,1,0,1,5,0,4,1,2,0,1,1,3,0,1,0,0,3,0,0,0,0,0,0,0,2,6,0,1,1,0,4
2020-06-02,2,0,13,0,1,3,0,2,2,0,0,1,296,0,1,0,0,6,3,0,74,0,0,1,0,1,3,2,0,0,1,0,3,0,0,1,0,6,0,1,0,2,0,2,0,0,2,2,0,0,1,0,0,2,0,0,0,0,0,6,0,0,1,0,0
2020-06-03,0,1,12,0,1,1,0,2,1,0,1,1,349,0,4,1,0,4,0,0,78,0,5,0,0,1,1,3,1,1,0,0,6,0,0,0,5,0,0,1,0,2,0,0,0,0,0,1,1,0,0,1,1,2,0,0,2,0,3,3,1,0,1,0,2
2020-06-04,5,8,50,3,2,8,1,9,2,1,2,1,668,1,5,6,2,16,2,1,208,0,0,1,7,3,11,3,8,4,2,0,16,1,0,0,2,20,0,9,2,3,2,0,3,1,3,1,4,1,8,4,3,1,0,3,0,0,0,15,2,6,6,0,2
2020-06-05,12,4,139,0,8,17,1,27,4,3,2,2,1396,2,12,17,5,42,2,10,369,5,6,5,6,15,18,8,13,1,6,3,51,0,1,8,7,32,1,16,10,9,7,2,4,1,7,3,4,7,8,17,2,8,3,4,4,4,9,34,10,12,22,3,4
2020-06-06,9,5,67,5,0,12,2,11,4,1,3,8,1085,1,13,20,2,34,5,5,273,6,3,4,4,13,10,6,8,1,0,1,37,0,3,8,4,11,1,6,6,7,1,1,2,3,9,3,1,2,14,9,1,12,4,2,1,0,7,36,3,2,13,0,3
2020-06-07,6,4,60,0,12,14,5,15,3,1,1,3,1121,1,16,29,3,36,3,4,265,2,1,7,7,12,12,18,11,3,4,1,34,1,1,5,6,25,0,6,3,10,4,3,7,2,6,1,3,1,8,11,3,7,5,5,3,2,10,25,9,3,8,6,4
2020-06-08,10,1,46,0,2,8,1,14,6,3,7,3,815,1,10,8,4,26,2,4,172,1,2,3,3,9,12,6,6,0,2,1,28,4,1,1,8,13,2,7,5,3,2,2,2,3,6,1,3,1,9,9,2,8,2,1,1,0,9,17,4,1,13,0,0
2020-06-09,4,2,33,1,1,15,0,13,0,2,2,0,633,1,5,12,3,17,1,2,156,1,2,2,0,4,9,0,2,1,1,4,15,0,2,4,2,8,0,4,9,3,0,1,0,2,5,0,3,1,6,11,1,12,0,1,1,1,3,12,7,1,9,0,1
2020-06-10,6,1,25,3,9,9,0,9,0,3,1,1,566,0,7,5,2,10,4,0,105,1,0,4,3,8,2,5,2,1,5,3,6,1,2,2,2,21,3,5,2,11,0,0,3,2,3,2,1,2,5,5,3,3,0,0,1,1,3,10,1,4,6,1,2
2020-06-11,3,1,25,6,5,3,0,2,4,2,1,0,492,1,8,2,0,9,2,0,79,1,1,4,2,5,1,2,1,1,1,0,8,0,0,1,3,9,0,4,0,3,3,1,1,3,4,0,1,2,2,4,3,3,1,1,1,0,4,10,8,0,3,2,2
2020-06-12,2,0,19,0,4,4,1,3,1,0,0,0,397,1,1,3,0,14,4,2,82,1,1,1,1,4,6,4,2,0,1,3,7,2,2,2,3,11,0,1,3,1,1,0,0,2,1,0,1,2,2,5,0,5,0,0,0,0,0,3,3,2,1,2,0
2020-06-13,5,1,19,0,3,2,1,4,1,0,1,3,388,0,7,7,0,5,6,3,87,0,1,0,0,3,4,0,3,0,0,1,8,2,1,2,1,8,0,3,1,3,5,3,2,1,3,3,1,1,1,6,3,1,0,0,0,1,2,7,5,2,7,0,1
2020-06-14,5,0,10,1,0,2,0,7,0,0,0,3,393,0,5,3,1,8,0,2,78,0,0,4,0,5,8,1,2,0,1,1,11,0,0,1,2,6,2,8,0,5,4,0,0,1,1,2,1,1,7,4,3,4,0,1,2,0,5,9,6,1,3,0,1
2020-06-15,2,5,21,1,3,3,0,4,2,2,1,0,412,1,4,4,1,12,0,1,82,1,0,6,4,0,5,1,1,1,1,0,11,1,1,1,3,9,1,1,1,2,0,0,0,1,2,1,2,4,2,5,1,7,0,0,1,1,0,2,5,2,9,1,0
2020-06-16,3,1,11,3,4,6,0,2,1,0,2,6,404,0,6,2,2,7,3,0,76,0,2,1,1,10,0,3,6,0,0,1,6,0,2,1,2,2,0,6,1,1,1,0,0,2,1,0,1,0,3,4,1,2,0,0,0,1,2,1,9,1,4,0,4
2020-06-17,1,1,14,1,2,6,0,4,0,5,2,2,377,1,2,4,0,4,1,2,67,3,0,2,0,4,3,1,1,0,0,0,9,1,0,3,4,10,0,0,2,1,1,0,1,0,4,0,1,0,3,3,3,2,0,0,0,2,1,3,3,0,4,0,1
2020-06-18,7,11,72,0,4,11,2,7,4,7,3,2,1017,3,14,17,1,31,2,5,255,3,3,5,8,16,12,13,10,1,8,1,14,3,3,2,1,12,2,10,9,5,2,1,3,1,5,3,2,3,17,12,3,3,2,3,2,4,7,18,18,2,21,1,2
2020-06-19,4,3,18,1,6,2,0,8,1,2,4,2,571,1,2,10,0,19,2,0,120,0,3,1,0,5,7,1,1,1,1,1,10,1,0,2,7,12,0,6,0,5,1,1,2,2,1,1,0,3,4,2,1,6,1,0,6,3,4,7,9,0,9,0,0
2020-06-20,4,5,20,0,2,0,0,8,2,4,2,1,473,1,3,7,0,6,0,1,104,1,1,2,0,4,2,8,3,0,1,1,6,0,0,2,3,4,2,3,1,5,2,1,1,0,0,0,0,0,5,7,2,4,2,1,2,1,4,9,8,0,7,0,1
2020-06-21,4,4,15,1,2,2,0,7,0,0,1,2,385,1,1,3,2,13,0,0,86,1,0,0,0,7,1,3,2,0,2,0,4,1,0,5,3,10,3,2,1,1,1,1,0,6,1,0,1,0,3,2,0,3,0,1,0,3,0,4,6,0,8,1,2
2020-06-22,10,0,13,1,1,1,3,6,3,0,1,4,430,0,4,6,0,9,3,3,92,2,6,1,0,7,0,3,4,4,0,1,3,2,0,0,3,3,1,4,1,1,0,2,0,1,2,1,0,0,3,6,1,6,0,0,1,0,2,6,3,0,1,3,1
2020-06-23,5,2,6,0,0,3,0,1,1,0,2,2,366,1,2,0,0,6,0,2,84,2,1,0,2,3,0,4,0,0,1,0,7,0,1,0,6,5,1,2,3,3,2,1,0,0,1,1,1,4,5,9,3,4,3,1,2,4,5,4,2,3,9,0,0
2020-06-24,4,0,8,1,0,1,1,3,0,0,1,3,349,1,1,0,1,8,0,1,69,1,0,0,1,9,1,1,3,0,2,0,9,0,0,1,1,4,0,3,2,1,1,1,0,3,1,0,1,2,2,4,2,1,0,0,0,1,2,0,2,1,4,1,2
2020-06-25,5,1,11,1,2,2,0,3,1,0,2,0,342,0,1,3,0,13,1,2,61,0,0,1,0,4,0,0,2,0,3,1,10,1,5,2,2,0,0,3,1,3,2,0,1,2,0,0,1,0,2,4,2,5,0,0,0,0,0,3,5,2,3,2,1
2020-06-26,3,1,8,0,3,2,0,1,0,0,0,0,292,1,2,5,1,2,2,1,57,0,1,0,1,3,0,1,3,0,0,0,7,0,1,2,1,4,1,7,0,2,0,1,0,0,3,0,0,1,0,2,2,2,0,2,3,0,3,6,4,3,1,0,1
2020-06-27,0,6,15,1,5,3,0,1,0,1,0,2,279,1,3,1,0,4,0,0,43,1,3,1,1,1,2,3,0,0,0,1,4,0,0,7,2,1,0,3,0,2,3,0,0,0,3,0,0,1,2,2,0,0,0,0,0,0,0,1,3,8,8,2,2
2020-06-28,2,0,6,0,1,1,0,6,0,0,1,0,235,1,0,5,0,6,0,0,68,0,0,0,2,2,2,1,0,0,0,3,3,0,0,1,1,4,0,3,1,1,0,0,2,2,1,5,0,1,5,1,2,1,0,0,0,3,0,3,2,3,6,0,1
2020-06-29,3,2,10,1,1,3,0,2,1,0,3,1,266,0,0,2,0,4,1,1,48,1,1,1,0,0,1,0,0,0,1,0,2,0,0,2,1,6,0,4,0,3,0,0,1,1,0,0,0,2,1,2,0,0,0,0,0,0,0,6,3,2,5,0,0
2020-06-30,4,1,6,1,1,1,2,5,0,0,1,1,237,0,1,1,0,3,0,0,34,1,1,1,2,4,0,0,1,1,2,0,6,0,0,3,1,0,0,2,1,1,0,0,0,2,1,0,0,0,4,0,0,3,0,0,0,2,0,3,2,3,2,0,0
2020-07-01,3,3,10,2,0,0,0,2,0,0,2,0,202,0,2,4,2,6,2,0,40,2,0,1,1,0,0,2,1,0,0,1,7,0,1,3,1,4,0,8,2,0,1,0,0,0,2,2,0,2,4,0,0,0,0,0,0,2,2,0,3,0,8,0,1
2020-07-02,1,1,2,0,5,0,0,0,0,0,2,0,155,0,3,3,0,1,0,0,26,0,0,0,0,0,0,0,1,2,1,0,5,0,2,1,1,4,3,1,1,0,0,0,0,1,3,0,1,2,0,4,1,0,0,0,0,0,0,1,1,3,4,0,2
2020-07-03,0,2,5,2,1,1,0,2,1,0,0,1,171,0,4,1,1,2,2,0,34,2,0,1,1,2,2,1,0,0,0,0,4,0,0,0,1,5,1,3,0,1,0,0,1,1,1,0,0,0,1,5,1,1,0,1,0,0,0,2,1,0,5,1,0
2020-07-04,2,1,7,0,4,0,0,4,0,1,0,0,204,0,0,4,0,2,0,0,63,1,0,0,0,2,1,1,1,3,0,0,1,0,0,2,2,0,0,2,0,1,1,0,0,1,1,1,0,0,0,1,0,1,0,0,0,2,0,3,4,1,0,2,0
2020-07-05,0,3,6,0,1,1,0,0,0,0,0,0,181,0,0,2,1,0,1,0,34,0,0,1,0,3,2,1,0,0,0,1,1,0,0,2,1,2,1,1,1,1,1,0,1,2,0,0,0,0,2,0,2,1,0,0,0,0,1,3,0,1,1,2,1
2020-07-06,3,1,5,3,0,0,2,5,0,0,3,1,193,1,1,2,0,3,0,0,35,0,0,0,0,1,3,1,0,0,0,1,4,0,1,2,1,1,1,2,0,3,0,1,3,0,0,1,1,0,0,1,0,2,0,0,0,0,1,6,3,4,6,0,0
2020-07-07,1,3,5,0,2,0,0,2,0,0,0,2,199,0,3,1,0,4,1,0,33,5,1,0,0,2,0,1,1,0,0,0,0,0,0,3,3,1,0,1,0,1,0,0,1,3,2,5,3,0,1,1,0,0,0,0,0,1,0,2,3,0,2,0,1
2020-07-08,0,0,6,1,1,1,0,0,0,0,1,4,164,0,0,5,0,2,2,0,44,0,3,2,0,4,0,0,2,0,1,1,6,0,1,0,2,3,1,3,0,1,0,0,0,0,1,0,0,2,0,0,0,1,0,0,0,2,1,4,4,2,2,0,1
2020-07-09,0,9,1,2,3,0,0,1,0,2,0,1,166,0,1,0,0,3,1,0,23,0,4,0,0,1,0,1,1,0,0,0,2,1,0,0,1,0,0,7,1,4,0,1,0,0,1,3,1,0,2,1,0,0,0,1,4,1,2,0,5,0,1,0,0
2020-07-10,2,3,7,0,0,0,0,2,0,1,2,0,138,1,0,1,1,2,1,0,22,0,0,0,2,5,0,1,1,0,0,1,0,1,1,5,0,4,0,4,1,2,0,0,0,0,1,2,0,1,2,0,0,0,0,0,0,0,0,0,1,4,3,0,4
2020-07-11,0,0,2,1,1,1,0,1,0,0,0,0,163,0,0,3,0,3,0,2,31,0,0,0,1,1,1,0,0,0,1,0,2,0,0,1,1,0,0,1,0,0,0,0,0,0,0,0,0,0,2,2,0,0,0,1,0,0,0,2,3,2,3,0,1
2020-07-12,0,1,3,0,0,0,0,3,1,0,0,0,171,0,0,0,0,3,0,1,23,0,1,0,0,6,2,0,1,0,0,0,1,0,0,0,1,2,0,5,2,1,0,1,0,2,0,0,1,2,1,2,0,0,0,1,0,1,0,0,0,1,5,0,0
2020-07-13,2,5,3,0,1,0,0,1,0,1,1,1,143,0,0,0,0,5,8,0,41,1,0,0,2,1,0,5,0,0,0,2,4,0,1,0,0,0,1,1,0,2,0,0,0,0,4,1,2,1,2,0,0,0,0,1,0,0,1,1,2,1,3,0,1
2020-07-14,1,3,3,0,0,1,2,3,2,0,0,0,168,0,0,0,0,4,1,0,34,1,0,0,0,3,0,4,5,0,0,0,3,1,1,0,1,0,0,0,0,2,0,1,0,2,0,2,0,0,1,0,0,4,0,1,0,0,0,0,0,0,1,0,0
2020-07-15,1,0,2,0,0,0,0,1,0,0,0,0,199,0,0,0,1,2,0,0,20,1,0,1,0,0,0,0,0,0,0,0,0,0,0,0,0,0,0,0,0,0,1,0,0,0,0,0,0,1,2,2,0,2,0,0,3,0,0,0,0,0,0,0,0
2020-07-16,0,0,2,0,3,0,0,0,0,0,1,0,199,0,0,0,0,0,0,1,20,1,0,0,0,3,0,1,1,1,0,0,0,0,0,1,0,1,0,2,0,2,0,0,0,0,0,0,0,0,1,0,0,1,0,0,0,0,0,1,1,0,3,2,1
2020-07-17,0,0,1,0,3,2,0,0,1,0,0,0,202,1,0,0,0,2,0,0,13,0,0,0,1,1,0,0,0,0,1,0,1,0,0,2,0,0,0,1,0,0,0,0,0,0,0,0,0,0,2,0,1,1,0,0,0,0,0,0,1,0,0,0,1
2020-07-18,0,0,1,1,3,2,0,0,0,1,0,1,205,0,0,0,0,1,0,0,9,1,0,0,2,0,0,0,0,0,0,1,2,0,1,2,1,1,0,0,0,1,0,0,0,0,1,0,0,0,1,0,0,0,0,0,2,0,0,0,3,0,0,0,0
2020-07-19,0,0,0,0,1,1,0,0,0,0,0,0,192,0,1,1,0,0,0,1,23,0,0,0,1,0,0,0,2,0,1,0,1,0,0,0,0,0,0,2,1,0,0,0,0,0,0,0,0,0,1,0,0,0,0,0,0,0,0,2,2,0,0,0,0
2020-07-20,0,0,1,0,0,0,1,0,0,0,0,1,160,0,0,0,0,0,0,0,19,0,0,1,0,1,0,1,0,0,1,0,0,1,0,0,0,1,0,0,0,1,0,0,0,0,1,0,0,0,1,0,0,2,0,0,0,0,0,2,1,0,1,0,2
2020-07-21,0,0,0,0,1,0,0,0,0,1,0,1,155,1,0,1,0,0,0,1,9,0,0,0,1,0,0,0,0,0,0,0,0,0,0,0,0,0,0,1,0,1,0,0,0,0,0,1,0,2,0,0,0,2,0,0,0,0,0,0,1,0,1,0,1
2020-07-22,0,1,0,0,2,3,0,0,0,0,0,0,135,0,0,0,0,2,0,1,6,1,2,0,0,0,0,0,0,0,0,1,2,0,0,0,0,1,0,0,0,0,0,0,0,0,0,0,0,3,3,0,0,0,0,0,0,0,0,0,0,0,1,0,0
2020-07-23,0,1,2,0,1,0,0,0,0,1,0,0,188,0,1,2,0,2,0,0,16,0,0,0,0,1,0,0,1,1,0,0,0,0,0,0,0,1,1,1,0,1,0,0,0,0,1,2,1,1,2,2,1,1,0,0,0,1,0,0,1,1,0,1,0
2020-07-24,1,0,0,0,0,0,0,1,1,0,1,0,175,0,2,0,0,1,0,0,8,0,0,0,1,2,0,0,0,0,0,0,0,0,0,1,0,0,1,1,0,0,0,0,1,0,2,1,1,1,1,0,0,2,0,0,0,0,0,1,0,0,0,0,0
2020-07-25,1,1,0,0,0,0,0,0,0,0,0,0,173,0,3,1,0,0,0,1,23,0,0,0,2,1,0,2,1,0,0,0,2,0,0,0,0,0,0,0,1,0,0,0,0,0,0,1,2,0,3,0,0,1,0,0,2,3,0,0,1,0,0,0,0
2020-07-26,0,1,0,1,1,0,0,1,0,0,1,0,200,0,0,0,0,3,0,0,12,0,0,0,0,0,0,0,0,1,0,0,0,0,0,0,0,1,0,0,0,0,0,1,0,2,0,0,0,0,0,1,0,1,0,0,1,2,0,0,0,0,0,0,0
2020-07-27,0,0,1,1,1,0,0,0,0,0,0,0,126,0,0,0,0,0,0,1,11,0,0,0,0,1,0,0,0,0,0,0,0,0,0,0,1,1,0,0,0,0,0,0,0,0,0,0,0,0,1,1,0,0,0,0,1,1,0,1,1,0,0,1,0
2020-07-28,1,0,1,0,0,0,0,2,0,0,0,0,154,0,0,0,0,0,1,1,9,0,0,0,0,0,0,0,0,1,0,0,0,0,0,0,0,2,0,0,0,0,0,0,0,0,0,0,0,0,0,0,0,0,0,0,0,0,0,2,0,0,1,0,0
2020-07-29,0,1,1,0,0,0,0,1,1,1,1,1,154,0,0,0,1,2,1,0,12,0,1,2,0,1,0,0,0,0,0,0,1,0,0,1,1,1,1,0,1,0,0,0,0,0,1,0,0,0,1,0,0,1,0,1,0,1,1,0,0,0,1,0,0
2020-07-30,0,0,2,0,0,0,0,0,0,0,0,0,169,0,0,0,0,0,0,0,12,0,0,0,0,0,0,0,1,0,0,0,0,0,0,2,1,0,0,0,0,0,0,0,1,0,0,0,0,0,0,0,0,2,0,0,0,0,0,0,1,0,0,0,1
2020-07-31,0,0,3,0,0,0,0,1,0,0,0,0,112,0,0,0,0,0,0,0,9,0,0,0,0,0,0,1,1,0,0,3,0,0,2,0,0,0,0,1,0,0,0,1,0,0,0,1,0,0,1,0,0,2,0,0,0,0,0,1,0,0,0,0,0
2020-08-01,0,0,1,0,0,1,1,0,0,0,0,0,137,0,0,0,0,0,0,0,11,0,0,0,0,0,0,0,0,0,0,0,2,0,0,0,0,0,0,0,1,0,0,0,0,1,0,0,1,0,0,0,0,1,0,0,2,0,0,1,1,0,2,0,0
2020-08-02,0,1,2,1,0,1,0,0,0,0,0,0,147,0,2,0,0,0,2,0,13,0,0,0,0,0,0,0,0,1,0,0,0,0,0,2,0,0,0,0,0,2,0,0,1,2,1,0,1,0,0,0,0,0,1,0,0,0,1,3,0,0,0,0,0
2020-08-03,1,1,0,0,1,1,0,1,0,1,0,0,160,0,1,1,0,2,0,0,17,0,1,1,0,0,0,0,1,1,0,0,0,0,0,1,1,0,0,2,0,0,0,0,1,0,0,0,0,0,2,0,2,0,0,0,0,0,0,1,1,0,0,0,0
2020-08-04,1,0,1,0,1,1,2,0,1,0,1,0,186,0,1,0,0,1,0,2,15,0,0,0,0,0,0,0,1,0,0,0,0,0,0,2,1,1,0,1,0,0,0,0,1,0,0,0,0,1,6,0,2,0,0,0,0,0,0,1,0,0,0,0,0
2020-08-05,0,0,2,0,2,0,0,1,0,0,0,0,179,1,0,1,0,1,0,0,17,1,0,0,2,0,0,0,1,0,0,0,1,0,1,2,1,1,0,1,1,4,1,0,0,0,0,1,0,0,1,0,0,0,1,1,0,0,0,0,0,0,0,0,0
2020-08-06,0,0,1,0,1,0,1,0,0,0,0,0,180,0,0,5,0,0,0,0,13,0,2,0,0,0,0,0,0,0,0,0,1,0,0,1,1,0,0,1,0,0,0,0,0,0,0,0,0,0,0,0,0,0,0,0,0,1,0,1,0,0,2,0,0
2020-08-07,1,0,1,2,2,0,0,1,0,1,0,1,192,0,0,0,0,0,0,0,14,0,0,2,0,1,0,0,1,0,0,3,1,0,0,0,1,1,0,0,0,0,1,1,1,0,0,3,0,0,1,0,0,1,0,0,0,0,0,1,0,0,0,0,0
2020-08-08,1,0,0,0,3,0,0,0,1,0,0,0,133,0,0,1,0,0,0,0,13,0,1,0,0,0,0,0,0,1,0,0,1,0,0,1,1,1,0,0,0,0,0,0,0,0,1,1,0,0,0,0,0,0,0,1,0,0,0,2,0,0,0,0,0
2020-08-09,0,0,2,1,1,0,2,1,1,0,0,0,134,1,0,0,1,0,0,0,16,2,1,0,0,1,0,1,1,0,1,0,1,0,1,0,0,0,0,0,0,0,0,0,1,0,0,0,1,0,0,0,0,0,0,0,0,0,1,0,1,0,1,0,0
2020-08-10,0,0,3,0,0,0,0,0,1,1,0,0,181,0,1,0,0,1,1,0,29,0,0,0,1,2,0,0,0,1,0,0,0,0,0,1,0,1,0,0,2,0,0,0,2,0,0,0,0,0,1,0,0,0,0,0,0,0,0,1,0,1,0,0,1
2020-08-11,0,0,0,1,0,0,1,0,0,1,0,0,159,0,0,2,0,0,0,0,10,0,0,1,0,0,0,0,0,0,0,1,1,0,0,0,2,1,0,0,0,0,0,0,2,0,0,2,0,0,0,0,1,2,0,1,0,0,1,1,1,0,0,0,0
2020-08-12,0,0,0,1,1,0,0,0,0,0,0,0,151,0,1,0,2,1,0,0,16,0,0,1,0,0,0,0,1,0,0,0,0,0,0,1,1,1,0,1,0,0,0,0,1,0,0,0,0,0,2,0,0,0,0,0,0,1,0,0,0,0,0,0,0
2020-08-13,3,0,3,1,1,0,0,1,0,0,0,0,135,0,0,1,0,0,0,0,8,1,0,0,1,0,0,0,0,0,0,0,2,0,0,2,1,2,0,0,0,0,1,0,0,0,0,1,1,0,1,0,0,1,0,1,0,0,1,0,0,0,1,1,0
2020-08-14,0,1,1,0,3,1,0,1,1,0,0,0,124,0,0,1,1,0,0,0,4,0,0,0,1,0,0,0,0,0,0,0,1,0,0,0,2,0,0,1,0,1,0,0,1,0,2,0,0,1,0,0,0,0,0,0,0,0,0,3,0,0,0,0,0
2020-08-15,0,0,0,0,2,0,0,2,0,0,0,0,132,0,0,2,0,0,0,0,9,2,0,0,0,0,0,1,0,0,0,0,1,0,0,0,0,4,1,0,0,0,0,0,2,0,0,0,0,0,0,2,1,1,0,0,0,0,0,0,2,0,1,0,1
2020-08-16,0,0,1,0,1,0,0,1,0,0,0,0,116,0,1,0,0,1,0,0,18,2,1,0,0,0,0,0,0,0,0,0,0,0,0,0,0,0,0,0,0,0,0,0,0,0,0,0,0,0,0,0,0,1,2,0,0,2,0,0,4,0,1,0,0
2020-08-17,0,0,2,0,0,2,0,0,0,0,0,0,120,0,0,0,0,0,0,0,17,1,0,0,1,0,0,0,2,0,0,0,1,0,1,0,0,0,0,0,0,1,0,0,0,0,0,0,0,0,0,0,0,0,0,0,0,0,0,3,0,0,0,0,0
2020-08-18,1,1,0,0,0,0,0,0,0,0,0,0,133,0,0,0,0,1,0,0,21,0,1,0,0,0,0,1,0,0,0,0,1,0,1,0,1,2,0,0,0,0,0,0,0,0,1,0,0,0,0,0,0,0,0,0,0,0,1,1,0,0,0,0,0
2020-08-19,0,0,0,0,0,0,0,3,0,0,0,0,138,0,0,1,0,1,0,0,19,1,0,0,1,0,0,0,0,0,0,0,0,0,1,0,0,2,0,0,0,0,0,0,1,0,0,0,0,0,0,1,0,0,0,0,0,0,0,1,1,1,0,1,0
2020-08-20,0,0,0,0,0,0,0,2,0,0,1,0,121,0,0,0,0,0,0,0,18,1,0,0,0,1,0,0,0,1,0,0,0,0,1,0,0,1,0,0,0,2,0,0,0,0,1,0,1,0,2,0,0,0,0,0,0,0,0,0,1,0,0,0,0
2020-08-21,0,2,1,0,0,0,0,1,0,0,0,0,135,0,1,0,0,1,0,0,13,2,1,0,0,0,1,0,0,0,0,0,0,0,0,0,0,1,0,2,0,0,0,0,0,2,0,0,1,1,0,0,0,0,0,0,0,0,0,0,0,0,0,0,0
2020-08-22,0,0,1,0,0,2,0,1,0,0,0,0,141,0,0,0,0,0,1,0,12,0,0,1,0,0,1,1,0,1,0,0,0,0,0,0,0,1,0,0,0,0,0,0,0,0,1,0,0,0,1,0,0,0,1,0,0,1,0,0,0,0,0,0,0
2020-08-23,0,1,0,0,0,0,1,0,0,0,0,0,106,0,0,0,0,0,0,0,23,0,0,0,2,0,0,0,1,1,0,1,0,0,0,0,0,0,0,0,0,0,0,0,0,0,0,0,0,0,0,0,0,0,0,0,0,1,0,1,3,0,0,0,0
2020-08-24,0,0,0,0,0,2,0,0,0,0,1,1,144,0,0,0,0,1,0,0,21,0,0,0,0,1,0,1,0,0,0,0,1,0,0,0,0,0,0,2,1,0,2,0,0,0,0,0,0,1,0,0,0,0,0,0,0,0,0,1,0,0,0,0,0
2020-08-25,0,1,0,1,1,1,0,0,0,0,0,0,118,0,4,0,0,0,0,0,23,0,0,0,1,0,0,1,0,0,0,0,0,0,3,1,1,0,0,1,0,0,0,0,0,0,0,0,0,0,1,0,0,0,0,0,0,0,1,0,1,0,0,0,0
2020-08-26,1,0,4,0,0,0,0,1,0,0,0,0,163,0,0,0,0,0,0,0,25,0,0,0,0,0,0,0,2,0,0,0,0,0,0,0,1,0,0,0,2,0,0,0,0,0,0,0,0,1,3,0,0,0,0,0,0,1,0,2,0,0,0,0,2
2020-08-27,0,0,2,0,1,0,0,0,0,0,0,0,161,0,2,1,0,1,0,0,14,0,0,0,1,0,0,0,0,0,0,0,1,0,0,0,1,0,0,0,0,0,0,0,0,0,0,0,0,0,1,0,0,0,0,0,0,0,0,0,0,0,0,0,0
2020-08-28,0,0,0,0,1,1,0,0,0,0,0,0,127,0,2,0,0,0,0,0,14,0,0,0,0,0,0,0,0,0,0,0,0,0,0,0,0,1,0,2,1,0,0,1,0,0,0,0,0,0,1,0,0,0,0,0,0,1,0,2,0,0,0,0,0
2020-08-29,0,0,1,0,0,0,1,1,0,0,0,0,169,0,0,1,0,0,0,1,31,0,0,1,0,0,0,1,0,1,0,0,0,0,0,0,0,1,0,0,0,1,0,0,0,0,0,0,0,0,0,0,1,1,0,0,0,0,0,1,0,0,1,0,0
2020-08-30,3,0,0,0,0,0,0,0,0,0,0,1,190,0,1,0,0,1,0,1,13,0,0,0,1,0,1,0,1,1,0,0,0,0,0,0,0,2,0,0,0,0,0,0,0,0,0,0,1,0,1,0,0,1,0,1,0,0,0,0,0,0,1,0,0
2020-08-31,1,0,1,0,0,0,0,0,0,0,0,0,172,0,4,0,0,0,0,1,28,0,0,0,0,0,0,1,1,0,0,0,0,0,0,0,0,1,1,0,0,0,0,1,1,0,0,0,0,0,0,3,0,0,0,0,0,0,0,0,0,0,1,0,0
2020-09-01,0,0,1,0,1,0,0,0,0,0,0,0,169,0,0,0,0,0,0,0,25,0,1,0,0,0,0,0,1,0,0,0,0,0,0,1,0,0,0,0,0,0,1,0,0,1,1,0,0,0,0,0,0,0,0,0,1,0,0,1,0,0,1,0,1
2020-09-02,0,0,1,0,0,0,0,0,0,0,0,0,199,0,0,0,1,1,0,0,33,0,2,1,0,0,3,0,0,0,0,0,0,0,0,0,1,0,0,0,0,0,0,0,0,0,0,0,1,0,0,0,0,0,0,0,0,1,0,0,0,0,0,0,0
2020-09-03,0,0,0,0,1,0,0,0,0,0,0,0,140,0,0,1,0,0,0,1,30,0,0,0,1,0,0,0,0,0,0,0,0,0,0,1,0,0,0,0,0,1,0,0,0,0,0,0,0,1,0,0,0,0,0,0,0,0,0,0,0,0,1,0,0
2020-09-04,0,0,4,0,0,1,0,2,1,0,0,1,183,0,0,0,0,1,0,0,20,0,1,0,1,0,0,1,0,0,0,0,0,0,0,0,3,0,0,0,0,0,0,0,0,0,0,0,0,0,1,1,0,1,0,0,0,0,0,2,0,0,0,0,0
2020-09-05,0,1,0,0,0,0,0,1,2,0,0,0,165,0,0,1,0,0,0,0,26,0,0,1,0,1,0,0,0,0,0,0,0,0,0,0,1,0,0,0,0,1,0,0,0,0,0,0,0,0,0,2,0,1,0,0,0,0,0,1,1,0,1,0,0
2020-09-06,0,0,1,0,0,0,0,0,0,0,0,1,173,0,1,0,0,0,0,0,21,0,0,0,0,0,2,1,1,0,0,0,0,0,0,0,0,0,0,0,0,0,0,0,0,0,0,0,0,0,1,0,1,0,0,0,0,0,0,1,0,1,0,0,0
2020-09-07,0,0,3,0,1,2,0,0,0,0,0,1,182,0,1,0,0,3,0,0,13,0,0,0,0,1,0,0,0,0,0,0,3,0,1,1,0,1,0,0,0,0,0,0,0,0,0,0,0,0,0,0,0,1,0,0,0,0,0,0,0,0,0,0,0
2020-09-08,0,0,2,0,0,0,0,1,0,0,1,0,202,0,2,0,0,2,0,1,22,0,0,0,0,1,0,0,0,0,0,0,0,0,0,0,0,3,1,0,0,0,1,0,1,1,0,0,0,0,4,0,0,1,0,0,0,0,0,1,0,0,1,0,0
2020-09-09,0,0,0,0,0,0,0,1,0,0,0,0,160,0,0,0,0,1,0,0,22,0,0,0,0,0,0,0,0,0,0,0,1,0,0,1,0,2,0,0,0,0,0,0,0,0,0,0,0,1,2,1,0,0,0,0,0,0,0,1,0,0,3,0,0
2020-09-10,1,0,2,0,0,0,0,1,0,0,1,1,148,0,2,0,0,2,0,0,18,0,0,0,0,4,1,0,0,0,0,0,0,0,0,1,0,5,0,0,0,0,0,0,0,0,0,0,0,1,1,0,1,1,0,0,0,0,0,1,0,0,0,0,0
2020-09-11,1,0,3,0,0,0,0,0,0,0,0,0,115,0,0,0,0,0,0,1,14,1,0,0,0,0,0,0,0,0,0,0,1,0,0,3,1,2,0,1,0,0,0,0,0,0,0,0,0,0,0,0,0,0,1,0,0,0,0,0,0,0,0,0,0
2020-09-12,0,0,2,0,0,0,0,1,0,0,0,0,105,0,0,0,0,2,0,0,12,1,0,0,1,0,1,0,1,2,0,0,0,0,0,0,0,2,0,0,0,1,0,0,0,0,0,0,0,0,2,0,1,2,0,0,1,0,0,0,0,0,0,0,1
2020-09-13,0,0,2,0,0,0,0,1,0,0,0,0,100,0,2,0,0,0,0,0,12,0,0,0,0,0,1,0,0,0,0,0,1,0,0,0,0,0,0,0,1,0,0,0,0,0,0,0,0,0,0,0,0,1,0,0,0,0,0,0,0,0,0,0,0
2020-09-14,1,0,0,0,0,0,0,2,1,0,0,1,115,0,0,0,0,0,0,0,10,1,2,1,0,3,1,0,0,0,0,0,0,0,0,0,0,1,0,0,0,2,2,0,0,1,0,1,0,0,0,0,0,2,1,0,0,0,0,0,0,0,1,0,0
2020-09-15,0,0,1,0,0,0,0,0,0,0,0,0,102,0,0,2,0,0,0,0,19,0,0,0,0,0,0,0,0,0,1,0,1,0,0,0,0,0,0,2,0,0,0,0,0,0,0,0,0,1,1,0,0,0,0,0,0,0,0,1,0,0,1,0,0
2020-09-16,1,0,1,0,0,0,0,1,0,0,0,0,98,0,0,0,0,1,0,0,14,1,0,1,1,0,0,0,1,0,0,0,0,0,1,0,0,2,0,0,0,0,0,0,0,0,0,0,0,0,0,0,0,0,0,0,0,0,0,1,0,0,0,0,0
2020-09-17,2,0,0,0,0,0,0,0,0,2,0,0,102,0,0,0,1,0,1,0,18,0,0,0,0,0,0,0,2,0,0,0,1,0,1,0,0,1,0,0,0,0,0,0,0,0,0,0,0,0,0,0,0,0,0,0,0,1,0,2,1,0,1,0,0
2020-09-18,0,0,1,0,1,1,0,1,0,0,1,0,103,0,0,0,0,0,0,0,9,0,0,0,0,2,0,0,0,0,0,0,0,0,0,0,0,1,0,1,0,0,0,0,1,0,1,0,2,0,2,1,0,0,0,0,0,0,0,0,0,0,1,0,0
2020-09-19,0,0,0,0,1,1,0,0,0,0,0,0,79,1,0,0,0,1,0,0,10,1,0,0,0,0,0,0,0,0,1,0,0,0,0,0,1,2,0,0,0,0,0,0,0,0,0,0,0,0,0,0,0,0,0,0,0,0,0,0,0,0,1,0,0
2020-09-20,0,0,1,0,0,0,0,0,0,0,0,0,71,0,0,0,0,0,1,0,9,1,0,0,0,0,0,0,0,0,0,0,1,0,0,0,0,1,0,0,1,0,0,0,0,0,0,1,0,0,1,0,0,0,0,0,0,0,0,0,1,0,0,0,0
2020-09-21,0,0,1,0,0,0,0,1,1,0,0,0,92,0,0,0,0,0,0,0,9,0,0,0,1,0,0,0,0,0,0,0,1,0,0,0,1,1,0,0,1,0,0,1,0,0,0,0,0,0,0,1,0,0,0,0,0,0,0,1,1,0,1,0,1
2020-09-22,0,0,0,0,0,0,0,0,0,0,0,1,86,0,0,0,0,0,0,0,4,0,0,0,0,0,0,0,0,1,0,1,1,0,0,0,0,0,0,0,0,1,0,0,0,0,0,0,0,0,1,0,0,0,0,0,0,0,0,0,0,0,0,0,0
2020-09-23,0,0,1,0,0,0,0,0,0,0,0,0,47,0,0,0,0,1,0,0,5,2,0,0,0,0,0,0,0,0,0,0,0,0,0,0,0,0,0,0,0,0,0,0,0,0,0,0,0,0,1,0,0,3,0,0,0,0,0,0,0,0,0,0,0
2020-09-24,0,0,0,0,0,1,0,0,0,0,0,0,56,0,0,0,0,0,0,0,4,0,0,0,1,1,0,0,0,0,1,0,0,0,0,0,0,0,0,0,0,0,0,0,0,0,0,0,2,0,0,1,0,0,0,0,0,0,2,0,0,0,0,0,0
2020-09-25,0,0,1,0,0,0,0,0,0,0,0,1,65,0,0,0,0,0,0,0,9,0,0,0,0,0,0,0,0,0,0,0,0,0,0,0,0,0,1,2,1,0,0,0,0,0,0,0,0,0,0,0,0,0,0,0,0,0,0,0,0,0,0,0,0
2020-09-26,0,0,0,0,0,0,0,2,0,0,0,0,62,0,0,0,0,0,0,0,9,0,0,0,0,0,0,0,0,0,0,0,0,0,0,0,0,0,0,0,0,0,0,0,0,0,0,0,0,0,0,0,0,1,0,0,0,0,0,1,0,0,0,0,0
2020-09-27,0,0,0,0,0,0,0,1,0,0,0,0,66,0,0,1,0,0,0,0,10,0,0,0,0,0,0,1,0,0,0,0,1,0,0,0,1,0,0,0,1,1,0,0,1,0,0,1,0,0,0,0,0,0,0,2,0,0,0,0,0,0,0,0,0
2020-09-28,1,0,0,0,0,0,0,1,0,0,0,0,61,0,0,0,0,0,0,0,11,0,0,0,0,0,0,0,1,0,0,0,0,0,0,0,0,0,0,0,0,0,0,0,0,0,0,0,0,0,1,0,0,0,0,0,0,0,0,0,0,0,0,0,0
2020-09-29,0,0,0,0,0,0,0,0,0,0,0,1,58,0,0,0,0,1,0,0,14,0,0,0,0,0,0,0,1,0,0,0,1,0,0,0,0,0,0,0,0,0,0,0,0,0,0,2,0,0,0,0,0,0,0,0,0,0,0,1,0,0,0,0,0
2020-09-30,1,0,0,0,0,0,0,1,0,0,0,0,36,0,0,0,0,0,0,0,4,0,0,0,1,0,0,0,0,0,0,0,0,0,0,0,0,0,0,0,1,0,0,0,0,0,1,0,0,0,0,0,0,0,0,0,0,0,0,0,0,0,1,0,0
2020-10-01,0,0,0,0,1,0,0,1,0,0,0,1,49,0,0,0,0,0,0,0,10,2,0,1,0,0,0,0,0,0,0,0,0,0,0,0,0,0,0,1,0,0,0,0,0,0,0,0,0,0,0,0,0,0,0,0,0,0,0,0,0,0,0,0,0
2020-10-02,1,0,0,0,0,0,0,0,0,0,0,0,29,0,0,0,0,0,0,0,6,0,0,0,0,0,0,0,0,0,0,0,0,0,0,0,0,0,0,0,0,0,0,0,0,0,0,0,0,0,0,0,0,0,0,0,0,0,0,0,0,0,1,0,0
2020-10-03,0,0,0,0,0,0,0,0,0,0,0,0,39,0,0,1,0,0,0,0,13,0,0,0,1,0,0,0,0,0,0,0,0,0,0,0,0,0,0,0,0,0,0,0,0,0,0,0,0,0,0,0,0,0,0,0,0,0,0,0,0,0,0,0,0
2020-10-04,0,0,0,0,0,0,0,0,0,0,0,0,53,0,0,1,0,0,0,0,9,0,0,0,0,0,1,0,0,0,1,0,1,0,1,2,0,0,0,0,0,0,0,0,0,0,0,0,0,0,0,0,0,0,0,0,0,0,0,0,0,0,0,0,0
2020-10-05,0,0,0,0,0,0,0,0,0,0,0,0,42,0,0,1,0,0,0,0,6,0,1,0,0,1,1,0,0,0,0,0,0,0,0,0,0,0,0,0,0,0,0,0,0,0,0,0,0,0,1,0,0,0,0,0,0,0,0,2,1,0,0,0,0
2020-10-06,0,0,1,0,0,0,0,0,0,0,0,0,57,0,0,0,0,1,0,0,12,0,0,0,0,1,0,0,0,0,0,0,0,0,0,0,0,0,0,0,1,0,0,0,0,0,0,0,0,0,0,0,1,0,0,0,0,0,0,0,0,0,0,0,0
2020-10-07,0,0,1,0,0,0,0,0,0,0,0,0,39,0,0,0,0,3,0,0,11,0,0,0,1,0,1,0,0,0,0,0,0,0,0,0,1,0,1,0,0,0,0,0,1,0,0,0,0,0,0,0,0,1,0,0,0,0,0,1,1,0,0,0,0
2020-10-08,0,0,1,0,0,0,0,1,0,0,0,0,69,0,0,0,0,0,0,0,8,0,0,0,0,0,0,0,0,0,0,0,0,0,0,0,0,0,0,0,0,0,0,0,0,0,0,0,0,0,0,1,0,0,0,0,0,0,0,0,0,0,0,0,0
2020-10-09,0,0,1,0,0,0,0,0,0,0,0,1,45,0,0,1,0,0,0,0,10,0,0,0,0,0,0,0,0,0,0,0,0,0,0,0,0,0,0,0,0,0,0,0,0,0,0,0,0,0,0,0,0,0,0,0,1,0,0,0,0,0,0,0,0
2020-10-10,0,0,0,0,0,0,0,0,0,0,0,0,38,0,0,0,0,0,0,0,3,0,0,1,0,0,0,0,0,0,0,0,0,0,0,0,0,0,0,0,0,0,0,0,0,0,0,0,0,0,0,0,0,0,0,0,0,0,0,1,0,0,0,0,0
2020-10-11,0,0,0,0,0,2,0,0,0,0,0,0,32,0,0,0,0,0,0,0,6,0,0,0,0,0,0,0,0,0,0,0,0,0,0,0,0,0,0,0,0,0,0,0,0,0,1,0,0,0,0,0,0,0,0,0,0,0,0,0,0,0,1,0,0
2020-10-12,0,0,0,0,0,0,0,0,2,0,0,0,60,0,0,0,0,1,0,0,9,0,0,0,0,0,0,0,0,0,0,0,0,0,0,1,2,0,0,0,0,0,0,0,0,0,0,1,0,0,0,0,0,0,0,0,0,0,0,0,0,0,0,0,0
2020-10-13,0,0,0,1,0,0,0,0,0,0,0,0,52,0,0,0,0,0,0,0,11,0,0,0,0,1,0,0,0,0,0,0,0,0,0,0,0,0,0,0,0,0,0,0,0,0,0,0,0,0,0,0,0,0,0,0,0,0,0,0,0,0,0,0,1
2020-10-14,0,0,1,0,0,0,0,1,0,0,0,0,45,0,0,0,0,0,0,0,8,0,0,0,0,0,0,0,0,0,0,0,0,0,0,0,0,0,0,0,2,0,0,0,0,0,0,0,0,0,0,0,0,0,0,0,0,0,0,0,0,0,0,0,0
2020-10-15,0,0,1,0,0,0,1,0,0,0,0,0,59,0,0,0,0,1,0,0,8,0,0,0,0,0,0,0,0,0,0,0,0,0,0,0,0,0,0,0,0,0,0,0,0,0,1,0,0,0,0,0,0,0,0,0,0,0,0,2,0,0,0,0,0
2020-10-16,0,0,0,0,0,0,0,0,0,0,0,0,53,0,0,0,0,0,0,0,8,0,0,0,0,0,0,1,0,0,0,0,0,0,0,0,0,0,0,0,0,0,0,0,0,0,0,0,0,0,0,0,0,0,0,0,0,0,0,0,0,0,1,0,0
2020-10-17,0,0,2,0,0,0,0,0,0,0,0,0,42,0,0,0,0,0,0,1,6,0,0,0,0,0,0,0,0,0,0,0,0,0,0,0,1,0,0,0,0,0,0,0,0,0,0,0,0,0,0,0,0,0,0,0,0,0,0,2,0,0,1,0,0
2020-10-18,0,0,4,0,0,0,0,0,0,0,0,0,67,0,0,0,0,0,0,0,9,0,0,0,0,0,0,0,0,0,0,0,0,0,0,0,1,0,0,0,0,0,0,0,0,0,0,1,0,0,0,0,0,0,0,1,0,0,0,0,0,0,4,0,0
2020-10-19,0,0,2,0,1,0,0,0,0,0,0,0,47,0,0,0,0,0,0,0,17,0,1,0,0,0,0,0,0,0,0,0,0,0,0,0,0,0,0,0,0,0,0,0,0,0,0,0,3,1,0,0,0,0,0,1,0,0,0,0,0,0,0,0,0
2020-10-20,0,0,0,0,0,1,0,0,0,0,0,0,55,0,0,0,0,0,0,0,9,2,0,0,0,0,0,0,1,0,0,0,0,0,0,0,0,1,0,0,0,0,0,1,0,0,0,0,2,0,0,0,0,0,0,0,0,0,0,0,0,0,0,0,0
2020-10-21,0,0,1,0,0,0,0,0,0,0,0,0,63,0,2,0,0,0,0,0,6,0,0,0,0,0,0,0,0,0,1,0,0,0,0,0,0,0,0,0,0,1,0,0,0,0,0,0,1,0,0,0,0,0,0,0,0,0,0,0,0,0,0,0,0
2020-10-22,0,0,0,0,0,0,0,0,0,0,0,0,44,0,0,0,0,2,0,0,8,0,0,0,0,0,0,0,0,0,1,0,0,0,0,0,0,2,0,0,0,0,0,0,0,0,0,0,1,0,0,0,0,1,0,0,0,0,0,0,0,0,0,0,0
2020-10-23,1,0,0,0,0,0,0,0,0,0,0,0,38,0,0,0,0,0,0,0,6,0,0,0,0,1,0,0,0,0,0,0,0,0,0,0,0,1,0,0,0,0,0,0,0,1,0,0,1,0,0,0,0,0,0,1,0,0,0,0,0,0,0,0,0
2020-10-24,0,0,0,0,0,0,0,0,0,0,0,0,57,0,0,0,0,0,0,0,6,0,0,0,0,0,0,0,0,0,0,0,0,0,0,0,0,0,0,0,0,1,0,0,0,0,0,0,0,0,0,0,1,0,0,0,0,0,0,1,0,0,0,0,0
2020-10-25,1,0,1,0,0,0,0,0,0,0,0,0,34,0,0,0,0,0,0,0,10,0,0,0,0,0,0,0,0,0,0,0,0,0,0,0,0,1,0,0,0,0,0,0,0,1,0,0,0,0,0,0,0,0,0,0,0,0,0,0,0,0,0,0,0
2020-10-26,0,0,0,0,0,0,0,0,0,0,0,0,39,0,1,0,0,0,0,0,12,0,0,0,0,0,0,0,0,0,0,0,0,0,0,0,0,0,0,0,0,0,0,0,0,1,1,0,0,0,0,0,0,0,0,0,0,0,0,0,0,0,0,0,1
2020-10-27,0,0,2,0,0,0,0,0,0,0,0,0,49,0,0,0,0,0,0,0,4,0,0,0,0,0,0,0,0,0,0,0,0,0,0,0,0,0,0,0,0,0,0,0,0,0,0,0,0,0,0,0,0,0,0,0,0,0,0,0,1,0,0,0,0
2020-10-28,0,0,0,0,0,0,0,0,0,0,0,0,62,0,0,0,0,0,0,0,13,0,0,0,1,0,0,0,0,0,0,0,1,0,0,0,0,1,0,0,1,1,1,0,0,0,0,0,0,0,0,0,0,0,0,0,0,0,0,1,0,0,0,0,0
2020-10-29,0,0,0,0,0,0,0,0,0,0,0,1,60,0,0,0,0,2,0,0,9,0,0,0,0,0,0,0,0,0,0,0,0,0,0,0,0,2,0,0,0,0,0,0,1,0,0,1,0,0,0,1,0,0,0,0,0,0,0,2,0,0,2,0,0
2020-10-30,0,0,0,0,0,0,0,0,0,0,1,0,52,0,0,0,0,0,0,0,8,0,0,0,0,0,0,0,0,0,0,0,0,0,0,0,0,1,0,0,0,0,1,0,0,0,0,0,0,0,0,0,0,0,0,0,0,0,0,0,0,0,1,0,0
2020-10-31,0,0,0,0,0,1,0,0,0,0,0,0,52,0,0,0,0,0,0,0,8,0,0,0,0,0,0,0,0,0,0,0,2,0,0,0,0,0,0,0,0,0,0,0,1,0,0,0,0,0,0,0,0,0,0,0,0,0,0,0,0,0,0,0,0
2020-11-01,1,0,2,0,0,0,0,1,0,0,0,0,53,0,0,0,0,0,0,0,9,0,0,0,0,0,0,0,2,0,0,0,0,0,0,1,0,0,0,0,0,1,0,0,0,0,0,0,0,0,0,0,0,0,0,0,0,1,0,0,0,0,0,0,0
2020-11-02,0,0,1,0,1,0,0,0,0,0,0,0,58,0,1,0,0,0,0,1,6,0,0,0,0,0,0,0,0,0,0,0,0,0,0,0,0,0,0,0,1,0,0,0,0,0,0,0,0,0,0,0,0,0,0,0,0,0,0,0,0,0,0,0,0
2020-11-03,0,0,1,0,1,0,0,0,0,0,0,0,57,0,0,0,0,0,0,0,14,0,0,0,0,0,0,0,0,0,0,0,0,0,0,0,0,0,0,0,0,0,0,0,0,0,0,0,0,0,0,1,0,0,0,0,0,0,0,0,1,0,0,0,0
2020-11-04,0,0,1,0,0,0,0,0,0,0,0,1,46,0,0,0,0,0,0,0,9,0,0,1,0,0,0,0,0,0,1,0,0,0,0,0,0,0,0,0,0,0,0,0,0,0,0,0,0,0,0,0,0,0,0,0,0,0,0,0,0,0,0,0,0
2020-11-05,0,0,1,0,0,0,0,1,0,0,0,0,37,0,0,0,0,0,0,0,14,1,0,0,1,0,0,0,0,0,0,0,0,0,0,0,0,1,0,0,0,0,0,0,0,0,0,0,0,0,0,0,0,0,0,0,0,0,0,1,0,0,0,0,0
2020-11-06,0,1,0,0,0,0,0,0,0,0,0,0,45,0,0,1,0,0,0,0,10,0,0,0,0,0,0,0,0,0,0,0,0,0,0,0,0,0,0,0,0,0,0,0,0,0,0,0,2,0,1,1,0,0,0,0,0,0,0,0,0,0,0,0,0
2020-11-07,0,0,0,0,0,0,0,0,0,0,0,0,56,0,0,1,0,0,0,0,4,0,0,0,0,0,0,0,0,0,0,0,0,0,0,0,0,0,0,0,0,0,0,0,0,0,0,0,0,0,0,0,0,0,0,0,0,0,0,1,0,0,0,0,0
2020-11-08,0,0,0,0,0,0,0,0,0,0,0,0,47,0,1,0,0,0,0,0,8,0,0,0,0,0,0,0,0,0,0,0,0,0,0,0,0,0,0,0,0,0,0,0,0,0,0,0,0,0,0,0,0,0,0,0,0,0,0,0,0,0,0,0,0
2020-11-09,0,0,0,0,0,0,0,0,0,0,0,0,68,0,0,0,0,1,0,0,13,0,0,0,0,0,0,0,0,1,0,0,0,0,0,0,0,0,1,0,0,0,0,0,0,0,1,0,0,0,0,0,0,0,0,0,0,0,0,0,1,0,0,0,0
2020-11-10,0,0,0,0,0,0,0,4,0,0,0,0,41,0,0,0,0,0,0,0,7,0,0,0,0,0,0,0,1,0,0,0,0,0,0,1,0,0,0,0,1,0,0,0,0,0,0,0,0,0,1,0,0,0,0,0,0,0,0,0,0,0,0,0,1
2020-11-11,0,0,0,0,0,0,0,0,0,0,0,0,54,0,0,0,0,1,0,0,5,0,0,0,0,0,0,0,0,0,0,0,0,0,0,0,0,0,0,0,0,0,0,0,0,0,0,0,0,0,0,0,0,0,0,1,0,0,0,0,0,0,0,0,0
2020-11-12,0,0,2,0,0,0,0,0,0,0,0,0,59,0,1,0,1,1,0,1,10,0,0,0,0,0,0,0,0,0,0,0,0,0,0,0,0,1,0,0,1,1,0,0,0,0,0,0,0,0,0,0,0,0,0,0,0,0,0,0,0,0,0,0,0
2020-11-13,0,0,1,0,0,0,0,0,0,0,0,0,53,0,0,0,0,0,0,0,9,0,0,0,0,0,0,0,0,0,0,0,0,0,0,0,0,1,0,0,0,0,0,0,0,0,0,0,0,0,0,0,0,0,0,0,0,0,0,0,0,0,0,0,0
2020-11-14,0,0,1,0,0,0,0,0,0,0,0,0,64,0,0,0,0,0,0,0,9,0,0,0,0,0,0,0,0,0,0,0,0,0,0,0,0,0,0,0,0,0,0,0,0,0,0,0,0,0,0,0,0,0,0,0,0,0,0,0,1,0,0,0,0
2020-11-15,0,0,0,0,1,1,1,0,0,0,0,0,53,0,0,0,0,0,0,0,5,0,0,0,0,0,0,0,3,0,0,0,0,0,0,0,0,0,0,1,0,0,0,0,3,0,0,0,0,0,1,0,0,0,0,0,0,0,0,0,0,0,1,0,0
2020-11-16,0,0,0,0,0,0,0,0,0,0,0,0,58,0,0,0,0,0,0,0,11,0,0,0,0,1,0,0,0,0,0,0,0,0,0,2,0,1,0,0,0,0,0,0,0,0,0,0,1,0,0,0,0,0,0,0,0,0,0,1,0,0,0,0,0
2020-11-17,1,0,2,0,0,1,0,0,0,1,0,0,69,0,0,1,0,0,0,0,14,0,0,0,0,0,0,0,0,0,0,0,1,0,0,0,0,0,0,0,0,0,0,0,0,0,0,0,0,0,1,0,0,0,0,0,0,0,0,0,0,0,0,0,0
2020-11-18,0,1,3,0,0,0,0,0,0,0,1,0,68,0,0,0,0,0,0,0,9,0,0,0,0,0,0,0,0,0,0,0,1,0,0,0,0,0,0,0,0,0,0,0,0,0,0,0,0,0,0,0,0,0,0,0,0,0,0,0,0,0,0,0,0
2020-11-19,0,0,0,0,0,0,0,0,0,0,0,0,68,0,1,0,0,1,0,0,12,0,0,0,0,0,0,0,0,0,0,0,0,0,0,0,0,0,0,0,0,0,0,0,0,0,0,0,0,0,0,0,0,0,0,0,0,1,0,1,1,0,0,0,0
2020-11-20,0,0,0,0,0,0,0,0,0,0,0,0,48,0,0,0,0,1,0,0,9,0,0,0,0,0,0,0,0,0,0,0,0,0,0,0,0,0,0,0,0,0,0,0,0,0,0,0,0,0,0,0,0,0,0,0,0,0,0,3,2,0,0,0,0
2020-11-21,0,0,0,0,0,0,0,0,0,0,0,0,44,0,0,0,0,0,1,0,14,0,0,0,0,0,0,0,0,0,0,0,0,0,0,0,0,0,0,0,0,0,0,0,0,0,0,0,0,0,0,0,1,0,0,0,0,0,0,0,0,0,0,0,0
2020-11-22,0,0,0,0,0,0,0,0,0,0,0,0,51,0,1,0,0,1,0,0,14,0,0,0,0,0,1,0,0,2,0,0,0,0,0,0,0,0,0,0,0,0,0,0,0,0,0,0,0,0,0,0,0,0,0,0,0,0,0,1,0,0,0,0,0
2020-11-23,0,0,0,0,0,0,0,0,0,0,0,0,62,0,0,0,0,0,0,0,6,0,0,0,0,0,0,1,0,0,0,0,1,0,1,0,1,0,0,0,0,0,0,0,0,0,0,0,0,0,2,0,1,0,0,0,0,0,0,0,0,0,1,0,0
2020-11-24,0,0,0,0,0,0,0,0,0,1,0,0,67,0,1,1,0,0,0,0,11,0,0,0,0,0,0,0,0,0,0,0,0,1,0,0,0,0,0,0,0,0,0,0,0,0,1,0,0,0,1,0,0,0,0,0,0,0,0,0,0,0,0,0,0
2020-11-25,1,0,1,0,0,0,0,2,0,0,0,0,76,0,0,0,0,0,0,0,13,0,0,1,0,0,0,1,1,0,0,0,1,0,0,0,0,0,0,0,0,1,0,0,0,0,0,0,0,0,1,0,0,0,0,0,0,0,0,0,0,0,0,0,1
2020-11-26,0,0,0,0,0,0,0,2,0,0,4,0,49,0,0,0,0,0,0,0,6,0,0,0,0,0,0,0,0,0,0,0,0,0,1,0,0,0,0,0,0,0,0,0,0,0,1,0,0,0,0,0,0,1,0,0,0,0,0,0,0,0,0,0,0
2020-11-27,0,0,0,0,0,0,0,0,0,0,0,0,38,0,0,1,0,0,0,0,7,0,0,0,0,1,0,0,0,0,0,0,0,0,0,0,0,0,0,0,0,0,0,0,0,0,0,0,0,0,0,0,0,0,0,0,0,0,0,0,0,0,0,0,0
2020-11-28,0,0,0,0,0,0,0,0,0,0,0,0,50,0,0,0,0,0,0,0,12,0,0,0,0,0,0,0,0,0,0,0,1,0,0,0,0,0,0,0,0,1,0,0,0,0,0,1,0,0,0,0,0,0,0,0,0,0,0,0,0,0,0,0,0
2020-11-29,0,0,0,0,0,0,0,0,0,0,0,0,67,0,0,0,0,1,0,0,8,0,0,0,0,0,0,0,1,0,0,0,0,0,0,0,1,1,0,0,0,0,0,0,0,0,0,0,0,0,0,0,0,1,0,0,0,0,0,0,0,1,0,0,0
2020-11-30,0,0,1,0,1,0,0,0,0,0,0,0,57,0,0,1,0,0,0,0,12,0,0,0,0,1,0,0,0,0,0,0,0,0,0,0,0,0,0,0,1,0,0,0,0,0,0,0,0,0,0,0,0,0,0,0,0,0,0,0,0,0,0,0,0
2020-12-01,0,0,2,0,0,0,0,0,0,3,0,0,55,0,0,0,0,0,0,0,11,0,0,0,0,0,0,0,0,0,0,0,0,0,0,0,0,0,0,0,0,0,0,0,0,0,0,0,0,0,0,0,0,0,0,0,0,0,0,0,0,0,1,0,0
2020-12-02,0,0,2,0,0,0,0,0,0,0,0,0,52,0,0,0,0,1,0,0,11,0,0,0,0,0,0,0,0,0,0,0,0,0,0,0,0,0,0,0,0,2,0,0,0,0,0,0,0,0,1,0,0,1,0,0,0,1,0,0,0,0,0,0,0
2020-12-03,1,1,0,0,0,0,0,0,0,0,0,0,46,0,0,0,0,0,0,0,3,0,0,0,0,0,0,0,1,0,0,0,0,0,0,0,0,1,0,0,0,0,0,0,0,0,0,0,0,0,1,0,0,0,0,0,0,0,0,0,0,0,0,0,0
2020-12-04,0,0,0,0,0,0,0,0,0,0,0,0,49,0,0,1,0,0,0,0,1,0,0,0,0,0,0,0,0,0,0,0,0,0,0,0,0,0,0,0,0,0,0,0,0,1,0,0,0,0,0,0,0,0,0,0,0,0,0,0,0,1,0,0,0
2020-12-05,0,0,0,0,0,0,0,1,0,0,0,0,42,0,0,0,0,0,0,0,3,0,0,0,0,0,0,0,0,0,0,0,1,0,0,0,0,0,0,0,0,0,0,0,0,0,0,0,0,0,0,0,0,0,0,0,0,0,0,0,0,0,1,0,0
2020-12-06,0,0,0,0,0,0,0,0,0,0,0,0,35,0,0,1,0,0,0,0,3,0,0,0,0,0,0,0,0,0,0,0,0,0,0,0,0,0,0,0,0,0,0,0,0,0,0,0,0,0,0,0,0,0,0,0,0,0,0,0,0,0,0,0,0
2020-12-07,0,0,1,0,1,0,0,0,0,0,0,0,42,0,0,0,0,0,0,0,12,0,0,0,0,0,0,0,0,0,0,0,0,0,0,0,0,0,0,0,0,0,0,0,0,0,0,0,2,1,1,0,0,0,0,0,0,0,0,2,0,0,0,0,0
2020-12-08,0,0,0,0,0,0,0,0,0,0,0,0,45,0,0,1,0,0,1,0,2,0,0,0,0,0,0,0,0,0,0,0,0,0,0,0,0,0,0,0,0,0,0,0,0,0,0,0,0,0,0,0,0,0,0,0,0,0,0,0,0,0,0,0,0
2020-12-09,0,0,0,0,0,1,0,0,0,0,0,0,43,0,0,0,0,0,0,0,5,0,0,0,0,0,0,0,0,0,0,0,0,0,0,0,0,0,0,0,0,0,0,0,0,0,0,0,0,0,0,1,0,0,0,0,0,0,0,0,0,0,0,0,0
2020-12-10,0,0,0,0,0,0,0,0,0,0,0,0,41,0,0,0,0,2,0,0,3,0,0,0,2,0,0,0,1,0,0,0,0,0,0,0,0,0,0,0,0,0,0,0,0,0,0,0,0,0,0,0,0,0,0,0,0,0,0,0,0,0,0,0,0
2020-12-11,0,0,1,0,0,0,0,1,0,0,0,0,33,0,0,0,0,1,0,0,3,0,0,0,0,0,0,0,0,0,0,0,0,0,0,1,0,2,0,0,0,0,0,0,0,0,0,0,0,0,0,0,0,0,0,0,0,0,0,0,0,0,0,0,0
2020-12-12,0,0,2,0,0,0,0,0,0,0,0,0,35,0,0,0,0,0,0,0,3,0,0,1,0,0,0,1,1,0,0,0,0,0,0,0,1,0,0,1,0,0,0,0,0,0,1,0,0,0,0,0,0,0,0,0,0,0,0,0,1,0,0,0,0
2020-12-13,0,0,0,0,2,0,0,0,0,0,0,0,40,0,0,0,0,0,0,0,2,0,0,0,0,0,0,0,0,0,0,0,1,0,0,0,0,1,0,1,0,0,0,0,0,0,0,0,0,0,0,0,0,0,0,0,0,0,0,0,0,0,0,0,0
2020-12-14,0,0,0,0,0,0,0,0,0,0,0,0,34,0,0,0,0,0,0,0,6,0,0,0,1,0,0,0,0,0,0,0,0,0,0,0,0,0,0,0,0,2,0,0,0,0,0,0,0,0,0,0,0,0,0,0,0,0,0,0,0,0,0,0,0
2020-12-15,0,0,1,0,0,0,0,0,0,0,0,0,40,0,1,0,0,0,0,0,3,0,0,0,0,0,0,0,0,0,0,0,1,0,0,0,1,0,0,0,0,0,0,0,0,1,0,0,0,0,0,0,0,0,0,0,0,0,0,0,0,0,0,0,0
2020-12-16,0,0,1,0,0,0,0,0,0,0,0,0,23,0,0,0,0,0,0,0,4,1,0,0,0,0,0,0,0,0,0,0,0,0,0,0,1,0,0,0,0,0,0,1,0,0,0,0,0,0,0,0,0,0,0,0,0,0,0,1,0,0,1,0,0
2020-12-17,0,0,0,0,0,0,0,0,1,0,0,0,27,0,0,0,0,0,0,0,6,0,0,0,0,0,0,0,0,0,0,0,0,0,0,0,0,0,0,0,0,0,0,0,0,0,0,0,0,0,0,0,0,0,0,0,0,0,0,0,0,0,0,0,0
2020-12-18,0,0,1,0,0,0,0,0,0,0,0,0,23,0,0,0,0,0,0,0,1,0,0,0,0,0,0,0,0,0,0,0,2,0,0,0,0,0,0,0,0,0,0,0,0,0,0,0,0,0,0,0,0,0,0,0,0,0,0,0,0,0,0,0,0
2020-12-19,0,0,0,0,0,0,1,0,0,0,0,0,29,0,0,0,0,0,0,0,2,0,0,0,0,0,1,0,0,0,0,0,0,0,0,0,0,1,0,0,0,0,0,0,0,0,0,0,0,0,0,0,0,0,0,0,0,0,0,0,0,0,0,0,0
2020-12-20,0,0,0,0,0,0,0,0,0,0,0,0,14,0,0,0,0,0,0,0,6,0,0,0,0,0,0,0,0,0,0,0,0,0,0,0,0,0,0,0,0,0,0,0,0,0,0,0,0,0,0,0,0,0,0,0,0,0,0,0,0,0,0,0,0
2020-12-21,0,0,0,0,0,0,0,0,0,0,0,0,35,0,2,0,0,0,0,0,1,0,0,0,0,0,0,0,0,0,0,0,0,0,0,0,0,1,0,0,0,0,0,0,0,0,0,0,0,0,0,0,0,0,0,0,0,0,0,0,0,0,0,0,0
2020-12-22,0,0,0,0,0,0,0,0,0,0,0,0,19,0,0,0,0,0,0,0,6,0,0,0,0,0,0,0,0,0,0,0,0,0,0,1,0,0,0,0,0,0,0,0,0,0,0,0,0,0,0,0,0,0,0,0,0,0,0,0,0,0,0,0,0
2020-12-23,0,0,1,0,0,0,0,0,0,0,0,0,23,0,0,0,0,0,0,0,6,0,0,0,0,0,0,0,0,0,0,0,1,0,0,0,0,0,0,0,0,0,0,0,0,0,0,0,0,0,0,0,0,0,0,0,0,0,0,0,0,0,0,0,0
2020-12-24,0,0,0,0,0,0,0,0,0,0,0,0,32,0,0,0,0,1,0,0,6,0,0,0,4,0,1,0,0,0,0,0,0,0,0,0,0,0,0,0,0,0,0,0,0,1,0,0,0,0,0,0,0,0,0,0,0,0,0,0,0,0,0,0,0
2020-12-25,0,0,1,0,0,0,0,0,0,0,0,0,18,0,0,0,0,0,0,0,2,0,0,0,0,0,0,0,0,0,0,0,0,0,0,0,0,0,0,0,0,0,0,0,0,0,0,0,0,0,0,0,0,0,0,0,0,0,0,1,0,0,0,0,0
2020-12-26,0,0,0,0,0,0,0,0,0,0,0,0,35,0,0,0,0,0,0,0,2,0,0,0,0,0,0,0,0,0,0,0,0,0,0,0,0,0,1,0,0,0,0,0,0,0,0,0,0,0,0,0,0,0,0,0,0,0,0,0,0,0,1,0,0
2020-12-27,0,0,0,0,2,0,0,0,0,0,0,0,29,0,0,0,0,0,0,0,3,0,0,1,1,0,0,0,0,0,0,0,0,0,0,0,0,1,0,0,0,0,0,0,0,0,0,0,0,0,0,0,0,0,0,0,0,0,0,1,0,0,1,0,0
2020-12-28,0,0,0,0,0,0,0,0,0,0,0,0,29,0,0,0,0,0,0,0,2,0,0,0,1,0,0,0,0,0,0,0,0,0,0,0,0,0,0,0,0,0,0,0,0,0,0,0,0,0,0,0,0,1,0,0,0,0,0,0,0,0,2,0,0
2020-12-29,0,0,0,0,1,0,0,0,0,0,0,0,36,0,0,0,0,0,0,0,3,0,0,0,0,0,0,0,1,0,0,0,0,0,0,0,0,0,0,0,0,0,0,0,0,0,0,0,1,0,0,0,0,0,0,0,0,0,0,0,0,0,0,0,0
2020-12-30,0,0,0,1,0,0,0,1,0,0,0,0,41,0,0,1,0,0,0,0,1,0,0,0,0,0,0,1,1,0,0,0,0,0,0,0,0,0,0,0,0,0,0,0,0,0,0,0,0,0,0,0,0,0,0,0,0,0,0,0,0,0,0,0,0
2020-12-31,0,0,0,0,0,0,0,0,0,0,0,0,18,0,0,0,0,0,0,0,4,0,0,0,0,0,0,0,0,0,0,0,0,0,0,0,0,0,0,0,1,0,0,0,0,0,0,0,0,0,0,0,0,0,0,0,0,0,0,0,0,0,1,0,0
2021-01-01,0,0,0,0,0,0,0,0,0,0,0,0,11,0,0,0,0,0,0,0,2,1,0,0,0,0,0,0,0,0,0,0,0,0,0,0,0,0,0,0,0,1,0,0,0,0,0,0,0,0,0,0,0,0,0,0,0,0,0,0,0,0,0,0,0
2021-01-02,0,0,0,0,0,0,0,1,0,0,0,0,28,0,0,0,0,2,0,0,0,0,0,0,0,0,0,0,0,0,0,0,0,0,0,0,0,0,0,0,0,0,0,0,0,0,0,0,0,0,0,0,0,0,0,0,0,0,0,0,0,0,0,0,0
2021-01-03,0,0,0,0,0,0,0,2,0,0,0,0,31,0,0,0,0,0,0,0,2,0,0,0,0,1,0,0,0,0,0,0,1,0,0,0,0,0,0,0,0,0,0,0,0,0,0,0,1,0,0,0,0,0,0,0,0,0,0,0,0,0,0,0,0
2021-01-04,0,0,0,0,1,0,0,0,0,0,0,0,32,0,0,0,0,0,0,0,4,0,0,0,0,0,1,0,0,0,0,0,0,0,0,0,0,0,0,0,0,0,0,0,0,0,0,0,0,0,0,0,0,0,0,0,0,0,0,3,1,0,0,0,0
2021-01-05,0,0,1,0,0,0,0,0,0,0,0,0,40,0,0,0,0,4,0,0,6,0,0,0,0,0,0,0,0,0,0,0,0,0,0,0,0,0,0,0,0,0,0,0,0,0,0,0,0,0,0,0,0,0,0,0,0,0,0,1,0,0,0,0,0
2021-01-06,0,0,0,0,0,0,0,0,0,0,0,1,24,0,0,0,0,0,0,0,8,0,0,0,0,0,0,0,0,0,0,0,0,0,1,0,0,1,0,0,0,0,0,0,0,0,0,0,0,0,0,0,0,0,0,0,0,0,0,0,0,0,0,0,0
2021-01-07,0,0,0,0,0,0,0,0,0,0,0,0,22,0,0,0,0,0,0,0,5,0,0,0,0,0,0,0,0,0,0,0,0,0,0,0,0,0,0,0,0,0,0,0,0,0,0,0,0,0,0,0,1,1,0,0,0,0,1,0,0,0,0,0,0
2021-01-08,0,0,0,0,0,0,0,0,0,0,0,0,23,0,0,0,0,0,0,0,2,0,0,0,0,0,0,1,0,0,0,0,0,0,0,0,0,0,0,0,0,0,0,0,0,0,0,0,0,0,0,0,0,1,0,0,0,0,0,0,0,0,0,0,0
2021-01-09,0,0,0,0,0,0,0,0,0,0,0,1,21,0,0,0,0,0,0,0,2,0,0,0,0,0,0,0,0,0,0,0,0,0,0,0,0,0,0,0,0,0,0,0,0,0,0,0,0,0,0,0,0,0,0,0,0,0,0,1,0,0,0,0,0
2021-01-10,0,0,0,0,0,0,0,0,0,0,1,0,23,0,0,1,0,0,0,0,5,0,0,0,0,0,0,0,0,0,0,0,0,0,0,0,0,0,0,0,0,0,0,0,0,0,0,0,0,1,0,0,0,0,0,0,0,0,0,0,0,0,0,0,0
2021-01-11,0,0,0,0,0,0,0,0,0,0,0,0,36,1,0,1,0,0,0,0,2,0,0,0,0,0,0,0,0,0,0,0,0,0,0,0,1,0,0,0,0,0,0,0,0,0,0,0,0,0,0,1,0,0,0,0,0,0,0,0,0,0,0,0,0
2021-01-12,0,0,0,0,0,0,0,0,0,0,0,0,29,0,0,0,0,0,0,0,2,0,0,0,0,0,0,0,0,0,0,0,0,0,0,0,0,0,0,0,0,0,0,0,0,0,1,0,0,0,0,0,0,0,0,0,0,0,0,0,1,0,0,0,0
2021-01-13,0,0,0,0,0,0,0,0,0,0,1,0,29,0,0,0,0,0,0,0,2,0,0,0,0,0,0,0,0,0,0,0,0,0,1,0,0,0,0,0,0,0,0,0,0,0,0,0,0,0,0,0,0,0,0,0,0,0,0,0,0,0,0,0,1
2021-01-14,0,0,0,0,0,1,0,0,0,0,0,0,22,0,0,0,0,0,0,0,0,2,0,0,0,0,0,0,0,0,0,0,0,0,0,0,0,0,0,0,0,0,0,0,0,0,0,0,0,0,0,0,0,0,0,0,0,0,0,0,0,0,0,0,0
2021-01-15,0,0,0,0,0,0,0,0,0,0,0,0,27,0,0,0,0,0,0,0,1,0,0,0,0,0,0,0,0,0,0,0,0,0,0,0,0,0,0,0,0,0,0,0,0,0,0,0,0,0,0,0,0,0,0,0,0,0,0,0,0,0,0,0,0
2021-01-16,0,0,1,0,0,0,0,0,0,0,0,0,27,0,0,0,0,0,0,0,3,1,0,0,0,0,0,0,0,0,0,0,1,0,0,0,0,0,0,0,0,0,0,0,0,0,0,0,0,0,0,0,0,0,0,0,0,0,0,1,0,0,0,0,0
2021-01-17,0,0,0,0,0,0,0,0,0,0,0,0,29,0,0,0,0,0,0,0,2,0,0,0,0,0,0,0,0,0,0,0,0,0,0,0,0,0,0,0,0,0,0,0,0,0,0,0,0,0,0,0,0,0,0,0,0,0,0,0,0,0,0,0,0
2021-01-18,0,0,0,0,0,0,0,0,0,0,0,4,20,0,0,0,0,0,0,0,2,0,0,0,0,0,0,0,0,0,0,0,0,0,0,0,0,0,0,0,0,0,0,0,0,0,0,0,0,0,0,0,1,0,0,0,0,0,0,0,0,0,0,0,0
2021-01-19,0,0,0,0,0,0,0,1,0,1,0,0,15,0,0,0,0,0,0,0,0,0,0,0,1,1,0,0,0,0,0,0,0,0,0,0,1,0,0,0,0,0,0,0,0,0,0,0,0,0,0,0,0,0,0,0,0,0,0,0,0,0,0,0,0
2021-01-20,0,0,0,0,0,0,0,0,0,0,0,0,17,0,0,0,0,0,0,0,2,0,0,0,0,0,0,0,0,0,0,0,0,0,0,0,0,0,0,0,0,0,0,0,0,0,0,0,0,0,0,0,0,0,0,0,0,0,0,0,0,0,0,0,0
2021-01-21,0,0,0,0,0,0,0,0,0,0,0,1,17,0,0,0,0,0,0,0,0,0,0,0,0,0,0,0,0,0,0,0,0,0,0,0,0,0,0,0,0,0,0,0,0,0,0,0,0,0,0,1,0,0,0,0,0,0,0,0,0,0,0,0,0
2021-01-22,0,0,0,0,0,0,0,0,0,0,0,0,9,0,0,0,0,0,0,0,1,0,0,0,0,0,0,0,0,0,0,0,0,0,0,1,0,0,0,0,0,0,0,0,0,0,0,0,0,0,0,0,0,0,0,0,0,0,0,1,0,0,0,0,0
2021-01-23,0,0,0,0,0,0,0,0,0,0,0,0,17,0,0,0,0,0,0,1,2,0,0,0,0,0,0,0,0,0,0,0,0,0,0,0,0,0,0,0,0,0,0,0,0,0,0,0,0,0,0,0,0,0,0,0,0,0,0,0,0,0,0,0,0
2021-01-24,0,0,0,0,0,0,0,0,0,0,0,0,18,0,0,0,0,0,0,0,0,0,0,0,0,0,0,0,0,0,0,0,0,0,0,0,0,0,0,0,0,0,0,0,0,0,0,0,0,0,0,0,0,0,0,0,0,0,0,0,0,0,0,0,0
2021-01-25,0,0,1,0,0,0,0,1,0,0,0,0,22,0,0,0,0,0,0,0,2,0,0,0,0,0,0,0,0,0,0,0,0,0,0,0,0,0,0,0,0,0,0,0,0,0,0,0,0,0,0,0,0,0,0,0,0,0,0,0,0,1,0,0,0
2021-01-26,0,0,0,0,0,1,0,0,0,0,0,0,14,0,0,0,0,0,0,0,3,0,0,0,0,0,0,0,0,0,0,0,0,0,0,0,0,0,0,0,0,0,0,0,0,0,0,0,0,0,0,0,0,0,0,0,0,0,0,3,0,0,0,0,0
2021-01-27,0,0,0,0,0,0,0,0,0,0,0,0,14,0,0,0,0,0,0,0,5,0,0,0,0,0,0,1,0,0,0,0,0,0,0,0,0,0,0,0,0,0,0,0,0,0,0,0,0,0,0,0,0,0,0,0,0,0,0,0,0,0,1,0,0
2021-01-28,0,0,0,0,0,0,0,0,0,0,0,0,13,0,0,0,0,0,0,0,2,0,0,0,0,0,0,0,0,0,0,0,0,0,1,0,0,0,0,0,0,0,0,0,0,0,0,0,0,0,0,0,0,0,0,0,0,0,0,0,0,0,0,0,0
2021-01-29,0,0,0,0,0,0,0,0,0,0,0,0,14,0,0,0,0,1,0,0,1,0,0,0,0,0,0,0,0,0,0,0,0,1,0,0,0,0,0,0,0,0,0,0,0,0,0,0,0,0,0,0,0,0,0,0,0,0,0,0,0,0,0,0,0
2021-01-30,0,0,0,0,0,0,0,0,0,0,0,0,16,0,0,0,0,1,1,0,2,0,0,0,0,0,0,0,0,0,0,0,0,0,0,0,0,0,0,0,0,0,0,0,0,0,0,0,0,0,0,0,0,0,0,0,0,0,0,0,0,0,0,0,0
2021-01-31,0,0,1,0,0,0,0,0,0,0,0,0,13,0,0,0,0,0,0,0,0,0,0,0,0,0,0,0,0,0,0,0,0,0,0,0,0,0,0,0,0,0,0,0,0,0,0,0,0,0,0,0,0,0,0,0,0,0,0,0,0,0,0,0,0
2021-02-01,0,0,0,0,0,0,0,0,0,0,0,0,17,0,0,0,0,0,0,0,0,0,0,0,0,0,0,0,0,0,0,0,0,0,0,0,0,0,0,0,0,0,0,0,0,0,0,0,0,0,0,0,0,0,0,0,0,0,0,0,0,0,0,0,0
2021-02-02,0,0,0,0,0,1,0,0,0,0,0,0,15,0,0,0,0,0,0,0,0,0,0,0,0,0,0,0,0,0,0,0,0,0,0,0,1,0,0,0,0,0,0,0,0,0,0,0,0,0,0,0,0,0,0,0,0,0,0,0,0,0,0,0,0
2021-02-03,0,0,0,0,0,0,0,0,0,0,0,0,20,0,2,1,0,0,0,0,1,0,0,0,0,0,0,0,0,0,0,0,0,0,0,0,0,0,0,0,0,0,0,0,0,0,0,0,0,0,0,0,0,0,0,0,0,0,0,0,0,0,0,0,0
2021-02-04,0,0,0,0,0,0,0,0,0,0,0,0,21,0,0,0,0,0,0,0,0,0,0,0,0,0,0,0,0,0,0,0,0,0,0,0,0,0,0,0,0,0,0,1,0,0,0,0,0,0,0,0,0,0,0,0,0,0,0,0,0,0,0,0,0
2021-02-05,0,0,0,0,0,0,0,0,0,0,0,0,13,0,0,0,0,0,0,0,2,0,0,0,0,0,0,0,0,0,0,0,2,0,0,0,0,0,0,0,0,0,0,0,0,0,0,0,0,0,0,1,0,0,0,0,0,0,0,0,0,0,0,0,0
2021-02-06,0,0,0,0,0,0,0,0,0,0,0,0,14,0,0,0,0,0,0,0,2,0,0,0,0,0,0,0,0,0,0,0,3,0,0,0,0,0,0,0,0,0,0,0,0,0,0,0,0,0,0,1,0,0,0,0,0,0,0,0,0,0,0,0,0
