date,Comilla,Sunamganj,Unknown,Manikganj,Kishoreganj,Kushtia,Sirajganj,Jhenaidah,Rangamati,Chittagong,Nilphamari,Thakurgaon,Pabna,Rajshahi,Cox's Bazar,Chapainawabganj,Tangail,Sylhet,Feni,Chuadanga,Bagerhat,Maulvibazar,Magura,Munshiganj,Kurigram,Netrokona,Meherpur,Narsingdi,Pirojpur,Gopalganj,Mymensingh,Khulna,Jhalokati,Narayanganj,Lakshmipur,Khagrachhari,Jamalpur,Natore,Noakhali,Chandpur,Narail,Rajbari,Jaipurhat,Gazipur,Patuakhali,Sherpur,Ã Â¦ÅÃ Â¦Â¾Ã Â¦Â®Ã Â¦Â¾Ã Â¦Â²Ã Â¦ÂªÃ Â§ÂÃ Â¦Â°,Habiganj,Dhaka,Naogaon,Satkhira,Faridpur,Dinajpur,Shariatpur,Bandarban,Rangpur,Madaripur,Bogra,Brahmanbaria,Barguna,Gaibandha,Bhola,Jessore,Barisal,Lalmonirhat,Panchagarh
2020-04-03,2,0,0,0,0,0,3,0,0,6,0,0,0,1,0,2,1,0,3,0,0,0,0,0,2,0,0,1,0,0,1,1,0,0,0,0,2,2,3,2,0,0,0,2,0,1,0,0,30,0,2,1,1,0,0,1,1,0,0,0,0,3,0,0,0,2
2020-04-04,7,1,0,1,1,2,9,1,0,25,0,1,5,1,1,0,5,9,1,2,0,0,0,0,0,0,2,2,1,0,5,4,0,11,3,0,2,0,6,4,2,1,0,2,0,1,0,0,131,1,3,1,4,0,0,3,1,5,3,0,2,0,4,0,1,2
2020-04-05,12,1,0,2,2,1,3,1,0,11,0,0,1,4,0,2,4,6,9,2,2,4,0,0,0,1,0,3,0,3,2,4,2,6,0,0,2,2,8,6,0,4,0,15,0,0,0,1,120,3,1,7,2,0,0,1,0,8,0,0,2,2,3,4,0,0
2020-04-06,14,2,0,3,2,1,1,0,0,32,2,0,4,3,4,0,11,6,4,0,3,1,2,1,0,1,0,4,0,1,5,11,1,25,1,2,3,1,6,2,1,0,1,20,2,3,0,1,225,2,2,5,2,3,0,2,1,8,5,0,5,1,2,5,2,0
2020-04-07,3,0,0,2,2,0,4,0,0,7,1,0,2,5,2,0,2,6,0,0,0,2,2,4,0,0,1,3,1,1,3,9,0,4,0,0,1,0,2,2,2,1,0,4,1,0,0,0,107,1,1,3,3,0,0,0,2,4,1,1,3,2,6,3,1,0
2020-04-08,0,0,0,0,0,0,1,0,0,5,0,0,0,1,0,0,2,0,0,0,0,0,0,0,1,0,0,0,0,0,0,1,0,1,0,0,0,0,1,0,0,0,0,6,0,0,1,0,162,0,0,1,0,0,0,0,0,2,2,0,0,0,0,2,0,0
2020-04-09,7,0,0,1,1,0,1,0,0,4,0,2,2,0,0,0,4,2,1,0,0,0,0,0,0,0,0,1,0,0,2,1,4,6,0,2,1,1,2,1,0,2,1,2,0,1,0,0,40,2,0,4,1,1,0,2,0,1,0,0,1,0,0,1,0,0
2020-04-10,4,0,104,0,2,1,0,0,0,4,0,2,0,1,0,0,2,2,2,0,0,0,0,3,0,0,0,0,0,0,1,2,0,5,1,0,0,2,0,2,0,0,0,1,0,0,0,0,33,2,1,1,2,0,1,2,0,1,1,0,0,0,0,5,0,0
2020-04-11,1,0,275,0,0,1,1,0,0,4,0,0,1,1,0,0,1,1,0,0,0,0,1,0,0,2,0,0,0,0,1,0,0,2,0,0,0,1,3,1,0,0,0,0,0,0,0,0,20,1,0,0,3,2,0,0,0,0,0,0,1,0,2,0,0,0
2020-04-12,0,0,341,0,1,0,0,1,0,3,0,0,3,1,0,0,0,0,1,0,0,1,2,0,2,0,0,0,0,0,2,3,1,0,0,0,0,1,1,0,1,0,0,2,0,0,0,0,21,0,0,0,0,1,0,2,1,3,2,1,0,3,0,2,0,0
2020-04-13,1,0,208,3,0,0,1,1,0,2,0,0,0,1,0,0,1,1,0,1,0,0,0,3,0,1,0,3,0,0,1,1,0,4,1,0,1,0,1,0,0,0,0,2,0,0,0,1,12,0,0,0,0,0,0,0,0,1,1,0,0,0,0,0,0,0
2020-04-14,3,0,192,0,0,0,0,0,0,3,0,0,0,0,0,0,1,0,0,0,0,0,0,0,0,0,0,1,0,1,0,1,0,1,0,1,2,0,1,0,0,1,0,0,2,0,0,0,18,0,0,0,0,0,0,1,0,0,0,0,0,0,0,0,0,0
2020-04-15,0,0,191,0,12,3,1,0,0,2,0,0,0,0,0,0,0,0,0,0,0,0,0,0,0,0,0,0,0,2,0,0,0,0,2,1,0,0,2,0,0,0,0,3,0,0,0,0,17,2,0,0,0,0,0,0,0,0,0,0,0,0,1,0,0,2
2020-04-16,2,0,115,0,1,0,0,0,0,3,0,0,0,0,0,0,0,2,0,0,0,0,0,0,0,0,0,2,0,1,0,1,0,0,0,0,0,0,0,0,0,0,0,1,0,0,0,0,12,0,0,0,0,0,0,1,0,0,0,0,0,0,1,1,0,1
2020-04-17,1,0,128,1,2,0,2,0,0,9,0,0,0,1,1,0,1,0,0,0,0,0,0,0,0,1,0,0,0,0,1,0,1,2,0,0,2,0,1,0,0,0,1,1,0,1,0,0,31,0,1,0,0,0,0,0,0,0,0,0,0,0,0,2,0,0
2020-04-18,1,0,204,0,0,1,0,0,0,4,1,0,0,1,2,0,0,0,1,0,0,0,0,0,1,0,0,2,0,0,1,5,0,2,0,0,2,0,0,0,0,0,0,0,0,0,0,0,16,1,0,1,1,0,0,1,0,1,0,1,0,0,0,1,0,0
2020-04-19,0,0,108,0,0,0,0,0,0,1,0,0,0,1,1,0,0,0,0,0,0,0,0,0,0,0,0,1,0,0,2,0,0,5,1,0,0,0,0,0,0,0,0,1,0,0,0,0,13,0,1,0,0,0,0,0,0,1,0,0,0,0,2,0,0,0
2020-04-20,0,0,207,0,0,0,0,0,0,0,0,0,2,0,0,0,0,1,0,0,0,1,0,0,0,0,0,2,2,1,0,2,0,4,0,0,1,0,0,3,0,1,0,1,0,0,0,0,27,0,0,0,2,0,0,2,0,2,1,0,1,0,0,0,0,0
2020-04-21,1,0,233,0,0,0,2,2,0,0,0,0,2,1,0,0,4,0,5,1,0,1,0,0,0,0,0,0,1,0,3,0,0,1,3,0,1,1,0,0,0,0,0,2,0,0,0,2,43,1,0,1,0,0,0,0,1,0,0,0,0,0,1,0,1,0
2020-04-22,1,0,210,1,1,0,1,0,0,6,0,0,0,1,0,1,0,0,0,5,0,1,0,0,0,0,0,0,0,0,3,4,0,2,0,1,4,0,0,0,0,0,0,6,2,0,0,2,35,1,0,0,0,0,0,0,1,0,0,1,1,0,2,1,0,0
2020-04-23,2,0,203,2,1,0,1,2,0,1,0,0,1,2,0,0,2,2,1,0,0,0,0,1,0,0,0,1,0,0,2,2,0,3,0,0,0,0,0,0,0,0,0,7,0,0,0,1,42,0,0,0,0,0,0,0,0,0,1,0,0,0,0,0,0,0
2020-04-24,3,1,182,0,8,0,3,0,0,6,0,0,0,1,3,0,2,4,1,0,0,0,0,0,0,0,0,2,0,2,0,1,0,2,0,0,2,5,2,4,0,0,0,1,0,1,0,0,24,0,0,0,1,1,0,1,0,2,0,0,2,1,2,2,0,0
2020-04-25,1,1,173,1,2,0,0,0,0,1,0,1,0,1,1,0,0,1,1,0,0,0,0,0,0,0,0,2,0,0,0,2,0,4,0,0,0,0,0,0,0,0,0,0,0,0,0,0,29,0,0,0,1,0,0,0,0,2,0,0,0,0,0,2,0,1
2020-04-26,0,0,158,0,3,0,0,1,0,4,0,0,1,0,0,0,0,2,2,0,2,0,0,0,0,1,0,0,0,0,1,0,0,2,0,0,2,0,0,0,1,0,0,3,0,0,0,1,30,0,0,0,1,0,0,0,1,1,0,0,0,1,1,0,0,0
2020-04-27,1,0,155,0,0,3,0,0,0,5,0,1,1,0,0,0,0,0,1,1,0,0,0,2,0,0,0,1,1,0,2,0,0,1,1,0,2,0,0,1,0,2,0,5,0,0,0,0,39,0,0,0,0,3,0,4,0,0,1,0,0,0,0,0,0,1
2020-04-28,0,0,130,0,0,0,0,1,3,1,1,0,0,0,0,0,0,1,0,0,0,0,0,0,0,0,0,0,1,0,0,0,0,3,0,0,0,0,1,0,0,0,0,0,0,0,0,2,32,1,0,0,1,1,0,0,0,1,0,0,0,0,2,1,0,0
2020-04-29,5,0,119,0,0,0,0,0,0,4,1,0,1,1,0,0,0,0,0,0,1,0,0,0,0,0,0,1,0,0,2,1,0,1,0,0,2,1,0,1,0,0,0,7,0,0,0,0,27,0,0,1,0,0,0,3,0,0,0,0,0,2,3,0,0,0
2020-04-30,0,0,144,0,0,1,0,0,0,0,5,3,1,0,0,0,1,0,0,0,0,2,0,0,0,1,0,0,0,0,1,0,0,5,0,0,0,1,0,4,0,0,0,1,0,1,0,0,29,0,0,0,0,0,0,1,0,0,0,0,0,2,3,0,0,0
2020-05-01,1,0,129,0,0,0,0,0,0,1,2,0,1,0,0,1,0,0,0,0,0,0,0,1,0,0,0,0,0,0,2,1,0,1,0,0,0,1,1,3,0,0,0,4,0,0,0,0,37,0,0,0,0,0,0,1,0,0,0,0,0,0,1,0,0,1
2020-05-02,1,0,208,0,0,0,0,1,3,5,1,0,1,0,0,0,0,0,0,0,0,0,0,3,0,0,0,0,0,0,0,1,0,1,0,0,0,0,0,0,0,0,0,4,0,0,0,0,25,1,0,0,0,0,0,0,0,3,0,0,0,0,0,0,0,0
2020-05-03,0,0,144,1,1,1,1,0,0,1,1,0,0,1,0,0,0,1,0,0,0,0,0,0,0,1,0,1,1,1,0,0,0,3,0,0,2,1,2,1,0,1,0,0,0,0,0,1,24,0,0,1,0,0,0,0,0,1,1,0,1,0,0,1,0,0
2020-05-04,0,0,119,0,2,2,3,0,0,7,0,0,0,0,0,1,0,0,0,2,0,0,0,0,0,0,0,0,0,0,1,1,0,3,0,0,1,0,2,0,0,0,0,1,0,0,0,0,18,1,0,0,2,0,0,0,0,1,1,0,0,0,1,0,0,0
2020-05-05,0,0,96,0,0,0,1,0,0,2,0,0,0,2,1,0,0,2,1,0,0,0,0,0,1,0,1,0,0,0,2,0,0,3,1,0,0,0,0,0,0,0,0,3,0,1,0,0,37,0,0,0,1,0,0,0,0,0,0,0,0,0,0,0,0,0
2020-05-06,3,0,78,0,0,0,0,0,0,8,0,0,3,0,0,0,0,0,3,0,0,0,0,0,2,0,0,1,0,0,1,2,0,3,0,0,0,0,1,2,0,0,0,3,0,0,0,1,32,0,0,0,1,0,0,0,0,0,3,0,2,0,0,1,0,1
2020-05-07,0,0,94,0,0,0,0,0,0,0,0,0,0,0,0,0,0,0,0,0,0,0,0,0,0,1,0,1,0,0,2,0,0,1,0,0,0,0,0,1,0,0,0,0,0,0,0,0,32,0,0,1,0,0,0,1,0,0,0,0,0,0,0,0,0,0
2020-05-08,1,0,100,2,0,1,1,0,0,7,0,0,0,0,0,0,1,2,0,0,0,0,0,1,0,0,0,0,0,0,2,0,0,1,1,2,0,0,0,0,0,0,0,0,0,0,0,0,27,0,0,0,0,0,0,0,0,1,0,0,0,0,1,0,0,0
2020-05-09,0,0,75,0,1,0,0,0,0,1,1,0,0,1,0,0,0,0,0,0,0,0,0,0,0,0,0,0,0,0,1,0,0,3,0,0,0,2,1,0,0,0,0,3,0,0,0,0,24,0,1,0,0,0,0,2,0,1,0,0,1,0,0,0,0,0
2020-05-10,0,0,63,0,0,0,2,1,0,4,0,0,0,0,0,0,0,1,0,1,0,0,0,0,0,0,0,1,0,0,0,0,0,1,0,0,0,0,0,1,0,0,1,0,0,0,0,0,19,1,0,2,0,0,1,1,0,1,0,0,0,0,0,0,0,0
2020-05-11,1,0,55,0,1,0,0,0,0,2,1,0,1,0,0,0,0,0,0,0,0,0,0,0,0,0,0,1,0,0,2,0,0,2,0,0,0,0,1,2,0,0,0,4,0,0,0,0,19,1,0,1,3,0,0,0,0,0,0,0,0,0,0,0,0,0
2020-05-12,0,1,76,0,0,0,0,0,0,2,0,0,1,2,2,0,0,4,1,0,0,3,0,0,0,1,0,1,0,0,1,1,0,3,0,0,1,0,1,0,0,0,0,3,1,0,0,0,31,0,0,0,0,0,0,0,0,0,0,0,0,3,0,0,0,0
2020-05-13,0,0,76,0,1,0,0,0,0,4,0,1,0,0,0,0,0,1,0,0,0,0,0,0,1,0,0,2,0,0,0,0,0,2,0,0,0,0,1,0,0,0,0,1,0,0,0,0,20,0,0,1,1,0,1,0,0,2,0,0,0,0,1,0,0,0
2020-05-14,0,0,100,0,0,0,0,0,0,3,0,1,0,0,0,0,0,6,0,0,0,0,0,0,1,0,0,3,0,0,0,2,0,0,1,0,0,0,0,1,0,0,0,3,0,0,0,0,25,0,0,0,0,0,0,0,0,0,1,1,3,0,0,0,0,0
2020-05-15,1,0,110,0,2,0,0,0,1,4,0,0,0,0,0,0,0,0,0,0,0,0,0,0,0,1,0,0,0,1,0,2,0,1,0,0,0,0,0,0,0,0,0,5,0,0,0,1,37,0,0,0,0,2,0,0,0,0,0,0,1,0,0,0,0,0
2020-05-16,1,0,123,0,0,0,0,0,0,12,0,2,0,0,3,0,1,3,0,0,0,0,0,0,0,0,1,1,0,0,0,0,0,8,0,0,0,0,1,0,0,0,0,1,0,1,0,0,36,0,0,1,0,0,0,2,1,1,1,1,0,0,0,8,2,0
2020-05-17,2,0,83,0,1,0,0,0,0,6,2,0,0,1,0,0,0,1,1,0,0,0,1,1,0,0,0,0,0,0,0,1,0,0,0,0,1,0,0,0,0,0,0,9,0,0,0,0,38,1,0,1,1,0,0,0,0,0,0,0,0,0,0,0,0,0
2020-05-18,1,2,69,0,0,0,0,0,0,5,0,0,0,0,0,0,0,2,0,0,0,0,0,1,0,0,0,0,0,0,1,0,1,3,0,0,0,0,0,1,0,0,0,2,0,0,0,0,35,0,0,1,2,0,0,0,0,0,0,0,0,0,0,0,0,1
2020-05-19,4,0,86,0,0,1,0,0,0,4,0,0,2,0,0,0,1,1,0,0,0,0,0,1,0,0,0,0,0,1,0,0,0,4,0,0,0,3,0,0,0,0,0,3,0,1,0,0,21,0,0,1,0,0,0,0,0,0,1,0,0,0,0,1,0,0
2020-05-20,0,0,121,0,1,0,0,0,0,11,0,0,2,0,0,0,0,1,4,0,0,0,1,0,0,0,0,0,0,0,0,0,0,1,0,0,0,0,0,0,0,0,0,1,0,0,0,0,33,0,0,0,0,0,1,0,0,0,1,0,0,0,0,1,0,0
2020-05-21,3,0,137,0,0,0,0,0,0,5,1,0,4,0,0,0,1,0,1,0,0,1,0,0,0,1,0,0,0,0,0,0,0,2,0,0,0,1,0,0,0,1,1,5,0,0,0,0,37,1,0,1,0,2,0,2,0,1,0,1,0,1,0,1,0,1
2020-05-22,4,0,146,0,1,0,0,0,1,5,0,0,1,1,0,1,0,0,0,0,0,0,0,0,0,0,0,0,0,1,2,1,0,4,1,0,0,1,1,0,0,0,0,3,0,0,0,0,35,0,1,0,0,0,0,0,1,1,0,0,1,0,0,1,0,2
2020-05-23,2,0,115,1,0,0,0,0,0,4,0,0,0,0,0,0,0,0,1,0,0,0,0,0,0,0,0,2,0,0,2,0,0,1,0,0,0,1,1,1,0,0,1,4,0,2,0,0,58,0,0,0,0,0,0,0,0,3,0,0,0,0,0,0,0,0
2020-05-24,1,0,115,1,0,0,0,0,0,6,0,0,0,1,0,0,0,1,0,0,0,0,1,0,0,0,1,0,0,0,1,1,0,1,0,0,0,0,0,0,0,1,0,4,0,0,0,0,37,3,0,0,0,1,0,0,0,0,0,0,0,0,0,1,0,0
2020-05-25,0,0,121,3,0,0,0,0,0,4,1,1,1,0,0,0,0,3,0,0,0,0,0,0,0,0,0,0,0,0,0,0,0,2,1,0,0,0,0,0,0,0,0,6,0,0,0,0,40,0,0,0,0,0,0,0,0,0,0,0,2,1,2,1,0,0
2020-05-26,0,0,172,1,1,0,0,0,0,8,1,0,2,0,1,0,0,1,0,0,0,0,0,0,0,1,0,1,0,0,1,1,0,2,0,0,0,0,0,0,0,0,0,5,0,0,0,0,69,1,1,0,0,0,0,0,0,1,0,0,0,0,0,0,0,0
2020-05-27,3,0,217,0,3,0,0,0,0,2,1,0,0,0,0,0,1,0,0,1,0,1,1,0,0,0,0,0,0,0,1,1,0,4,0,0,1,0,2,2,0,0,0,6,0,0,0,0,51,3,0,0,0,0,2,2,1,0,0,0,0,0,0,5,0,0
2020-05-28,2,0,191,0,0,0,0,0,0,6,0,0,0,1,0,0,0,0,1,0,0,0,0,0,0,0,0,0,0,0,0,0,0,2,0,0,0,1,0,0,0,0,0,3,0,1,0,0,48,0,0,0,1,0,0,0,1,1,0,0,0,1,1,2,0,0
2020-05-29,2,0,198,0,0,0,0,0,0,6,0,0,1,1,2,1,0,3,0,0,1,0,0,2,1,0,0,0,0,0,0,0,0,1,0,0,0,0,0,1,0,0,0,4,0,0,0,1,59,0,0,0,0,0,1,2,1,0,1,0,0,0,0,0,0,0
2020-05-30,1,0,192,2,0,0,1,0,1,5,0,0,0,0,0,1,1,2,0,1,0,0,0,0,0,2,0,0,0,0,0,0,0,0,1,0,0,0,0,0,0,0,0,6,0,0,0,0,61,3,0,0,1,0,0,0,0,0,1,0,0,0,0,0,0,0
2020-05-31,1,0,204,0,0,0,0,0,0,1,0,0,1,0,0,0,0,3,0,0,0,0,0,0,0,0,0,1,1,0,0,0,0,4,0,0,0,0,0,2,0,1,0,4,0,0,0,0,46,0,0,0,0,0,0,1,0,0,0,0,0,0,0,0,0,0
2020-06-01,3,0,176,1,4,0,0,0,0,6,0,0,0,1,0,0,0,0,0,0,0,0,0,0,0,0,0,0,0,0,3,1,0,2,0,0,0,0,0,0,0,0,0,4,3,0,0,0,47,0,0,0,0,0,0,0,0,0,0,0,0,0,0,0,0,0
2020-06-02,2,0,188,0,0,0,0,1,0,7,4,0,0,0,2,0,2,2,1,0,0,0,0,0,0,0,0,0,1,0,1,0,0,1,0,0,1,0,0,1,0,0,0,5,0,2,0,0,34,2,0,0,0,0,0,0,1,2,3,0,0,0,0,3,0,0
2020-06-03,2,0,206,0,0,0,0,0,0,7,0,0,0,0,2,0,1,2,0,1,0,0,0,1,0,0,0,0,1,0,1,2,0,1,0,0,0,0,0,0,0,0,0,10,2,0,0,0,41,0,0,2,2,2,0,0,0,0,1,0,0,0,0,1,0,1
2020-06-04,6,0,302,0,0,0,1,0,0,18,1,0,1,3,0,0,0,6,1,1,0,0,0,5,2,1,1,1,0,1,3,1,0,5,2,1,0,0,2,5,1,0,0,5,0,1,0,0,73,1,6,0,0,2,0,1,0,0,1,1,0,0,2,0,0,1
2020-06-05,16,2,648,2,8,0,1,1,1,61,3,3,4,1,4,0,7,16,3,0,0,0,1,2,0,1,1,2,1,3,8,0,0,13,2,2,0,2,9,9,2,2,1,21,5,3,0,9,152,3,0,5,6,1,0,2,1,4,4,5,0,1,2,5,3,0
2020-06-06,14,2,554,0,3,2,1,3,0,30,1,0,4,0,4,2,4,5,10,0,3,1,0,2,0,0,1,1,0,1,5,5,1,12,4,0,4,2,16,7,1,1,0,26,3,2,0,3,120,4,2,8,0,1,2,3,2,4,4,1,0,4,3,8,0,0
2020-06-07,8,0,502,7,6,4,4,4,1,20,2,2,4,3,8,1,2,3,1,2,2,1,1,4,2,1,1,3,0,2,6,3,3,6,3,0,3,0,9,9,1,0,0,21,1,0,0,1,104,0,2,6,0,5,6,1,2,6,5,1,0,1,3,6,1,0
2020-06-08,20,0,359,0,4,0,1,4,1,29,3,0,0,1,7,1,5,5,4,0,0,1,0,4,1,0,0,4,2,0,2,2,2,13,10,0,2,2,7,5,0,0,0,19,1,0,0,0,92,3,2,3,2,0,0,3,1,4,3,2,0,0,1,2,0,0
2020-06-09,7,1,365,2,4,0,0,0,2,18,0,1,4,1,3,0,1,4,2,2,1,1,0,3,0,0,1,0,0,2,4,3,3,3,4,0,1,0,6,2,1,1,1,7,0,4,0,1,70,0,0,1,3,1,0,0,1,1,3,3,0,0,1,3,0,1
2020-06-10,4,2,290,0,3,2,4,1,0,6,1,0,4,2,4,1,3,6,3,1,1,2,0,0,4,0,2,1,1,1,7,3,0,8,1,0,0,0,4,0,0,0,0,7,0,0,0,1,69,0,0,5,0,2,0,3,2,3,2,2,0,1,1,1,0,0
2020-06-11,4,1,270,0,0,2,2,0,0,9,2,0,3,2,1,0,2,8,2,0,0,1,1,0,0,0,0,5,0,1,4,2,0,1,4,0,0,0,0,0,0,1,0,7,0,0,0,4,37,1,1,1,1,0,2,1,1,0,1,1,0,1,0,4,1,0
2020-06-12,13,0,242,1,1,1,2,0,0,17,0,0,4,2,3,0,1,1,1,1,0,1,0,1,0,0,0,0,1,2,2,2,0,5,1,0,2,0,0,1,1,0,0,3,0,0,0,0,37,1,1,5,0,0,0,1,2,3,0,2,1,2,2,2,0,0
2020-06-13,2,0,235,1,4,0,0,1,1,11,1,0,0,1,2,0,1,1,6,4,0,1,1,2,0,1,0,1,1,3,1,2,0,6,3,0,1,0,5,2,0,0,0,2,2,2,0,0,35,0,1,1,0,0,0,2,1,1,3,1,0,2,2,3,0,1
2020-06-14,3,1,215,3,5,1,3,1,2,7,0,3,2,0,3,1,2,0,4,0,1,0,2,1,0,0,0,0,0,2,3,1,0,1,1,0,0,0,2,2,0,0,0,11,0,1,0,1,32,0,0,0,2,0,0,3,0,1,2,0,0,0,1,4,1,0
2020-06-15,6,0,243,0,5,1,3,1,0,12,0,0,1,1,3,3,0,1,5,0,1,1,0,0,0,0,0,1,4,0,1,2,0,1,0,0,0,0,2,1,1,1,0,1,0,3,0,0,38,2,0,0,0,0,1,3,0,1,1,1,0,0,1,2,0,0
2020-06-16,4,0,195,0,3,0,1,1,1,3,0,0,0,5,0,1,1,5,6,1,0,0,1,1,0,0,0,2,0,1,2,6,0,2,2,0,0,1,3,2,0,0,1,4,4,0,0,2,51,1,0,0,0,0,0,3,0,8,0,1,4,0,2,1,0,0
2020-06-17,7,1,209,0,1,1,0,0,0,7,0,0,0,2,1,0,1,6,4,0,0,1,1,1,1,0,0,0,1,0,2,1,1,3,0,0,1,1,1,0,0,0,0,10,0,1,0,3,37,0,0,0,2,0,0,1,0,5,2,0,0,1,0,4,1,0
2020-06-18,7,3,432,0,5,4,2,1,0,19,2,1,3,7,2,0,12,4,8,4,4,0,0,2,0,1,0,2,3,3,7,6,0,8,0,2,4,1,11,5,2,4,1,8,0,0,0,2,107,3,2,4,2,1,1,2,2,7,1,2,1,1,5,3,0,0
2020-06-19,4,0,319,1,2,0,2,0,0,11,0,0,4,2,0,0,0,2,2,2,2,1,2,0,1,1,0,3,4,0,2,4,0,7,2,0,1,1,2,1,3,1,0,7,1,1,0,1,63,0,4,2,3,1,1,0,2,1,1,2,0,0,1,6,2,0
2020-06-20,3,1,274,2,3,0,1,0,0,7,1,0,2,2,1,0,1,4,4,1,1,0,9,0,0,0,0,3,3,1,2,7,0,7,0,0,0,0,5,0,2,0,1,3,1,0,0,1,46,0,4,2,2,3,0,0,4,7,0,1,0,3,4,11,1,0
2020-06-21,7,1,215,0,1,0,0,0,0,4,0,1,6,0,0,0,3,1,1,0,1,0,1,1,0,0,0,3,3,1,3,6,0,2,0,2,0,2,2,1,1,0,1,2,0,0,0,0,36,4,2,3,2,0,0,1,0,2,2,1,0,0,0,0,0,0
2020-06-22,2,1,232,1,4,1,2,0,1,2,2,1,7,3,0,0,1,0,1,1,2,0,0,1,1,0,0,0,0,0,5,0,1,3,2,1,0,3,5,1,1,1,0,5,1,0,0,1,45,0,0,1,2,1,0,1,2,3,2,0,2,0,2,0,0,0
2020-06-23,3,0,214,1,3,1,0,0,1,8,1,0,3,0,0,1,2,2,1,0,1,1,1,0,0,1,2,2,1,1,0,1,1,6,1,0,2,1,2,0,2,1,0,1,1,0,0,0,33,1,0,2,1,0,2,0,0,2,4,1,0,0,1,3,0,0
2020-06-24,1,0,188,2,1,2,0,0,0,5,0,0,0,1,1,0,1,1,4,0,3,0,0,1,0,0,0,0,0,2,1,2,0,2,1,1,1,1,1,1,0,0,0,1,1,1,0,0,39,0,0,1,0,0,2,0,1,3,6,0,2,0,2,0,0,3
2020-06-25,3,0,193,2,0,3,0,0,0,10,0,1,4,3,1,0,0,3,1,0,0,0,2,0,0,0,0,1,0,0,2,0,1,1,0,0,0,0,2,1,2,2,0,3,1,2,0,2,28,1,1,0,0,0,0,0,0,2,1,0,2,0,0,0,0,0
2020-06-26,1,0,144,1,0,0,0,0,0,5,1,0,2,2,1,1,1,1,2,0,0,0,1,1,0,1,0,0,0,2,1,1,1,1,1,1,3,1,7,1,0,0,0,4,1,0,0,0,24,0,0,0,2,2,1,0,0,1,1,1,2,0,1,1,0,0
2020-06-27,4,0,137,2,0,0,6,0,0,7,0,0,4,1,1,0,3,1,5,3,0,3,0,0,0,0,0,5,0,0,0,0,0,1,1,0,0,1,0,0,0,0,0,3,1,1,0,0,20,0,1,0,2,2,0,0,0,0,3,1,0,0,2,0,0,0
2020-06-28,6,0,148,0,0,3,2,0,0,5,0,0,3,7,0,0,2,1,0,0,1,0,0,0,0,0,0,1,0,0,3,2,0,0,0,0,0,1,1,1,0,1,0,6,1,1,0,0,29,1,0,1,1,0,0,0,6,0,2,0,1,1,4,1,0,0
2020-06-29,3,0,188,0,1,0,1,0,0,6,0,0,0,2,0,0,1,3,0,0,1,0,0,0,0,0,0,1,0,0,4,3,0,3,0,0,0,1,0,2,0,0,0,2,1,0,0,0,22,1,0,2,1,2,0,0,0,1,3,0,2,1,3,4,2,0
2020-06-30,2,0,130,0,1,1,3,0,0,3,0,0,0,0,0,0,0,2,1,1,1,1,0,0,0,1,0,0,0,0,0,4,0,0,0,1,0,0,1,1,0,0,0,1,0,1,0,0,20,1,1,2,2,0,0,3,0,7,5,0,1,0,3,0,0,1
2020-07-01,1,0,133,1,0,3,0,0,0,1,0,0,0,1,0,0,4,5,2,2,0,0,0,0,0,0,0,0,0,1,2,3,0,3,0,0,1,0,1,0,1,0,0,2,0,1,0,1,18,0,1,0,3,0,0,1,0,0,1,0,0,0,0,2,1,0
2020-07-02,1,0,107,0,0,1,2,0,0,1,0,0,0,1,0,0,0,3,0,0,0,0,0,1,0,1,1,0,0,0,0,1,0,0,0,0,1,0,1,0,0,0,1,1,1,0,0,1,13,0,1,0,3,0,0,2,1,1,1,0,0,0,1,3,0,0
2020-07-03,1,0,88,0,0,0,0,0,0,1,0,0,0,2,0,1,0,1,1,0,0,2,1,0,0,0,0,2,2,0,0,2,0,1,0,0,0,0,0,0,0,0,0,2,0,1,0,0,13,0,0,0,0,0,0,0,0,2,0,1,0,1,0,0,0,0
2020-07-04,5,0,102,0,2,1,2,0,0,7,1,0,0,0,0,0,0,2,0,0,1,0,0,3,0,0,0,2,1,0,0,0,0,0,0,0,0,2,0,1,1,0,3,2,0,0,0,0,25,0,2,1,1,0,0,2,0,0,0,0,0,0,0,0,0,1
2020-07-05,2,0,122,1,0,0,0,0,0,3,0,0,0,1,1,0,1,0,2,0,0,0,0,0,0,0,1,0,1,0,0,3,0,5,0,0,0,0,0,0,0,0,0,1,0,0,0,4,25,1,1,2,0,0,0,0,3,1,0,1,1,0,0,0,0,0
2020-07-06,0,0,102,0,0,0,0,0,0,2,0,1,1,1,1,1,0,1,1,1,0,3,1,0,0,0,0,0,0,0,2,4,0,3,0,0,0,0,1,1,2,0,1,2,0,0,0,0,18,0,1,0,4,0,0,1,0,0,1,0,0,2,1,1,0,0
2020-07-07,1,0,116,0,0,1,1,0,0,6,0,1,0,0,0,3,0,0,1,0,0,3,0,0,0,1,1,0,0,0,0,2,2,4,0,0,0,1,3,0,1,0,1,2,0,0,0,0,15,0,0,0,1,0,0,1,0,1,0,0,0,0,3,6,0,0
2020-07-08,5,0,97,0,0,1,0,0,0,0,0,0,0,1,0,1,0,0,1,0,0,0,1,1,0,0,0,0,0,1,0,0,0,4,1,0,1,0,0,1,1,0,0,0,0,0,0,1,14,0,1,3,1,0,0,2,0,1,1,1,0,0,3,1,0,0
2020-07-09,3,0,91,0,1,0,1,0,0,1,0,0,1,4,0,1,0,1,0,0,0,0,0,0,0,0,0,0,1,0,3,1,0,1,0,0,0,0,0,1,0,0,0,1,0,0,0,1,26,0,0,0,0,0,0,0,0,1,0,0,0,0,2,0,0,1
2020-07-10,0,0,96,0,0,0,2,2,0,2,0,0,1,2,1,1,4,1,0,0,1,1,0,0,0,0,0,0,3,0,1,0,0,0,0,0,0,0,0,1,0,1,0,1,0,0,0,0,9,2,3,0,1,0,0,0,0,1,0,1,1,0,1,1,0,0
2020-07-11,0,0,75,0,0,1,0,0,0,5,1,0,0,0,0,0,1,2,1,0,0,0,0,0,0,0,0,0,2,0,0,1,0,2,0,0,2,0,1,1,0,0,0,2,0,0,0,0,19,2,1,6,0,0,0,0,0,0,0,0,0,0,0,0,0,0
2020-07-12,1,0,93,0,0,0,1,0,0,3,0,0,0,2,0,0,0,2,0,0,2,0,0,0,0,0,0,1,1,0,1,0,0,0,0,0,0,2,0,1,0,0,0,2,0,0,0,0,15,1,1,0,0,0,0,0,0,5,0,0,0,1,0,2,0,0
2020-07-13,3,0,101,0,0,2,5,0,1,0,0,0,0,0,0,0,0,0,0,0,1,0,0,0,0,1,0,0,0,0,1,2,0,3,0,0,0,1,0,0,0,0,2,1,1,0,0,0,19,1,4,0,1,0,0,0,0,1,0,2,0,0,0,0,0,0
2020-07-14,0,0,77,0,2,0,0,0,0,2,1,0,2,0,0,0,1,1,1,0,0,0,0,0,0,0,0,2,1,0,4,0,0,2,0,0,0,0,0,0,2,2,0,2,0,0,0,1,16,0,2,0,2,1,0,1,0,2,0,0,0,0,1,0,0,0
2020-07-15,0,0,114,0,0,0,0,0,0,1,0,0,0,0,0,2,2,0,0,1,1,0,0,0,0,0,0,0,0,0,0,0,0,0,0,0,0,0,1,0,1,0,0,1,0,0,0,1,8,0,0,0,0,0,0,0,1,0,1,1,0,0,1,2,0,0
2020-07-16,0,0,121,0,1,0,0,0,0,0,0,0,1,0,0,0,0,0,0,0,2,0,0,0,0,0,0,0,0,0,1,0,2,1,0,0,1,0,0,0,0,0,0,0,1,0,0,0,7,0,0,1,1,0,0,0,0,1,0,0,0,0,0,0,0,0
2020-07-17,0,0,120,0,0,6,0,0,0,0,0,0,0,0,0,0,0,0,0,0,0,0,0,0,0,0,0,0,0,0,0,0,0,0,0,0,0,0,0,2,0,0,0,0,0,0,0,0,11,0,0,0,1,1,0,0,0,0,0,0,0,0,0,0,0,0
2020-07-18,0,0,94,0,0,1,0,0,0,0,0,0,1,0,0,0,1,1,0,0,0,0,0,0,0,0,0,0,0,0,0,0,0,0,0,0,0,0,0,0,0,0,0,0,0,0,0,0,10,1,0,0,1,2,0,0,0,0,0,0,0,0,0,0,0,0
2020-07-19,0,0,98,0,0,1,0,0,0,0,0,0,0,0,0,0,0,0,0,0,2,0,0,0,0,0,0,0,0,0,0,0,0,1,0,0,0,0,0,0,0,2,0,0,0,0,0,0,14,1,0,1,0,0,0,1,0,0,0,0,0,0,0,0,0,0
2020-07-20,0,0,89,0,1,0,0,0,0,1,0,0,0,1,0,0,0,1,0,2,0,0,0,0,0,0,0,0,0,0,0,2,0,0,0,0,0,0,0,0,0,0,0,0,0,0,0,0,6,0,0,0,0,0,0,0,0,0,0,0,0,0,0,0,0,0
2020-07-21,0,0,77,0,2,0,0,0,1,2,0,0,1,1,0,0,0,0,0,0,0,0,0,0,0,0,0,0,0,0,0,1,0,0,0,0,0,0,0,0,0,0,0,0,0,0,0,0,3,1,1,0,1,0,0,0,0,0,0,0,0,0,0,0,1,0
2020-07-22,3,0,112,0,0,0,0,0,0,0,0,0,0,0,0,0,0,0,0,4,1,0,0,0,0,0,0,0,0,0,0,2,0,0,1,0,0,0,0,0,0,0,0,1,0,0,0,0,7,0,0,0,0,0,0,0,0,0,0,0,0,0,0,0,0,0
2020-07-23,0,0,102,1,0,1,0,0,0,0,0,0,0,1,0,0,0,0,0,0,1,0,0,0,0,0,0,0,0,0,1,0,0,0,0,0,1,0,1,0,0,0,0,0,1,0,0,0,9,0,0,0,1,0,0,1,0,0,0,0,0,0,0,2,2,0
2020-07-24,1,0,80,0,1,1,0,0,0,0,0,0,0,1,0,1,0,0,0,0,1,0,0,1,1,1,0,0,0,0,0,0,0,0,0,0,0,0,0,0,0,0,0,0,0,0,0,0,9,0,0,0,0,0,0,0,0,0,0,0,0,0,0,1,0,1
2020-07-25,1,1,106,0,0,0,0,0,0,0,0,0,0,1,0,0,0,0,0,0,0,0,0,0,2,1,0,0,0,0,0,0,0,0,0,0,0,0,0,0,0,0,0,0,0,0,0,0,9,2,0,0,0,0,0,0,0,1,1,0,0,0,3,0,0,0
2020-07-26,0,0,117,0,0,2,0,0,1,1,0,0,0,0,0,0,0,0,0,0,0,0,0,0,0,1,0,0,0,0,0,0,0,0,0,0,2,0,0,0,0,0,0,1,0,0,0,0,12,0,1,0,0,3,0,0,0,1,0,0,0,0,0,0,0,0
2020-07-27,0,0,94,0,0,0,0,0,0,0,0,0,0,0,0,0,0,0,0,0,1,0,0,0,0,0,0,0,0,0,0,1,0,2,0,0,1,1,0,0,0,0,0,0,0,0,0,0,4,1,0,1,0,1,0,0,0,0,0,0,0,0,0,0,0,0
2020-07-28,0,0,83,0,0,0,0,0,0,0,0,0,0,0,0,0,1,0,0,0,0,1,0,0,0,0,0,0,0,0,1,0,0,0,0,0,0,0,1,0,0,0,1,1,0,0,0,0,8,0,0,0,0,0,0,0,0,1,0,0,0,0,0,0,0,0
2020-07-29,0,0,81,0,0,0,0,0,0,1,2,0,1,0,0,1,0,0,0,0,0,0,0,0,0,1,0,0,0,0,0,0,0,0,0,0,0,0,0,0,0,0,0,1,0,0,0,0,7,0,0,0,0,0,0,1,2,1,0,1,0,0,0,0,0,0
2020-07-30,0,0,87,1,2,1,0,0,0,0,0,0,1,0,0,0,0,1,0,0,0,0,0,0,0,0,1,0,0,0,0,0,0,0,0,0,0,0,0,0,0,0,0,0,0,0,0,0,7,0,0,0,0,1,0,1,0,0,0,0,0,0,1,0,0,0
2020-07-31,0,0,81,0,0,0,0,0,0,1,0,0,0,0,0,1,0,0,1,0,0,0,0,0,0,0,0,1,0,0,0,0,0,1,0,0,0,0,0,0,0,1,0,0,0,0,0,0,11,0,0,0,0,0,0,0,0,0,0,0,0,1,0,0,0,0
2020-08-01,0,0,75,0,1,0,0,0,0,0,0,1,0,0,0,0,0,1,0,1,0,0,0,0,0,0,0,0,0,0,0,1,0,1,0,0,0,1,0,0,0,0,0,0,0,0,0,0,6,0,0,0,0,2,0,0,0,0,0,0,0,0,0,0,0,0
2020-08-02,0,0,95,0,0,0,0,0,0,1,0,0,1,0,0,0,0,1,1,0,0,0,0,0,1,0,0,0,0,0,1,1,0,2,0,0,0,0,0,0,0,0,1,0,0,0,0,0,11,0,0,0,3,0,0,0,0,0,0,0,0,0,0,0,0,0
2020-08-03,1,0,120,1,1,0,0,0,0,0,0,0,0,2,0,0,2,0,0,0,0,0,0,0,0,0,0,0,0,0,1,0,0,1,0,0,0,0,0,0,0,3,0,0,0,0,0,0,13,0,0,0,0,0,0,0,1,0,0,0,1,0,0,1,0,0
2020-08-04,0,0,133,0,0,1,0,0,0,0,0,0,0,0,0,0,1,0,0,0,0,0,0,0,0,0,0,0,0,0,0,0,0,0,1,0,1,0,1,0,0,0,0,1,0,0,0,0,13,0,0,0,0,0,0,0,0,0,0,0,0,0,0,0,0,2
2020-08-05,0,0,102,0,1,1,0,0,0,0,0,0,1,1,0,0,0,1,0,0,0,0,0,0,0,0,0,0,0,0,0,0,0,0,0,0,0,0,0,0,0,0,0,0,0,0,0,0,14,1,0,0,1,0,0,0,1,1,0,0,0,1,0,0,0,0
2020-08-06,0,0,84,0,0,0,0,0,0,2,0,0,0,0,0,0,0,0,0,0,0,0,0,0,0,0,0,0,0,0,0,1,0,0,0,0,0,0,0,0,0,0,0,0,0,0,0,0,6,0,0,0,0,0,0,0,0,0,0,0,0,0,0,0,0,0
2020-08-07,0,0,115,0,0,2,0,1,0,0,0,0,0,0,0,0,0,1,1,0,0,0,0,0,0,0,0,0,0,0,1,0,0,0,0,0,1,0,1,0,0,0,0,0,0,0,0,0,9,0,2,0,0,0,0,0,0,1,1,0,1,1,0,0,0,0
2020-08-08,0,0,105,0,0,1,1,0,0,0,0,0,0,0,0,0,0,0,0,1,0,0,0,0,0,0,0,1,0,0,0,0,0,0,0,0,0,0,0,0,0,0,1,0,0,0,0,0,14,0,1,0,3,0,0,0,1,0,1,0,0,0,0,0,0,0
2020-08-09,0,0,77,0,0,1,0,0,0,0,1,0,0,0,0,0,1,0,0,0,0,0,0,0,0,0,0,0,0,0,0,0,0,0,0,0,0,0,0,0,0,0,0,0,0,0,0,0,10,1,0,0,1,0,0,0,0,0,0,0,0,0,1,0,0,1
2020-08-10,1,0,97,0,0,0,0,0,0,3,0,0,0,0,0,0,1,1,0,0,0,0,0,1,0,0,0,0,2,0,0,1,0,0,0,0,0,0,0,0,0,0,0,0,0,0,0,0,12,0,0,1,1,1,0,0,0,0,0,0,0,0,0,1,0,0
2020-08-11,0,0,115,0,1,1,0,0,0,4,0,0,0,0,0,0,0,0,0,0,0,0,0,0,0,0,0,0,1,0,0,0,0,0,0,1,0,0,0,1,0,0,0,0,0,0,0,0,6,0,0,1,1,0,0,0,0,0,0,0,0,0,0,1,0,0
2020-08-12,0,0,86,0,0,0,0,0,0,0,0,0,0,0,0,0,0,0,0,1,0,0,1,0,0,0,0,0,0,0,0,0,0,0,0,0,0,0,0,0,0,0,0,0,1,0,0,0,14,0,0,0,0,0,0,0,0,1,0,0,0,0,0,0,0,1
2020-08-13,2,0,86,0,0,0,0,0,0,2,0,0,0,0,0,0,2,2,1,0,0,0,1,0,1,1,0,0,0,0,0,0,0,0,0,0,0,0,1,0,0,0,0,1,1,0,0,0,3,0,0,1,0,0,0,0,0,0,0,0,0,0,0,0,0,0
2020-08-14,0,0,73,0,0,0,0,1,0,0,0,0,0,0,0,0,1,1,0,0,0,0,0,0,0,0,0,0,0,0,0,0,0,1,0,0,0,1,1,0,0,0,0,0,0,0,0,0,12,0,1,0,0,0,0,0,0,0,0,0,0,0,0,0,0,0
2020-08-15,2,1,78,0,0,0,0,0,0,0,0,1,0,1,0,0,0,0,0,0,0,0,0,0,0,0,0,0,0,0,1,0,0,0,0,0,0,0,0,0,0,0,0,0,0,0,0,0,7,0,0,0,0,0,0,0,0,0,0,0,0,0,0,1,0,0
2020-08-16,0,0,66,0,0,0,0,0,0,0,0,0,0,0,0,0,0,0,0,0,0,0,0,0,0,0,0,0,0,0,0,0,0,0,0,0,0,1,0,0,0,0,0,0,0,0,0,0,8,0,0,0,0,0,0,0,0,0,0,0,0,0,0,0,0,0
2020-08-17,0,0,58,0,1,0,0,0,0,1,1,0,0,0,0,0,1,1,0,0,0,0,0,0,0,0,0,1,0,0,0,0,0,3,0,0,0,0,0,0,0,0,0,0,0,0,0,0,10,0,0,0,0,0,0,1,0,0,1,0,0,0,0,0,0,1
2020-08-18,1,0,77,0,1,0,0,0,0,0,0,0,0,0,0,0,0,3,0,1,0,0,0,0,0,0,2,1,0,0,0,0,0,0,0,0,0,0,0,0,0,1,0,1,0,1,0,0,12,0,1,0,0,0,0,0,0,0,1,0,0,0,0,0,0,0
2020-08-19,0,0,84,0,0,0,0,0,0,0,0,1,0,0,0,0,0,0,0,0,0,1,0,0,0,0,0,0,0,0,1,0,0,0,0,0,1,0,0,0,0,0,0,0,0,0,0,0,19,0,0,0,0,3,0,1,0,0,0,0,0,0,1,1,0,0
2020-08-20,0,0,68,0,0,0,1,0,0,0,0,0,0,0,0,0,1,0,0,0,0,0,0,1,0,0,1,0,0,0,0,0,0,0,0,0,0,0,0,0,0,0,0,1,0,0,0,0,9,0,0,0,0,0,0,0,0,0,0,0,0,0,0,0,0,0
2020-08-21,0,0,74,0,0,0,0,0,0,0,0,0,0,0,0,0,0,0,1,0,3,0,0,0,0,0,0,0,0,1,0,0,0,0,0,0,0,2,0,0,0,0,0,1,0,0,0,0,11,0,0,0,0,0,0,0,0,0,1,1,0,0,0,0,0,0
2020-08-22,0,0,75,0,0,0,1,1,0,0,0,0,0,2,2,0,0,2,0,0,0,0,0,0,0,0,0,0,1,0,0,1,0,0,0,0,0,0,0,0,0,0,1,0,0,0,0,0,6,0,0,1,0,0,0,0,1,0,0,0,0,0,0,0,0,0
2020-08-23,0,0,80,0,0,0,0,0,0,0,0,0,0,0,0,0,0,1,0,0,0,0,0,0,0,0,0,0,0,0,0,0,0,0,0,0,0,0,0,0,0,0,0,0,0,1,0,0,9,0,0,0,0,0,0,0,1,0,0,0,0,0,0,0,0,0
2020-08-24,0,0,65,0,0,0,0,0,0,0,0,0,0,0,0,0,0,0,0,0,0,0,0,0,0,0,0,0,0,0,0,1,0,0,0,0,0,1,0,0,0,0,0,0,0,0,0,0,16,0,0,0,0,0,0,0,0,0,0,0,0,0,1,0,0,0
2020-08-25,0,0,84,0,0,1,0,0,0,0,0,0,0,0,0,0,0,0,1,0,0,0,0,0,0,0,0,0,0,0,1,0,0,0,1,0,0,1,0,0,0,0,0,0,0,0,0,0,16,2,1,0,0,0,0,0,0,1,0,0,0,0,0,0,0,0
2020-08-26,1,0,79,0,0,0,0,0,0,3,0,0,0,0,0,0,1,0,0,0,0,0,0,0,0,0,0,0,0,0,1,0,0,2,0,0,0,0,0,0,0,0,0,0,0,0,0,0,10,0,0,1,0,0,0,2,0,0,0,1,0,0,0,0,1,0
2020-08-27,0,0,98,0,0,1,1,0,0,1,0,0,0,0,0,0,0,0,0,0,0,0,0,0,0,0,0,0,0,0,0,0,0,1,0,0,0,0,2,1,0,0,0,0,0,0,0,0,6,1,0,0,0,0,0,0,0,0,0,0,0,0,0,0,0,0
2020-08-28,1,0,80,0,1,0,0,0,0,1,0,0,0,0,0,0,0,1,4,0,0,0,0,0,0,0,0,0,0,0,0,0,0,0,0,0,0,0,0,0,0,0,0,0,1,0,0,0,9,0,0,0,0,0,0,0,0,0,0,0,1,0,0,0,1,0
2020-08-29,1,0,102,1,0,0,0,0,0,0,0,0,0,0,0,0,0,1,0,0,0,0,0,0,0,0,0,1,0,0,0,0,0,2,0,0,0,0,0,0,0,0,1,0,1,0,0,0,12,0,0,0,0,0,0,0,0,0,0,0,0,0,0,0,0,0
2020-08-30,0,0,83,0,1,0,0,0,0,0,0,0,0,0,0,0,0,1,0,0,0,0,0,0,0,1,0,0,0,0,0,1,0,0,0,0,1,0,0,1,0,0,1,1,0,0,0,0,10,0,0,0,0,0,0,1,0,1,1,0,0,0,0,0,0,0
2020-08-31,0,0,112,0,0,0,0,0,0,1,0,1,0,1,0,0,0,2,3,0,0,0,0,0,0,0,1,0,0,0,0,1,0,1,0,0,3,0,0,0,0,0,0,1,0,0,0,0,13,0,0,0,0,0,0,0,0,0,1,0,0,0,0,0,0,0
2020-09-01,0,0,100,0,0,0,0,0,0,0,0,0,0,0,0,0,0,0,0,0,0,0,0,0,1,0,0,0,0,0,0,0,0,0,0,0,0,0,0,0,0,0,0,0,0,1,0,0,13,0,0,0,1,0,0,1,0,0,0,0,0,0,0,0,0,0
2020-09-02,0,0,110,0,0,0,0,0,0,0,0,0,0,0,1,0,0,0,0,0,0,0,0,0,0,0,0,0,0,0,0,0,0,0,0,0,0,0,0,0,0,0,0,3,0,0,0,0,15,0,0,1,1,0,0,0,0,0,0,1,0,0,0,1,0,0
2020-09-03,0,0,84,0,0,0,0,1,0,0,0,0,0,0,1,0,0,0,0,0,0,0,0,0,0,0,0,0,0,0,0,0,0,0,0,0,0,0,1,0,0,0,2,1,0,0,0,0,10,0,0,0,0,0,0,0,0,0,0,0,0,0,0,0,0,0
2020-09-04,3,0,110,2,1,0,0,0,0,0,0,0,0,0,2,0,0,0,1,2,0,1,0,0,0,0,1,0,0,0,0,0,0,0,0,0,0,0,1,0,0,0,0,0,0,0,0,0,12,1,0,3,0,1,0,1,0,0,0,0,0,0,0,0,0,0
2020-09-05,0,1,94,0,2,0,0,0,0,0,1,0,0,0,0,0,0,1,0,0,0,0,0,0,0,0,0,0,0,2,1,0,0,0,0,0,0,0,1,0,0,1,0,1,0,0,0,0,15,0,0,0,1,0,1,0,0,0,1,0,0,0,0,1,0,0
2020-09-06,0,1,94,0,0,0,0,0,0,0,0,0,0,0,0,0,0,1,0,0,0,0,0,2,0,0,0,0,0,0,1,1,0,0,0,0,0,0,0,1,0,0,0,1,0,0,0,0,11,0,0,0,0,0,0,0,0,0,0,0,0,0,0,0,0,0
2020-09-07,1,0,96,0,0,0,0,0,0,0,0,0,0,1,0,0,0,0,0,0,0,0,0,0,0,0,0,0,0,0,0,2,0,0,0,0,0,0,1,1,0,1,0,0,0,0,0,0,10,0,0,0,0,0,0,0,0,1,0,0,0,0,1,0,0,1
2020-09-08,0,0,120,0,0,0,2,0,0,1,0,0,0,0,0,0,0,0,1,0,0,0,0,1,0,0,0,0,0,1,0,1,0,0,0,0,0,0,0,0,0,0,0,2,0,1,0,0,10,0,0,0,0,0,0,0,0,1,0,0,0,0,0,1,0,0
2020-09-09,0,0,103,0,0,0,0,0,0,1,0,0,0,0,0,0,0,0,0,0,0,0,0,0,0,0,0,0,0,0,0,0,0,0,0,0,0,1,0,0,0,0,0,0,0,0,0,0,12,0,0,2,0,0,0,0,0,0,0,0,0,0,1,2,0,0
2020-09-10,0,0,70,0,0,0,0,1,0,0,0,0,0,0,1,0,0,1,0,0,0,0,0,1,0,0,0,0,0,0,0,0,0,1,0,0,0,0,0,0,0,0,0,1,0,0,0,0,9,0,0,0,2,0,0,0,0,0,1,0,0,0,0,1,0,1
2020-09-11,0,0,83,0,0,0,0,0,0,0,0,0,0,1,0,0,0,0,0,0,0,0,0,0,0,0,0,0,0,0,0,1,0,0,0,0,0,0,0,0,0,0,0,0,0,0,0,0,7,0,0,0,1,1,0,0,0,0,1,0,1,0,0,0,0,0
2020-09-12,0,1,61,0,0,0,1,0,0,1,0,0,1,0,1,0,0,1,0,0,0,0,0,0,0,0,0,0,0,0,0,0,0,1,1,0,0,0,0,0,0,0,2,1,0,0,0,0,10,0,0,0,0,1,0,0,0,0,1,0,1,0,0,0,0,0
2020-09-13,0,0,60,0,0,0,0,0,0,2,0,0,3,0,0,0,0,0,0,0,0,0,0,2,0,0,0,0,0,0,0,0,0,0,0,0,0,0,0,0,0,0,0,2,0,0,0,0,12,0,0,0,0,0,0,0,0,0,0,0,0,0,0,0,0,0
2020-09-14,2,0,55,0,0,0,0,0,0,0,0,0,2,0,0,0,0,0,1,0,0,0,0,0,0,0,0,0,0,0,2,1,0,0,0,0,0,0,0,1,0,0,0,0,0,0,0,0,5,0,1,0,0,0,0,0,0,1,0,0,0,0,0,0,0,0
2020-09-15,0,0,65,0,0,0,1,0,0,1,0,0,0,0,0,0,1,0,0,0,0,0,0,0,0,0,0,0,0,0,0,0,0,1,0,0,0,2,0,0,0,0,0,0,0,0,0,2,7,0,0,0,0,0,0,1,0,1,0,0,0,0,0,0,0,0
2020-09-16,0,0,60,0,0,0,0,0,0,1,0,0,0,0,0,0,0,0,0,0,0,0,0,0,0,0,0,0,0,0,0,2,0,0,0,0,0,0,0,0,0,0,0,0,0,0,0,0,9,0,0,0,0,0,0,1,1,0,0,0,0,0,0,0,0,0
2020-09-17,0,0,58,0,0,0,0,0,0,2,0,0,0,0,0,0,0,2,0,1,0,0,0,0,0,0,0,0,0,0,0,1,0,0,0,0,0,0,1,0,0,0,0,0,0,0,0,0,5,0,0,0,0,0,0,1,0,0,2,0,1,0,1,1,2,0
2020-09-18,0,0,64,0,0,1,0,0,0,1,0,0,0,0,0,0,0,1,0,0,0,0,0,0,0,0,0,0,0,0,2,1,0,0,0,0,0,0,0,0,0,0,0,1,0,0,0,0,1,0,0,0,0,0,0,0,0,1,1,0,0,0,0,0,0,0
2020-09-19,0,0,52,0,0,0,0,0,0,0,0,0,0,0,0,0,0,1,0,0,0,0,0,0,0,0,0,0,0,0,0,1,0,0,0,0,0,1,0,1,0,0,0,0,0,0,0,0,3,0,0,0,0,0,0,0,0,0,0,0,0,0,1,0,0,0
2020-09-20,2,0,66,0,0,1,0,1,0,0,0,0,0,0,0,0,0,0,1,0,0,0,0,1,0,0,0,0,0,0,0,0,0,1,0,0,0,0,0,0,0,0,0,1,0,0,0,0,8,0,0,1,0,0,0,0,0,0,0,0,0,0,0,0,0,0
2020-09-21,0,0,50,0,0,1,0,0,1,0,0,1,0,0,0,0,1,1,0,0,0,0,0,0,0,0,0,1,0,0,0,2,0,0,0,0,0,0,0,0,0,0,0,1,0,0,0,0,7,0,0,2,0,0,0,0,0,0,0,0,2,0,1,1,0,0
2020-09-22,0,0,41,0,0,0,0,0,0,1,0,0,0,0,0,0,2,0,0,0,0,0,0,0,0,0,0,0,0,0,1,0,0,0,0,0,0,0,0,1,0,0,0,0,0,0,0,0,4,0,0,0,1,0,0,0,0,0,0,0,0,0,0,0,0,0
2020-09-23,1,0,33,0,1,0,0,0,0,0,0,0,0,0,0,0,0,0,0,0,0,0,0,0,0,0,0,0,0,0,0,0,0,0,0,0,0,2,0,0,1,0,0,0,0,0,0,0,4,0,0,0,0,0,0,0,0,0,0,0,0,0,0,0,0,0
2020-09-24,0,0,41,0,0,0,0,0,0,0,0,0,0,0,0,0,0,0,0,0,0,0,0,0,0,0,0,0,0,0,0,0,0,0,0,0,0,0,0,0,0,0,0,1,0,0,0,0,3,0,0,0,0,0,0,0,0,0,0,0,0,0,0,0,0,0
2020-09-25,0,1,48,1,1,0,0,0,0,0,0,0,0,2,0,0,0,1,0,0,0,0,0,0,0,1,0,0,0,0,0,0,0,0,0,0,0,0,0,0,0,0,1,0,0,0,0,0,4,0,0,0,0,0,0,0,0,0,0,0,0,0,0,0,0,0
2020-09-26,0,0,33,0,0,0,0,0,0,0,0,0,0,0,0,0,0,0,0,0,0,0,0,0,0,0,0,0,0,0,2,0,0,1,0,0,0,0,0,0,0,0,0,0,0,0,0,0,4,0,0,0,0,0,0,0,0,0,0,0,0,0,0,0,0,0
2020-09-27,0,0,39,0,0,0,0,0,0,0,0,0,0,0,0,0,0,1,0,0,0,0,0,0,1,0,0,0,0,0,0,0,0,0,0,0,0,0,1,0,0,0,0,0,0,0,0,0,3,0,0,0,0,0,0,0,0,0,0,0,0,0,0,0,0,0
2020-09-28,0,0,42,0,0,0,0,0,0,0,0,0,0,0,0,0,1,0,0,0,0,0,0,0,0,0,0,0,0,0,0,0,0,0,0,0,0,0,0,0,0,0,0,0,0,0,0,0,3,0,0,0,0,0,0,0,0,0,1,0,0,0,0,0,0,0
2020-09-29,2,0,25,0,0,0,0,1,0,0,0,0,0,0,0,0,0,0,0,0,0,0,0,0,0,0,0,0,0,0,0,0,0,0,0,0,0,0,0,0,0,0,0,1,0,0,0,0,7,0,0,0,0,0,0,1,0,0,0,0,0,0,0,0,0,0
2020-09-30,0,0,35,0,0,0,1,0,0,0,0,0,0,0,0,0,0,0,0,0,0,0,0,0,0,0,0,0,0,0,0,1,0,0,0,0,0,0,0,0,0,0,0,0,0,0,0,0,5,0,0,0,0,0,0,0,0,0,1,0,0,0,0,0,0,0
2020-10-01,1,0,29,0,0,1,0,0,0,0,0,0,0,0,0,0,0,0,0,0,0,0,0,0,0,0,0,0,0,0,0,0,0,0,0,0,0,0,0,0,0,0,0,2,0,0,0,0,3,0,0,0,0,0,0,0,0,0,0,0,0,0,0,0,0,0
2020-10-02,0,0,20,2,0,0,0,0,0,1,0,0,0,0,0,0,0,0,0,0,0,0,0,0,0,0,0,0,0,0,0,0,0,0,0,0,0,1,0,0,0,0,0,1,0,0,0,0,3,1,0,1,0,0,0,0,0,0,0,0,0,0,0,0,0,0
2020-10-03,1,0,31,0,0,0,0,0,0,0,0,1,0,0,0,0,0,0,0,0,0,0,0,0,0,0,0,0,0,0,0,0,0,0,0,0,0,0,0,0,0,0,0,0,0,0,0,0,6,0,0,0,0,0,0,0,0,0,0,0,0,0,0,0,0,0
2020-10-04,0,0,24,0,0,0,0,0,0,0,0,0,0,0,0,0,0,0,0,0,0,0,0,0,0,0,0,0,0,0,0,0,0,0,0,0,0,0,1,0,0,0,0,0,0,0,0,0,7,0,0,0,0,0,0,0,0,0,0,0,0,0,0,0,0,0
2020-10-05,0,0,15,0,0,0,0,0,0,0,0,0,0,0,1,0,1,0,0,0,0,0,0,0,0,0,0,0,0,0,0,0,0,0,0,0,0,0,1,0,0,0,0,0,0,0,0,0,6,0,0,0,0,0,0,0,0,0,0,0,0,0,0,0,0,0
2020-10-06,0,0,31,0,0,0,0,0,0,1,0,0,0,0,0,0,0,0,0,0,0,0,0,0,0,0,0,0,0,0,1,0,0,2,0,0,0,0,0,1,0,0,0,0,0,0,0,0,3,0,0,0,0,0,0,0,0,0,0,0,0,0,0,0,0,0
2020-10-07,0,0,40,0,0,0,0,0,0,0,0,0,0,0,0,1,0,0,0,0,0,0,0,0,0,0,0,0,0,0,0,0,0,0,0,0,0,0,0,0,0,0,0,4,0,0,0,0,9,0,1,0,0,0,0,0,0,0,0,0,0,0,0,0,0,0
2020-10-08,0,0,33,0,0,0,0,0,0,1,0,0,1,0,0,0,0,0,0,0,0,0,0,0,0,0,0,0,0,0,0,0,0,0,0,0,0,0,0,0,0,0,0,1,0,0,0,0,2,0,0,0,0,0,0,0,0,0,0,0,0,0,0,0,0,0
2020-10-09,0,0,18,0,0,0,0,0,0,0,0,0,0,0,0,0,0,0,0,0,0,0,0,0,0,0,0,1,0,0,0,0,0,0,0,0,0,1,0,0,0,0,0,0,0,0,0,0,5,0,0,0,0,1,1,0,1,0,0,0,0,0,0,0,0,0
2020-10-10,0,0,16,0,0,0,0,0,0,0,0,0,0,0,0,0,0,0,0,0,0,0,0,0,0,0,0,0,0,0,0,0,0,0,0,0,0,0,0,0,0,0,0,0,0,1,0,0,2,0,0,0,0,0,0,1,0,0,0,0,0,0,0,0,0,0
2020-10-11,0,0,19,0,0,0,1,0,0,0,0,0,0,0,0,0,0,1,0,0,0,0,0,0,0,0,0,0,1,0,0,1,0,0,0,0,0,0,0,0,0,0,0,0,0,0,0,0,2,0,0,0,0,0,0,0,0,0,0,0,0,0,0,0,0,0
2020-10-12,0,0,44,0,1,0,0,1,0,0,0,0,0,0,0,0,0,0,0,0,0,0,0,0,0,1,0,0,0,0,0,0,0,0,0,0,0,0,0,0,0,0,0,0,0,0,0,0,10,0,0,1,0,0,0,0,0,1,0,0,0,0,0,0,0,0
2020-10-13,0,0,27,0,0,0,0,0,0,0,0,0,0,0,0,0,0,0,1,0,0,0,0,0,0,0,0,0,0,0,0,0,0,0,0,0,0,0,0,0,0,0,0,0,1,0,0,0,5,0,0,0,0,0,0,0,0,1,0,0,0,0,0,0,0,0
2020-10-14,0,0,28,0,0,0,0,0,0,0,0,0,0,0,0,0,0,0,0,0,0,0,0,0,0,0,0,0,0,0,0,0,0,0,0,0,0,0,0,0,0,0,0,0,0,0,0,0,5,0,1,0,0,0,0,0,0,0,0,0,0,0,0,0,0,0
2020-10-15,0,0,23,0,0,0,0,0,0,1,0,0,0,0,0,0,0,1,0,0,0,0,0,0,0,0,0,0,0,0,0,0,0,1,0,0,0,0,0,0,0,0,0,0,0,0,0,0,2,0,0,0,0,0,0,0,0,0,0,0,0,0,0,0,0,0
2020-10-16,0,0,39,0,0,0,0,0,0,0,0,0,0,0,0,0,0,0,0,0,0,0,0,0,0,0,0,0,0,0,0,0,0,0,0,0,0,0,0,0,0,0,0,0,0,0,0,0,7,0,0,0,0,0,0,0,0,1,0,0,0,0,0,0,0,0
2020-10-17,0,0,32,0,0,0,0,0,0,2,0,0,0,0,0,0,0,0,0,0,0,0,0,0,0,0,0,1,0,0,0,0,0,2,0,0,0,0,0,0,0,0,0,0,0,0,0,0,3,0,0,0,0,0,0,0,0,0,0,1,0,0,0,0,0,0
2020-10-18,0,0,36,0,0,0,0,1,0,2,1,0,0,0,0,0,0,0,0,0,0,0,0,0,1,0,0,0,0,0,0,0,0,0,0,0,0,0,0,0,0,0,0,0,0,0,0,0,5,0,0,0,0,0,0,0,0,0,0,0,0,0,0,0,0,0
2020-10-19,0,0,30,0,0,0,0,0,0,2,0,0,0,0,0,0,0,0,0,0,1,0,0,0,0,0,0,0,0,0,0,0,0,0,0,0,0,0,0,0,0,0,0,0,0,0,0,0,5,1,0,0,0,0,0,0,0,0,0,0,0,0,0,0,0,0
2020-10-20,1,0,26,0,0,0,0,0,1,0,0,0,0,0,0,0,0,1,0,0,0,0,0,0,0,0,0,0,0,0,0,0,0,1,0,0,0,2,0,0,0,0,0,1,0,0,0,0,8,0,0,0,0,0,0,0,0,0,0,0,0,0,0,0,0,0
2020-10-21,0,0,44,0,0,0,0,0,0,0,0,0,1,0,0,0,0,0,0,0,0,0,0,0,0,0,0,0,0,0,0,0,0,0,0,0,0,0,0,0,0,0,0,0,0,0,0,0,9,0,0,0,0,0,0,0,0,0,0,0,0,0,0,0,0,0
2020-10-22,0,0,29,0,0,0,0,0,0,0,0,1,0,0,0,0,0,0,0,0,0,0,0,2,0,0,0,0,0,0,0,0,0,0,0,0,0,0,0,0,0,0,0,0,0,0,0,0,2,1,0,0,0,0,0,0,0,0,0,0,0,0,0,0,0,0
2020-10-23,1,1,27,0,0,0,0,0,0,0,0,0,0,0,0,0,0,0,0,0,0,0,0,0,0,0,0,0,0,0,0,0,0,0,0,0,0,0,2,0,0,0,0,0,0,0,0,1,1,0,0,0,0,0,0,0,0,0,0,0,0,0,0,0,0,0
2020-10-24,0,0,19,0,0,0,1,1,0,0,0,0,0,0,0,0,0,0,0,0,0,0,0,0,0,0,0,0,0,0,0,0,0,0,0,0,0,1,0,0,0,0,0,0,0,0,0,0,3,0,0,0,0,0,0,0,0,0,0,0,0,0,0,0,0,0
2020-10-25,0,0,24,0,0,0,0,0,0,0,0,0,0,0,0,0,0,0,0,0,0,0,0,0,0,0,0,0,0,0,0,0,0,1,0,0,0,0,0,0,0,0,0,0,0,0,0,0,1,0,0,0,0,0,0,0,0,0,2,0,0,0,0,0,0,0
2020-10-26,0,0,27,0,0,0,0,0,0,0,0,0,1,0,0,0,0,0,0,0,0,0,0,0,0,0,0,0,0,0,0,1,0,0,0,0,0,0,0,0,0,0,0,0,0,0,0,0,5,0,0,0,0,0,0,0,0,0,0,0,0,0,0,0,0,0
2020-10-27,0,0,19,0,0,0,0,0,0,0,0,0,0,0,0,0,0,0,0,0,0,0,0,0,0,0,0,0,0,0,0,0,0,0,0,0,0,0,0,0,0,0,0,0,0,0,0,0,3,0,0,0,0,0,0,0,0,0,0,0,0,0,1,0,0,0
2020-10-28,1,0,40,0,0,0,0,0,0,0,1,0,0,0,0,0,0,0,0,0,0,0,0,0,0,0,0,0,0,0,0,0,0,0,0,0,0,0,0,0,0,1,0,0,0,1,0,0,9,0,0,0,0,0,0,0,0,0,0,0,0,0,0,0,0,0
2020-10-29,0,0,34,0,0,0,0,0,0,0,0,2,0,0,0,0,0,1,0,0,0,0,0,0,0,0,0,0,0,0,0,2,0,0,0,0,0,0,0,0,0,0,0,0,0,0,0,0,4,0,0,0,0,0,0,0,0,0,0,0,0,0,0,0,0,0
2020-10-30,0,0,30,0,0,0,0,0,0,0,0,0,0,0,0,0,0,1,0,0,0,0,0,0,0,0,0,0,0,0,0,0,0,0,0,0,0,0,0,0,0,0,0,0,0,0,0,0,3,0,0,0,0,0,0,0,0,0,0,0,0,0,0,0,0,0
2020-10-31,0,0,38,0,0,0,0,0,0,1,0,0,0,0,0,0,0,1,0,0,0,0,0,0,0,0,0,0,0,0,0,0,0,0,0,0,0,0,0,0,0,0,0,0,0,0,0,0,5,0,0,0,0,0,0,0,0,0,0,0,0,0,0,0,0,0
2020-11-01,0,0,31,0,0,0,0,0,0,1,0,0,0,0,0,0,0,0,0,0,0,0,0,0,0,0,0,0,0,0,0,0,0,0,0,0,0,0,0,0,0,0,0,1,0,0,0,0,3,0,0,2,1,0,0,1,0,0,0,0,0,0,0,0,0,0
2020-11-02,0,0,39,0,0,1,0,0,0,1,0,0,0,0,0,0,0,0,1,0,0,0,0,0,0,0,0,0,0,0,1,0,0,0,0,0,0,0,0,0,0,0,0,0,0,0,0,0,6,0,0,0,0,0,0,1,0,0,1,0,0,0,0,0,0,0
2020-11-03,0,0,28,0,0,0,0,0,0,0,0,0,0,0,0,0,0,0,0,0,0,0,0,0,0,0,0,0,0,0,0,0,0,0,0,0,0,0,0,0,0,0,0,1,0,0,0,0,4,0,0,0,0,0,0,0,0,0,0,0,0,0,0,0,0,0
2020-11-04,0,0,41,0,0,0,0,0,0,2,0,0,0,0,0,0,0,1,1,0,0,0,0,0,0,0,0,0,0,0,1,0,0,0,0,0,0,0,0,0,0,0,0,0,0,0,0,0,5,0,0,0,0,0,0,0,0,0,0,0,0,0,0,0,0,0
2020-11-05,0,0,27,0,0,0,0,0,0,0,0,0,0,0,0,0,0,0,0,0,0,0,0,0,0,0,0,0,0,0,0,0,0,1,0,0,0,0,0,0,0,0,0,0,0,0,0,0,5,0,0,0,0,0,0,0,1,0,0,0,0,0,0,0,0,0
2020-11-06,0,0,16,0,0,0,0,0,0,0,0,0,0,0,0,0,0,0,0,0,0,0,0,0,0,0,0,0,0,0,0,0,0,0,0,0,0,0,1,0,0,0,0,0,0,0,0,0,6,0,0,0,0,0,0,0,0,0,0,0,0,0,0,0,0,0
2020-11-07,0,0,25,0,0,0,0,0,0,0,0,0,0,0,0,0,0,0,0,0,0,0,0,0,0,0,0,0,0,0,0,0,0,1,0,0,0,0,0,0,0,0,0,0,0,0,0,0,1,0,0,0,0,0,0,0,0,0,0,0,0,3,0,0,0,0
2020-11-08,1,0,29,0,0,0,0,0,0,0,0,0,0,0,0,0,0,0,0,0,0,0,0,0,0,0,0,0,0,0,0,0,0,0,0,0,0,0,0,0,0,0,0,0,0,0,0,0,3,0,0,0,0,0,0,0,1,1,0,0,0,0,0,0,0,0
2020-11-09,0,0,23,0,0,0,1,0,0,0,0,0,0,0,0,0,0,0,0,0,0,0,0,0,0,0,0,0,0,0,0,1,0,0,0,0,0,0,0,0,0,0,1,0,0,0,0,0,3,0,0,1,0,0,0,0,0,0,0,0,0,0,0,0,0,0
2020-11-10,0,0,24,0,0,0,0,0,0,1,0,0,0,0,0,0,0,0,0,0,0,0,0,0,0,0,0,0,0,0,0,0,0,0,0,0,0,0,0,0,0,0,0,0,0,0,0,0,4,0,0,0,0,0,0,1,0,0,0,0,0,0,0,0,0,0
2020-11-11,0,0,19,0,0,0,0,0,0,0,0,0,0,0,0,0,0,0,0,0,0,0,0,0,0,0,0,0,0,0,0,0,0,0,0,0,0,0,0,0,0,0,0,0,0,0,0,0,1,0,0,0,0,0,0,0,0,0,0,0,0,0,0,0,0,0
2020-11-12,0,0,26,0,0,0,0,0,0,0,0,0,1,0,0,0,0,2,0,0,0,0,0,0,0,0,0,0,0,0,0,0,0,0,0,0,0,0,0,0,0,0,0,0,0,0,0,0,5,0,0,0,0,0,0,0,0,0,1,0,0,0,0,0,0,0
2020-11-13,0,0,33,0,1,0,0,0,0,0,0,0,0,0,0,0,0,1,0,0,0,0,0,0,0,0,1,0,0,0,0,0,0,1,0,0,0,0,0,0,0,0,0,0,0,0,0,0,6,0,0,0,0,0,0,0,0,0,0,0,0,0,0,0,0,0
2020-11-14,0,0,32,0,0,0,0,0,0,0,0,0,0,0,0,0,0,2,0,0,0,0,0,0,0,0,0,0,0,0,0,0,0,0,0,0,0,0,0,0,0,0,1,0,0,0,0,0,2,0,0,1,0,0,0,0,0,0,0,0,0,0,0,0,0,0
2020-11-15,0,0,29,0,0,0,0,0,0,0,0,0,0,0,0,0,0,0,0,0,0,0,0,0,0,0,0,0,0,0,0,0,0,0,0,0,0,0,0,1,0,0,0,0,0,0,0,0,5,0,0,0,1,0,0,0,0,1,0,0,0,0,0,0,0,0
2020-11-16,0,0,37,1,0,0,0,1,0,0,0,0,0,0,0,0,0,0,0,0,0,0,0,0,0,0,0,0,0,0,1,0,0,0,0,0,0,0,0,0,0,0,0,0,0,0,0,0,7,0,0,0,0,0,0,2,0,0,0,0,0,0,0,0,0,0
2020-11-17,0,0,29,0,0,0,0,0,0,0,0,0,0,0,0,0,0,0,0,0,0,0,0,0,0,0,0,1,0,0,0,0,0,0,0,0,0,0,0,0,0,0,0,0,0,0,0,0,8,0,0,0,0,0,0,0,0,0,0,0,0,0,0,0,0,0
2020-11-18,1,0,40,0,0,0,0,0,0,0,0,0,0,0,0,0,0,0,0,0,0,0,0,0,0,0,0,0,0,0,0,0,0,0,0,0,0,0,0,0,0,0,0,0,0,0,0,0,9,0,0,0,0,0,0,0,0,0,0,0,0,0,0,0,0,0
2020-11-19,0,0,27,0,0,0,0,0,0,0,0,0,0,0,0,0,0,0,0,0,0,0,0,0,0,0,0,0,0,0,0,0,0,1,0,0,0,0,0,0,0,0,0,0,0,0,0,0,4,0,0,0,0,0,0,0,0,0,0,0,0,0,1,0,0,0
2020-11-20,0,0,30,0,0,0,0,0,0,0,0,0,0,0,0,0,0,0,0,0,0,1,0,0,0,0,0,0,0,0,0,0,0,1,0,0,0,0,0,0,0,0,1,0,0,0,0,0,5,0,0,0,0,0,0,0,0,0,0,0,0,0,0,0,0,0
2020-11-21,0,0,26,0,0,0,0,0,0,0,0,0,0,0,0,0,0,0,0,0,0,0,0,0,0,0,0,0,0,0,0,0,0,0,0,0,0,0,0,0,0,0,0,0,0,0,0,0,8,0,0,0,0,0,0,0,0,1,0,0,1,0,0,0,0,0
2020-11-22,0,0,32,0,0,0,0,0,0,0,0,0,0,0,0,0,0,0,0,0,0,0,0,0,0,0,0,0,0,0,0,0,0,0,0,0,0,0,0,0,0,0,0,0,0,0,0,0,4,0,0,0,1,0,0,0,0,0,0,0,0,0,0,0,0,0
2020-11-23,1,0,31,0,0,0,0,0,0,0,0,0,0,0,0,0,0,0,0,0,0,0,0,0,0,0,0,0,0,0,0,1,0,0,0,0,0,0,0,0,0,0,0,0,0,0,0,0,2,0,0,1,0,0,0,0,0,0,0,0,0,0,0,0,0,0
2020-11-24,0,1,32,0,1,0,0,0,0,0,0,0,0,0,0,0,0,0,0,0,0,0,0,0,0,1,0,0,0,0,0,0,0,1,0,0,0,0,1,0,0,0,0,0,0,0,0,0,7,0,0,0,0,0,0,0,0,0,0,0,0,0,0,0,0,0
2020-11-25,1,0,39,0,0,0,0,1,0,1,0,0,0,0,0,0,0,0,0,0,0,0,0,0,0,0,1,0,0,0,0,0,0,0,0,0,0,0,0,0,0,0,0,0,0,0,0,0,4,0,0,0,0,0,0,0,1,0,0,0,0,0,0,0,0,0
2020-11-26,0,0,26,0,0,0,0,0,0,0,0,0,0,0,0,0,0,0,0,0,0,0,0,0,0,0,0,0,0,1,1,0,0,0,0,0,0,0,0,0,0,0,0,0,0,0,0,0,5,0,0,0,0,0,0,0,0,0,0,0,0,0,0,0,0,0
2020-11-27,0,0,25,0,0,0,0,0,0,0,0,0,0,0,0,0,0,1,0,0,0,0,0,0,0,0,0,0,0,1,0,0,0,0,0,0,0,0,0,0,0,1,0,0,0,0,0,2,4,0,0,0,0,0,0,0,0,0,0,0,0,0,0,0,0,0
2020-11-28,0,0,24,0,0,0,0,0,0,0,0,0,0,0,0,0,0,0,0,0,0,0,0,0,0,0,0,0,0,0,0,0,0,0,0,0,0,0,0,0,0,0,0,0,0,0,0,0,4,0,0,0,0,0,0,0,0,0,0,0,0,0,0,0,1,0
2020-11-29,0,0,28,0,0,0,0,0,0,0,0,0,0,0,0,0,0,0,0,0,0,0,0,0,0,0,0,0,0,0,0,0,0,0,0,0,0,0,0,0,0,0,0,2,0,0,0,0,7,0,0,0,0,0,0,0,0,0,0,0,0,0,0,0,0,0
2020-11-30,0,0,43,0,0,0,0,0,0,0,0,0,0,0,0,0,0,0,0,0,0,0,0,0,0,0,0,0,0,0,0,0,0,0,0,0,0,0,0,0,0,0,0,0,0,0,0,0,6,0,0,0,0,0,0,0,0,0,0,0,0,0,0,0,0,0
2020-12-01,1,0,33,0,0,0,0,0,0,0,0,0,0,0,0,0,0,0,1,0,0,0,0,0,0,0,0,0,0,0,0,0,0,0,0,0,0,0,0,0,0,0,0,0,0,0,0,0,3,0,0,0,0,0,0,0,0,0,0,0,0,0,0,0,0,0
2020-12-02,1,0,28,0,0,0,0,0,0,0,0,0,1,0,0,0,0,0,0,0,0,0,0,0,0,0,0,0,0,0,0,0,0,0,0,0,0,0,0,0,0,0,0,1,0,0,0,0,2,0,0,0,0,0,0,0,0,0,0,0,0,0,0,0,0,0
2020-12-03,0,0,19,0,0,0,0,0,0,1,0,0,0,0,0,0,1,1,0,0,0,0,0,0,0,0,0,0,0,0,0,0,0,0,0,0,0,0,0,0,0,0,0,0,0,0,0,0,4,0,0,0,0,0,0,0,0,0,0,0,0,0,0,0,0,1
2020-12-04,0,0,19,0,0,0,0,0,0,0,0,0,0,0,0,0,0,0,0,0,0,0,0,0,0,0,0,0,0,0,0,0,0,0,0,0,0,0,0,0,0,0,0,1,0,0,0,1,2,0,0,0,0,0,0,0,0,0,0,0,0,0,0,0,0,0
2020-12-05,0,0,29,0,0,0,0,0,0,2,0,0,0,0,0,0,0,0,0,0,0,1,0,0,0,0,0,0,0,0,0,0,0,0,0,0,0,0,0,0,0,0,0,0,0,0,0,0,2,0,0,0,0,0,0,0,0,0,0,0,0,0,0,0,0,0
2020-12-06,0,0,20,0,0,0,0,0,0,0,0,0,0,0,0,0,0,0,0,0,0,0,0,0,0,0,0,0,0,0,0,0,0,0,0,0,0,0,0,0,0,0,0,0,0,0,0,0,1,0,0,0,0,0,0,0,0,0,0,0,0,0,0,0,0,0
2020-12-07,0,0,26,0,0,0,0,0,0,0,0,0,0,0,0,0,0,0,1,0,0,0,0,0,0,0,0,0,0,0,0,0,0,1,0,0,0,0,0,0,0,0,0,0,0,0,0,0,7,0,0,0,0,0,0,0,0,0,0,0,0,0,0,0,0,0
2020-12-08,0,0,31,0,0,0,0,0,0,0,0,0,0,0,0,0,0,0,0,0,0,0,0,0,0,0,0,0,0,0,0,0,0,0,0,0,0,0,0,0,0,0,0,0,0,0,0,0,2,0,0,0,0,0,0,0,0,0,0,0,0,0,0,0,0,0
2020-12-09,0,0,22,0,0,0,0,0,0,0,0,0,1,0,0,0,0,0,0,0,0,0,0,0,0,0,0,0,0,0,0,0,0,0,0,0,0,0,0,0,0,0,0,0,0,0,0,0,3,0,0,0,0,0,0,0,0,0,0,0,0,0,0,1,0,0
2020-12-10,0,0,20,0,0,0,0,0,0,0,0,0,0,0,0,0,0,0,0,0,0,0,0,0,0,0,0,0,0,0,0,0,0,1,0,0,0,0,0,0,0,0,0,1,0,0,0,0,4,0,0,0,0,0,0,0,0,0,0,0,0,0,0,0,0,0
2020-12-11,0,0,13,0,0,0,0,0,0,0,0,0,0,0,0,0,1,2,0,0,0,0,0,0,0,0,0,0,0,0,1,0,0,0,0,0,0,0,0,0,0,0,0,1,0,0,0,0,4,0,0,0,0,0,0,0,0,0,0,0,0,0,0,0,0,0
2020-12-12,0,0,27,0,0,0,0,0,0,0,0,0,0,1,0,0,1,1,0,0,0,0,0,0,0,0,0,0,0,0,0,1,0,0,0,0,0,0,0,0,0,0,0,0,0,0,0,0,2,0,0,0,0,0,0,0,0,1,0,0,0,0,0,0,0,0
2020-12-13,0,0,19,0,0,0,0,0,0,0,0,0,0,0,0,0,0,0,0,0,0,0,0,0,0,0,0,0,0,0,0,0,0,0,0,0,0,0,0,0,0,0,0,0,0,0,0,0,2,0,0,0,0,0,0,0,0,0,0,0,0,0,0,0,0,0
2020-12-14,0,0,25,0,0,0,0,0,0,0,0,0,2,0,0,0,0,0,0,0,0,0,0,0,0,0,0,0,0,0,0,0,0,0,0,0,0,0,0,0,0,0,0,0,0,0,0,0,3,0,0,0,0,0,0,0,0,0,0,0,0,0,0,0,0,0
2020-12-15,0,0,22,0,0,0,0,0,0,1,0,0,0,0,0,0,0,0,0,0,0,1,0,0,0,0,0,0,0,0,1,0,0,0,0,0,0,0,0,0,0,0,0,0,0,0,0,0,1,0,0,0,0,0,0,0,0,0,0,0,0,0,0,0,0,0
2020-12-16,0,0,22,0,0,0,0,0,1,0,0,0,0,0,0,0,0,0,0,0,0,0,0,0,0,0,0,0,0,0,0,0,0,1,0,0,0,1,0,1,0,0,0,0,0,0,0,0,5,0,0,0,0,0,0,0,0,0,0,0,0,0,0,0,0,0
2020-12-17,0,0,22,0,0,0,0,0,0,1,0,0,0,0,0,0,0,0,0,0,0,0,0,0,0,0,0,0,0,0,0,0,0,0,0,0,0,0,0,0,0,0,0,0,0,0,0,0,2,0,0,0,0,0,0,0,0,1,0,0,0,0,0,0,0,0
2020-12-18,2,0,9,0,0,0,0,0,0,0,0,0,0,0,0,0,0,0,0,0,0,0,0,0,0,0,0,0,0,0,0,0,0,0,0,0,0,0,0,0,0,0,0,0,0,0,0,0,1,0,0,0,0,0,0,0,0,0,0,0,0,0,0,0,0,0
2020-12-19,0,0,13,0,0,0,0,0,0,0,0,0,0,0,1,0,0,0,0,0,0,0,0,0,0,0,0,0,0,0,0,0,0,0,0,0,0,0,0,0,0,0,0,0,0,0,0,0,1,0,0,0,0,0,0,0,0,0,0,0,0,0,0,0,0,0
2020-12-20,0,0,16,0,0,0,0,0,0,0,0,0,0,0,0,1,0,0,0,0,0,0,0,0,0,0,0,0,0,0,0,0,0,0,0,0,0,0,0,0,0,0,0,0,0,0,0,0,0,0,0,0,0,0,0,0,0,0,0,0,0,0,0,0,0,0
2020-12-21,0,0,18,0,0,0,0,0,0,0,0,0,0,1,0,0,0,0,0,0,0,0,0,0,0,0,0,0,0,0,0,0,0,0,0,0,0,0,0,0,0,0,0,0,0,0,0,0,1,0,0,0,0,0,0,0,0,0,0,0,0,0,0,0,0,0
2020-12-22,0,0,25,0,0,0,0,0,0,0,0,0,0,0,0,0,0,0,0,0,0,0,0,0,0,1,0,0,0,0,0,0,0,0,0,0,0,0,0,0,0,0,0,0,0,0,0,0,1,0,0,0,0,0,0,0,0,0,0,0,0,0,0,0,0,0
2020-12-23,0,0,14,0,0,0,0,0,0,0,0,0,0,0,0,0,0,0,0,0,0,0,0,0,0,0,0,0,0,0,0,0,0,1,0,0,0,0,0,0,0,0,0,0,0,0,0,0,0,0,0,0,0,0,0,0,0,0,0,0,0,0,0,0,0,0
2020-12-24,0,0,20,0,0,0,0,0,0,0,0,0,0,0,1,0,0,0,0,0,0,0,0,0,0,0,0,0,0,0,0,0,0,0,0,0,0,0,0,0,0,0,0,0,0,0,0,0,1,1,0,0,0,0,0,1,0,0,0,0,0,0,0,0,0,0
2020-12-25,0,0,20,0,0,0,0,0,0,0,0,0,0,0,0,0,0,0,0,0,0,0,0,0,0,0,0,0,0,0,0,0,0,1,0,0,0,0,0,0,0,0,0,0,0,0,0,0,2,0,0,0,0,0,0,0,0,0,0,0,0,0,0,0,0,0
2020-12-26,0,0,15,0,0,0,0,0,0,1,0,0,1,0,0,1,0,0,0,0,0,0,0,0,0,0,0,0,0,0,0,2,0,0,0,0,0,0,0,0,0,0,0,1,0,0,0,0,0,0,0,0,0,0,0,0,0,0,0,0,0,0,0,0,0,0
2020-12-27,0,0,10,0,0,0,0,0,0,0,0,0,0,0,0,0,0,1,0,0,0,0,0,0,0,0,0,0,0,0,0,0,0,1,0,0,0,0,0,0,0,0,0,0,0,0,0,0,4,0,0,0,0,0,0,0,0,0,0,0,0,0,0,0,0,0
2020-12-28,0,0,20,0,0,0,0,0,0,0,0,0,0,0,0,0,2,0,0,0,0,0,0,0,0,0,0,0,0,0,0,0,0,0,0,0,0,0,0,0,0,0,0,0,0,0,0,0,1,0,0,0,0,0,0,0,0,0,0,0,0,0,0,0,0,0
2020-12-29,0,0,18,0,0,0,0,0,0,0,0,0,0,0,0,0,0,0,0,0,0,0,0,0,0,1,0,0,0,0,0,3,0,0,0,0,0,0,0,0,0,0,0,0,0,0,0,1,1,0,0,0,0,0,0,0,0,0,0,0,0,0,0,0,0,0
2020-12-30,0,0,12,0,0,0,0,0,0,0,0,0,0,0,0,0,0,0,0,0,0,0,0,0,0,0,0,0,0,0,0,0,0,0,0,0,0,0,0,0,0,0,0,0,0,0,0,0,0,0,0,0,0,0,0,1,0,0,0,0,0,0,0,0,0,0
2020-12-31,0,0,12,0,0,0,0,0,0,0,0,0,0,0,0,0,0,0,0,0,0,0,0,0,0,0,0,0,0,0,0,0,0,0,0,0,0,0,0,0,0,0,0,0,0,0,0,0,6,0,0,0,0,0,0,0,1,0,0,0,0,0,0,0,0,0
2021-01-01,0,0,14,0,0,0,0,0,0,0,0,0,0,0,0,0,0,0,0,0,0,0,0,0,0,0,0,0,0,0,0,0,0,0,0,0,0,1,0,0,0,0,0,0,0,0,0,0,2,0,0,0,0,0,0,0,0,0,0,0,0,0,0,0,0,0
2021-01-02,0,0,14,0,0,0,0,0,0,0,0,0,0,0,0,0,0,0,0,0,0,0,0,0,0,0,0,0,0,0,0,0,0,0,0,0,0,0,0,0,0,0,0,0,0,0,0,0,1,0,0,0,0,0,0,0,0,0,0,0,0,0,0,0,0,0
2021-01-03,0,0,13,1,0,0,0,0,0,0,0,0,0,0,0,0,0,0,0,0,0,0,0,0,0,0,0,0,0,0,1,0,0,0,0,0,0,0,0,0,1,0,0,0,0,0,0,0,0,1,0,0,0,0,0,0,0,0,0,0,0,0,0,0,0,0
2021-01-04,0,0,28,0,0,1,0,0,0,0,0,0,0,0,0,0,0,0,0,0,0,0,0,0,0,0,0,0,0,0,0,0,0,2,0,0,0,0,0,0,0,0,0,0,0,0,0,0,3,0,0,0,0,0,0,0,0,0,0,0,0,0,1,0,0,0
2021-01-05,0,0,27,0,0,0,0,0,0,0,0,0,0,0,0,0,0,0,0,0,0,0,0,0,0,0,0,0,0,0,0,0,0,0,0,0,0,0,0,0,0,0,0,1,0,0,0,0,5,0,0,0,0,0,0,0,0,0,0,0,0,0,0,0,0,0
2021-01-06,0,0,27,0,0,0,0,0,0,0,0,0,0,0,0,0,0,1,0,0,0,0,0,0,0,0,0,0,0,0,0,0,0,0,0,0,0,0,0,0,0,0,0,1,0,0,0,0,5,0,0,0,0,0,0,0,0,0,0,0,0,0,0,0,0,0
2021-01-07,0,0,10,0,0,0,0,0,0,0,0,0,0,0,0,0,0,0,0,0,0,0,0,0,0,0,0,0,0,0,0,0,0,0,0,0,0,0,0,0,0,0,0,0,0,0,0,0,3,0,0,0,0,0,0,0,0,0,0,0,0,0,0,0,0,0
2021-01-08,0,0,11,0,0,0,0,0,0,0,0,0,0,0,0,0,0,0,0,0,0,0,0,0,0,0,0,0,0,0,0,0,0,0,0,0,0,0,0,0,0,0,0,0,0,0,0,0,0,0,0,0,0,0,0,0,0,0,0,0,0,0,0,0,0,0
2021-01-09,0,0,17,1,0,0,0,0,0,0,0,0,0,0,0,0,0,0,0,0,0,0,0,0,0,0,0,0,0,0,0,0,0,0,0,0,0,0,0,0,0,0,0,0,0,0,0,0,2,0,0,0,0,0,0,0,0,0,0,0,0,0,0,0,0,0
2021-01-10,0,0,15,0,0,0,0,0,0,0,0,0,0,0,0,0,0,0,0,0,0,0,0,0,0,0,0,0,0,0,0,0,0,0,0,0,0,0,0,0,0,0,0,0,1,0,0,0,1,0,0,0,0,0,0,0,0,0,0,0,0,0,0,0,0,0
2021-01-11,0,0,22,0,0,0,0,0,0,0,0,0,0,0,0,0,0,0,0,0,0,0,0,0,0,0,1,1,0,0,0,0,0,0,0,0,0,0,1,0,0,0,0,0,0,0,0,0,3,0,0,0,0,0,0,0,0,0,0,0,0,0,0,0,0,0
2021-01-12,0,0,7,0,0,0,1,0,1,0,0,0,0,0,0,0,0,0,0,0,0,0,0,0,0,0,0,0,1,0,0,0,0,0,0,0,0,0,0,0,0,0,0,0,0,0,0,0,2,0,0,0,0,0,0,0,0,0,0,0,0,0,0,0,0,0
2021-01-13,0,0,14,0,0,1,1,0,0,0,0,0,1,0,0,0,0,0,0,0,0,0,0,0,0,1,0,0,0,0,0,0,0,0,0,0,0,0,0,0,0,1,0,0,0,0,0,0,1,0,0,0,0,0,0,0,0,0,0,0,0,0,0,0,0,0
2021-01-14,0,0,8,0,0,0,0,0,0,1,0,0,0,0,0,0,0,1,0,0,0,0,0,0,0,0,0,0,0,0,0,0,0,0,0,0,0,2,0,0,0,0,0,0,0,0,0,0,0,0,0,0,0,0,0,0,0,0,0,0,0,0,0,0,0,0
2021-01-15,0,0,11,0,0,0,0,0,0,0,0,0,0,0,0,0,0,0,0,0,0,0,0,0,0,0,0,2,0,0,0,0,0,0,0,0,0,0,0,0,0,0,0,0,0,0,0,0,2,0,0,0,0,0,0,0,0,0,0,0,0,0,0,0,0,0
2021-01-16,0,0,12,0,0,0,0,0,0,0,0,0,0,0,0,0,0,0,0,0,0,0,0,0,0,0,0,0,0,0,0,0,0,0,0,0,0,0,0,1,0,0,0,0,0,0,0,0,0,0,0,0,0,0,0,0,0,0,0,0,0,0,0,1,0,0
2021-01-17,0,0,17,0,0,0,0,0,0,0,0,0,0,0,1,0,0,0,0,0,0,0,0,0,0,0,0,0,0,0,0,0,0,0,0,0,0,1,0,0,0,0,0,0,0,0,0,0,1,0,0,0,0,0,0,0,0,0,0,0,0,0,0,0,0,0
2021-01-18,0,0,12,1,0,0,0,0,0,0,0,0,0,0,0,0,0,0,0,0,0,0,0,0,0,0,0,0,0,0,0,0,0,0,0,0,0,0,0,0,0,0,0,0,0,0,0,0,1,0,0,0,0,0,0,0,0,0,0,0,0,0,0,0,0,0
2021-01-19,0,0,9,0,0,0,0,0,0,0,0,0,0,0,0,0,0,0,0,0,0,0,0,0,0,0,0,0,0,0,0,0,0,0,0,0,0,0,0,0,0,0,0,0,0,0,0,0,2,0,0,0,0,0,0,0,0,1,0,0,0,0,0,0,0,0
2021-01-20,0,0,13,0,0,0,0,0,0,0,0,0,0,0,0,0,0,0,0,0,0,0,0,0,0,0,0,0,0,0,0,0,0,0,0,0,0,0,0,0,0,0,0,0,0,0,0,0,1,0,0,0,0,0,0,0,0,0,0,0,0,0,0,0,0,0
2021-01-21,0,0,13,0,0,1,0,0,0,0,0,0,0,0,0,0,0,0,0,0,0,0,0,0,0,0,0,0,0,0,0,0,0,0,0,0,0,0,0,0,0,0,0,0,0,0,0,0,2,0,0,0,0,0,0,0,0,0,0,0,0,0,0,0,0,0
2021-01-22,0,0,12,0,0,0,0,0,0,0,0,0,0,0,0,0,0,0,0,0,0,0,0,0,0,0,0,0,0,0,0,0,0,0,0,0,0,0,0,0,0,0,0,0,0,0,0,0,0,0,0,0,0,0,0,0,0,0,0,0,0,0,0,0,0,0
2021-01-23,0,0,13,0,0,0,0,0,0,0,0,0,0,0,0,0,0,0,0,0,0,0,0,0,0,0,0,0,0,0,0,0,0,0,0,0,0,0,0,0,0,0,0,0,0,0,0,0,0,0,0,0,1,0,0,0,0,0,0,0,0,0,0,0,0,0
2021-01-24,0,0,9,0,0,0,0,0,0,0,0,0,0,0,0,0,0,0,0,0,0,0,0,0,0,0,0,0,0,0,1,0,0,0,0,0,0,0,0,0,0,0,0,0,0,0,0,0,0,0,0,0,0,0,0,0,0,0,0,0,0,0,0,0,0,0
2021-01-25,0,0,21,0,0,0,0,0,0,2,0,0,0,0,0,0,0,0,0,0,0,0,0,0,0,0,0,0,0,0,0,0,0,0,0,0,0,0,0,0,0,0,0,0,0,0,0,0,3,0,0,0,0,0,0,0,0,0,0,0,0,0,0,0,0,0
2021-01-26,0,0,12,0,0,0,0,0,0,0,0,0,0,0,0,0,0,0,0,0,0,0,0,0,0,0,0,0,0,0,0,0,0,0,0,0,0,0,0,0,0,0,0,0,0,0,0,0,3,0,0,0,0,0,0,0,0,0,0,0,0,0,0,0,0,0
2021-01-27,0,0,12,0,0,0,0,0,0,0,0,0,0,0,0,0,0,0,0,0,0,0,0,0,0,0,0,0,0,0,0,0,0,0,0,0,0,0,0,0,0,0,0,0,0,0,0,0,1,0,0,0,0,0,0,0,0,0,0,0,0,0,0,0,0,0
2021-01-28,0,0,11,0,0,0,0,0,0,1,0,0,0,0,0,0,0,0,0,0,0,0,0,0,0,0,0,0,0,0,0,0,0,0,0,0,0,0,0,0,0,0,0,0,0,0,0,0,1,0,0,0,0,0,0,0,0,0,0,0,0,0,0,0,0,0
2021-01-29,0,0,14,0,0,0,0,0,0,0,0,0,0,0,0,0,0,0,0,0,0,0,0,0,0,0,0,0,0,0,0,0,0,0,0,0,0,0,0,0,0,0,0,0,0,0,0,0,3,0,0,0,0,0,0,0,0,0,0,0,0,0,0,0,0,0
2021-01-30,0,0,8,0,0,0,0,0,0,0,0,0,0,0,0,0,0,0,0,0,0,0,0,0,0,0,0,0,0,0,0,0,0,0,0,0,0,0,0,0,0,0,0,0,0,0,0,0,1,0,0,0,0,0,0,0,0,0,0,0,0,0,0,0,0,0
2021-01-31,0,0,13,0,0,0,0,0,0,0,0,0,0,0,0,0,0,0,0,0,0,0,0,0,1,0,0,0,0,0,0,0,0,0,0,0,0,0,0,0,0,0,0,0,0,0,0,0,0,0,0,0,0,0,0,0,0,0,0,0,0,0,0,0,0,0
2021-02-01,0,0,15,0,0,0,0,0,0,0,0,0,0,0,0,0,0,0,0,0,0,0,0,0,0,0,0,0,0,0,0,0,0,0,0,0,0,0,0,0,0,0,0,0,0,0,0,0,1,0,0,0,0,0,0,0,0,0,0,0,0,0,0,0,0,0
2021-02-02,0,0,17,0,0,0,0,0,0,0,0,0,0,0,0,0,0,0,0,0,0,0,0,0,0,0,0,0,0,0,0,0,0,0,0,0,0,0,0,0,0,0,0,0,0,0,0,0,0,0,0,1,0,0,0,0,0,0,0,0,0,0,0,0,0,0
2021-02-03,0,0,10,0,0,0,0,0,0,0,0,0,0,0,0,0,0,0,0,0,0,0,0,0,0,0,0,0,0,0,0,0,0,0,0,0,0,0,0,0,0,0,0,0,0,0,0,0,0,0,0,0,0,0,0,0,0,0,0,0,0,0,0,0,0,0
2021-02-04,0,0,9,0,0,0,0,0,0,0,0,0,0,0,0,0,0,0,0,0,0,0,0,0,0,0,0,0,0,0,0,0,0,0,0,0,0,0,0,0,0,0,0,0,0,0,0,0,2,0,0,0,0,0,0,0,0,0,0,0,0,0,0,0,0,0
2021-02-05,2,0,6,0,0,0,0,0,0,0,0,0,0,0,0,0,0,0,0,0,0,0,0,0,0,0,0,0,0,0,0,0,0,0,0,0,0,0,0,0,0,0,0,0,0,0,0,0,0,0,0,0,0,0,0,0,0,0,0,0,0,0,0,0,0,0
2021-02-06,0,0,13,0,0,0,0,0,0,0,0,0,0,0,0,0,0,0,0,0,0,0,0,0,0,0,0,0,0,0,2,0,0,0,0,0,0,0,0,0,0,0,0,0,0,0,0,0,3,0,0,0,0,0,0,0,0,0,0,0,0,0,0,0,0,0
2021-02-07,0,0,6,0,0,0,0,0,0,0,0,0,0,0,0,0,0,0,0,0,0,0,0,0,0,0,0,0,0,0,0,0,0,0,0,0,0,0,0,0,0,0,0,0,0,0,0,0,1,0,0,0,0,0,0,0,0,1,0,0,0,0,0,0,0,0
2021-04-14,1,0,35,0,0,0,0,1,0,2,0,0,0,1,0,0,0,0,1,0,0,0,0,0,0,0,0,0,0,0,0,0,0,0,0,0,0,0,0,0,0,0,0,0,0,0,0,0,1,0,0,0,0,0,0,0,0,0,0,0,0,0,0,0,0,0
2021-04-15,0,2,349,1,0,1,1,0,0,7,1,0,3,0,0,0,3,3,2,0,0,0,1,2,4,0,0,0,1,1,1,1,0,3,0,0,0,0,1,0,0,1,0,8,0,0,0,0,35,0,0,3,0,1,0,1,0,1,2,0,3,0,0,0,0,1
2021-04-16,0,1,204,2,0,0,0,0,0,5,1,1,0,0,2,0,0,2,0,0,0,0,0,0,0,0,0,0,0,0,0,1,0,2,1,0,0,0,1,2,0,0,0,1,1,2,0,0,30,0,0,6,0,0,0,1,1,3,2,0,0,0,0,0,0,0
2021-04-17,2,0,179,0,0,0,1,0,0,2,1,0,0,1,1,0,2,1,0,1,0,0,0,0,0,1,0,0,0,0,0,1,0,0,1,1,0,0,0,0,0,0,1,2,0,0,0,0,18,0,2,2,0,0,0,0,0,2,0,0,0,0,0,0,0,0
2021-04-18,0,0,152,0,0,0,0,0,0,1,0,0,0,0,0,1,0,1,0,0,0,0,0,0,1,1,0,0,0,0,0,0,1,1,0,0,0,0,0,0,0,0,0,3,0,0,0,1,25,1,0,3,2,0,0,0,0,0,0,0,0,1,2,0,0,0
2021-04-19,0,1,122,0,0,0,0,0,0,3,0,0,0,0,0,0,0,0,0,0,0,0,0,0,0,0,0,0,0,0,0,1,0,0,0,0,1,0,1,1,0,0,0,4,0,0,0,0,22,0,1,0,0,0,0,0,0,0,0,0,0,0,1,0,0,0
2021-04-20,0,0,142,0,1,2,0,0,0,6,0,0,0,1,1,0,1,3,0,0,0,1,0,0,1,1,0,0,0,0,0,1,0,1,0,0,0,1,0,0,0,2,0,3,0,0,0,0,40,1,0,0,0,0,0,1,0,0,0,0,0,0,1,0,0,0
2021-04-21,0,0,112,0,1,1,0,0,0,1,1,0,0,0,0,0,1,0,0,0,0,0,0,0,0,0,0,0,0,0,0,1,0,1,0,0,2,0,1,0,0,0,0,1,1,0,0,0,17,0,0,0,1,0,0,0,0,0,0,0,0,0,1,0,0,0
2021-04-22,0,0,59,0,1,1,0,0,0,3,0,0,0,1,0,0,1,0,0,0,0,0,0,0,0,1,0,0,0,0,0,0,1,2,0,0,0,0,1,0,0,0,0,0,0,0,0,0,15,0,0,0,0,0,0,3,0,0,0,0,0,0,1,0,0,0
2021-04-23,0,0,69,0,1,0,1,0,0,0,0,0,0,0,0,1,0,1,0,0,3,0,0,0,0,0,0,0,1,0,0,3,0,0,0,0,0,0,0,0,0,0,0,0,0,0,0,1,17,0,0,0,0,0,0,0,0,0,2,0,0,0,0,0,0,0
2021-04-24,0,0,53,0,0,0,0,0,0,1,0,0,0,1,0,0,0,0,0,0,1,0,0,0,0,0,0,0,0,0,0,0,0,0,0,0,0,0,1,0,0,0,0,5,1,0,0,0,11,0,0,0,0,0,0,0,0,0,0,0,0,0,0,0,0,0
2021-04-25,0,0,60,0,0,0,0,0,0,3,0,0,0,0,0,0,0,0,2,0,0,0,1,1,0,0,0,1,0,0,0,0,0,0,0,0,0,0,0,0,0,0,0,1,0,0,0,1,4,0,0,0,0,0,0,0,0,0,0,0,0,0,0,0,1,0
2021-04-26,0,0,59,0,0,1,0,0,0,0,0,0,0,0,0,0,0,0,0,0,0,0,0,0,0,0,0,0,0,0,0,0,0,1,0,0,0,0,0,0,0,0,0,0,0,0,0,0,7,0,0,1,0,0,0,0,0,0,0,0,0,0,0,0,0,0
2021-04-27,1,0,54,0,0,0,0,0,0,0,0,0,0,0,0,0,0,0,0,0,0,0,0,0,0,0,0,1,0,0,0,0,0,1,0,0,0,0,0,0,0,0,0,0,0,0,0,0,9,1,0,0,1,0,0,0,0,0,0,0,0,0,0,0,0,0
2021-04-28,0,0,34,0,0,0,0,0,0,0,0,0,0,0,0,0,0,0,0,1,1,0,0,0,0,0,0,0,0,0,0,0,0,0,0,0,0,0,0,0,0,1,0,0,0,0,0,0,3,1,0,0,0,0,0,0,0,0,0,0,0,0,0,0,0,0
2021-04-29,0,0,41,0,0,0,0,0,1,1,0,0,0,0,1,0,1,0,0,0,0,0,0,0,0,0,0,0,0,0,0,0,0,0,0,0,0,0,0,0,0,0,0,0,0,0,0,0,5,0,1,0,1,0,0,0,0,0,0,0,0,0,0,0,0,0
2021-04-30,0,0,25,0,0,0,0,0,0,1,0,1,0,0,0,1,0,1,0,0,0,0,0,0,0,0,0,1,0,0,0,0,0,0,0,0,0,1,0,0,0,0,0,0,0,0,0,2,3,0,0,0,0,0,0,0,0,0,0,0,0,0,0,0,0,0
2021-05-01,0,0,24,1,0,0,0,0,0,1,0,0,0,0,0,0,0,2,1,0,0,0,0,0,0,0,0,0,0,0,0,0,0,0,0,0,0,0,0,0,0,0,0,1,0,0,0,0,2,0,0,0,0,0,0,0,0,0,0,0,0,0,0,0,0,0
2021-05-02,0,0,37,0,0,0,0,0,0,0,0,0,0,0,0,0,0,0,0,0,0,0,0,0,0,0,0,0,0,0,1,0,0,1,0,0,0,0,0,0,0,0,0,0,0,0,0,0,3,0,0,1,0,0,0,0,0,0,1,0,0,0,0,0,0,0
2021-05-03,0,0,28,0,0,0,0,0,0,1,0,0,0,0,0,0,0,1,0,0,0,0,0,0,0,0,0,0,0,0,0,0,0,1,0,0,0,0,0,0,0,0,0,1,0,0,0,0,3,0,0,0,0,0,0,0,0,0,0,0,0,0,0,1,0,0
2021-05-04,0,0,32,0,1,0,0,0,0,0,2,0,0,0,0,0,0,0,0,0,0,0,0,0,0,0,0,0,0,0,2,0,0,0,1,0,0,0,0,0,0,0,0,0,0,0,0,0,2,0,0,0,0,0,0,0,0,0,0,0,0,0,0,0,0,0
2021-05-05,0,0,26,0,0,0,0,0,0,0,2,0,0,0,0,0,0,1,0,0,0,0,0,0,1,0,0,0,0,0,0,0,0,0,0,0,0,0,0,0,0,0,0,0,0,0,0,0,3,1,0,0,0,0,0,0,0,0,0,0,0,0,0,0,0,0
2021-05-06,0,0,29,0,0,0,0,0,0,0,1,0,0,0,0,0,0,0,0,1,0,0,0,0,0,0,0,0,0,0,0,0,0,0,0,0,0,0,0,0,0,0,0,1,0,0,0,0,3,0,0,0,0,0,0,0,0,0,0,0,0,0,1,0,0,0
2021-05-07,0,0,18,0,0,0,0,1,0,0,0,0,1,0,0,0,0,0,0,0,0,0,0,0,0,0,0,0,0,0,0,0,0,1,0,0,0,0,0,0,0,0,0,0,0,0,0,0,0,0,0,0,0,0,0,0,0,1,0,0,0,0,0,0,0,0
2021-05-08,0,0,21,0,0,0,0,0,0,0,0,0,0,0,0,0,2,0,0,0,0,0,0,0,0,0,0,1,0,0,0,0,0,0,0,0,0,0,0,0,0,0,0,1,0,0,0,0,0,0,0,0,0,0,0,0,0,0,0,0,0,0,0,0,0,0
2021-05-09,0,0,29,0,0,0,0,0,0,0,0,0,0,0,1,0,0,0,0,0,0,0,0,0,0,0,0,0,0,0,0,0,0,0,0,1,0,1,1,0,0,0,1,0,0,0,0,0,1,0,0,0,0,0,0,0,0,1,0,0,0,0,2,0,0,0
2021-05-10,0,0,21,0,0,0,0,0,0,1,0,0,0,0,0,0,1,0,0,0,1,0,0,0,0,0,0,0,0,0,1,0,0,0,0,0,0,0,0,0,0,0,0,0,0,0,0,0,2,0,0,0,0,0,0,0,0,0,0,0,0,0,1,0,0,0
2021-05-11,0,0,23,0,0,0,0,0,0,2,0,0,0,0,0,0,0,0,0,0,0,0,0,0,0,0,0,0,0,0,1,0,0,0,0,0,0,0,0,0,0,0,0,0,0,0,0,0,4,0,0,0,0,0,0,0,0,0,0,0,0,0,0,0,0,0
2021-05-12,1,0,21,0,0,0,0,0,0,3,0,0,1,0,0,0,0,0,0,0,0,0,0,0,0,0,0,0,0,0,0,0,0,1,0,0,0,0,0,0,0,0,0,0,0,0,0,0,3,0,0,0,0,0,0,0,0,0,1,0,0,0,0,0,0,0
2021-05-13,0,0,15,0,0,0,0,0,0,0,0,0,0,0,0,0,0,0,1,0,0,0,0,0,0,1,0,0,0,0,0,0,0,0,0,0,0,0,0,0,0,0,0,1,0,0,0,0,3,0,0,0,0,0,0,0,0,0,0,0,0,0,0,0,0,0
2021-05-14,0,0,14,0,0,0,0,0,0,0,0,0,0,0,0,0,0,2,0,0,0,0,0,0,0,0,0,0,0,0,3,0,0,0,0,0,0,0,1,0,0,0,0,0,0,0,0,0,3,0,0,0,0,0,0,0,0,0,0,0,0,0,0,0,0,0
2021-05-15,0,0,27,0,0,0,0,0,0,0,0,0,2,0,0,0,0,0,0,0,0,0,0,0,0,0,0,1,0,0,0,0,1,0,0,0,0,0,0,0,0,0,1,0,0,0,0,0,5,0,0,0,0,0,0,0,0,0,0,0,0,0,0,0,0,0
2021-05-16,0,0,23,0,0,0,0,0,0,0,0,0,0,1,0,0,0,0,1,0,0,0,0,0,0,0,0,0,0,0,1,0,0,0,0,0,0,0,0,0,0,0,0,1,0,0,0,0,2,0,0,0,0,0,0,0,0,0,0,0,0,0,0,0,0,0
2021-05-17,0,0,17,0,1,0,0,0,0,0,0,0,0,0,0,0,0,0,1,0,2,0,0,0,0,0,0,0,0,0,0,0,0,1,0,0,0,0,0,0,0,0,0,1,0,0,0,0,1,0,0,0,0,0,0,0,0,0,0,0,0,0,0,0,0,0
2021-05-18,0,0,14,0,0,0,0,0,0,0,0,0,0,0,0,0,0,0,1,0,0,0,0,0,0,0,0,0,0,0,0,0,0,0,0,0,0,0,0,0,0,0,0,0,0,0,0,0,3,0,0,0,0,0,0,0,0,0,0,0,0,0,0,0,0,0
2021-05-19,0,0,20,0,0,0,0,0,0,1,0,0,0,0,0,0,0,0,0,0,0,0,0,0,0,0,0,0,0,0,0,0,0,0,0,0,0,0,1,0,0,0,0,0,0,0,0,0,5,0,0,0,0,0,0,0,0,0,0,0,0,0,0,0,0,0
2021-05-20,0,0,14,0,0,0,0,0,0,0,0,0,0,0,0,0,0,0,0,0,0,0,0,0,0,0,0,0,0,1,0,0,0,0,0,0,0,0,0,0,0,0,0,0,2,0,0,0,1,0,0,0,0,0,0,0,0,0,0,0,0,0,0,0,0,0
2021-05-21,0,0,13,0,0,0,0,0,0,0,0,0,0,1,0,1,0,0,0,0,0,0,0,0,0,0,0,0,0,0,0,1,0,0,0,0,0,0,0,0,0,0,0,0,0,0,0,0,3,1,0,0,0,0,0,1,0,0,0,0,0,0,0,0,0,0
2021-05-22,1,0,9,0,0,0,0,0,0,0,0,0,0,0,0,0,0,0,0,0,0,0,0,0,0,0,0,0,1,0,0,0,0,1,0,0,0,0,0,0,0,0,0,0,0,0,0,0,1,0,1,0,0,0,0,0,0,0,0,0,0,0,0,0,0,0
2021-05-23,0,0,13,0,0,0,0,0,0,0,0,0,0,0,0,0,0,0,0,0,0,0,0,0,0,0,0,0,0,0,1,0,0,0,0,0,0,0,0,0,0,0,0,0,0,0,0,0,0,0,0,0,0,0,0,0,0,0,0,0,0,0,0,0,0,0
2021-05-24,0,0,11,0,0,0,0,0,0,1,0,0,0,0,1,0,0,2,0,0,0,0,0,0,0,0,0,0,0,0,0,0,0,0,0,0,0,0,0,0,0,0,0,0,0,0,0,0,2,0,0,0,0,0,0,0,0,0,0,0,0,0,0,0,0,0
2021-05-25,0,0,8,0,1,0,0,0,0,0,0,0,0,0,0,0,0,1,0,0,0,0,0,0,0,0,0,0,0,0,0,0,0,0,0,0,0,1,0,0,0,0,0,0,0,0,0,0,1,0,0,0,0,0,0,0,0,0,0,0,0,1,0,0,0,0
2021-05-26,0,0,15,0,0,0,0,0,0,0,0,0,0,0,0,0,0,0,0,0,0,0,0,0,0,0,0,0,0,0,0,0,0,0,0,0,0,0,0,0,0,0,0,0,0,0,0,0,0,0,0,0,0,0,0,0,0,0,0,0,0,0,0,1,0,0
2021-05-27,0,0,13,0,0,0,0,0,0,0,0,0,0,0,0,0,0,0,0,0,0,0,0,0,0,0,0,0,0,0,0,0,0,0,0,0,2,0,0,0,0,0,0,0,0,0,0,0,3,0,0,0,0,0,0,0,0,0,0,0,0,0,0,0,0,0
2021-05-28,0,0,10,0,0,0,1,0,0,0,0,0,1,1,1,0,0,0,0,0,0,0,0,0,0,0,0,0,0,0,0,0,0,0,0,0,0,0,0,0,0,0,0,0,0,0,0,0,1,0,0,0,0,0,0,0,1,0,0,0,0,1,0,0,0,0
2021-05-29,0,0,20,0,0,0,0,0,0,0,0,0,0,0,0,0,1,0,0,0,0,0,0,0,2,0,0,0,0,0,0,0,0,0,0,0,0,0,0,0,0,0,0,0,0,0,0,1,3,0,0,0,0,0,0,0,0,0,0,0,0,0,0,0,0,0
2021-05-30,0,1,14,0,0,0,0,0,0,0,0,0,0,0,0,1,0,0,0,0,0,0,0,0,0,0,0,0,0,0,0,0,0,0,0,0,1,0,0,0,0,0,1,0,0,0,0,0,3,0,0,0,0,0,0,1,0,0,0,0,0,0,0,0,0,0
2021-05-31,0,0,18,0,0,0,0,0,0,1,0,0,1,0,0,0,0,0,0,0,0,0,0,0,0,0,0,0,0,0,0,0,0,0,0,0,0,0,0,0,0,0,0,1,0,0,0,0,3,0,0,0,0,0,0,1,0,0,0,0,0,0,0,0,0,0
2021-06-01,0,0,14,0,0,0,0,0,0,0,0,0,0,0,0,0,0,0,1,0,0,0,0,0,0,0,0,0,0,0,0,0,0,2,0,0,0,0,0,0,0,0,0,0,0,0,0,0,2,0,1,0,0,0,0,0,0,0,0,0,0,0,0,0,0,0
2021-06-02,0,0,9,0,0,0,0,0,0,0,0,0,1,0,0,0,0,0,1,0,0,0,0,0,0,1,0,0,0,0,0,0,0,0,0,0,0,0,0,0,0,0,0,0,0,0,0,0,3,1,0,1,0,0,0,0,0,0,0,0,0,0,0,0,0,1
