date,Comilla,Sunamganj,Manikganj,Kishoreganj,Kushtia,Jhenaidah,Sirajganj,Rangamati,Chittagong,Nilphamari,Thakurgaon,Pabna,Rajshahi,Cox's Bazar,Chapainawabganj,Magura,Munshiganj,Feni,Sylhet,Tangail,Bagerhat,Chuadanga,Maulvibazar,Kurigram,Netrokona,Meherpur,Narsingdi,Pirojpur,Gopalganj,Mymensingh,Khulna,Jhalokati,Narayanganj,Khagrachhari,Lakshmipur,Noakhali,Natore,Patuakhali,Chandpur,Jamalpur,Rajbari,Jaipurhat,Gazipur,Narail,Sherpur,Unknown,Habiganj,Dhaka,Naogaon,Shariatpur,Faridpur,Dinajpur,Satkhira,Bandarban,Rangpur,Bogra,Madaripur,Barguna,Brahmanbaria,Barisal,Gaibandha,Bhola,Jessore,Lalmonirhat,Panchagarh
2020-04-03,8,0,0,1,0,3,0,0,16,0,1,2,0,3,1,5,1,1,4,2,0,0,0,0,0,0,4,0,0,2,4,0,7,0,0,2,2,1,2,0,0,1,10,0,2,0,3,99,0,1,0,1,0,0,0,4,5,1,3,1,3,0,0,0,3
2020-04-04,12,1,2,6,9,1,13,1,38,3,4,9,3,8,1,0,2,10,6,10,1,2,5,0,5,1,5,3,0,7,8,0,47,3,4,11,4,2,4,4,5,1,10,0,3,0,7,242,4,0,1,4,3,0,9,5,6,0,8,10,5,2,12,0,1
2020-04-05,19,1,6,2,1,0,3,0,41,2,2,5,11,14,1,3,7,2,18,8,3,2,4,1,7,1,13,3,5,10,10,3,31,2,2,9,1,9,9,7,2,3,28,0,2,0,1,273,4,0,2,1,3,0,3,8,5,1,7,5,9,2,4,0,3
2020-04-06,25,5,7,3,5,6,10,0,59,3,2,12,7,8,6,3,3,16,18,7,0,3,6,4,8,3,8,3,3,23,23,1,54,2,2,13,4,5,6,12,1,2,36,5,4,0,1,552,2,9,10,7,9,7,13,18,1,2,20,12,3,1,13,1,0
2020-04-07,6,1,3,2,2,1,4,2,23,4,0,8,8,7,0,2,8,0,8,2,1,2,0,1,2,2,1,1,4,4,7,0,9,0,3,5,0,2,1,2,0,0,18,2,0,0,1,231,3,0,3,3,7,0,4,6,1,1,1,11,1,0,11,0,1
2020-04-08,3,0,0,2,1,0,0,1,9,0,0,0,1,3,0,0,0,2,1,1,0,0,0,0,2,0,3,0,0,4,0,0,4,0,0,0,5,0,0,0,0,0,9,0,2,0,0,381,0,3,1,0,0,0,0,5,0,1,1,5,1,0,0,0,0
2020-04-09,5,0,4,3,1,4,3,0,17,2,1,3,2,1,0,0,2,1,2,18,0,2,0,0,1,0,3,2,1,3,6,2,16,0,1,2,6,0,5,1,0,2,5,0,1,0,2,100,1,2,2,3,0,0,4,5,3,1,0,1,5,0,2,0,1
2020-04-10,1,0,0,5,2,0,1,1,9,0,0,4,3,5,1,0,4,4,1,9,2,1,1,1,3,0,6,1,0,4,6,3,3,6,0,1,3,1,7,1,0,0,2,1,1,215,4,107,3,1,3,1,1,1,5,5,0,0,1,2,0,0,4,0,0
2020-04-11,3,1,0,0,0,0,1,0,12,0,0,0,1,0,0,0,0,0,1,1,0,0,1,0,1,0,4,0,0,0,1,0,16,0,1,1,1,1,2,0,0,1,4,1,0,593,1,48,1,0,1,0,1,0,1,0,0,0,0,0,2,0,2,0,0
2020-04-12,0,0,0,2,3,1,0,0,11,1,1,0,1,0,0,2,0,0,1,1,1,0,2,1,0,0,1,1,1,0,2,0,11,0,2,2,0,0,2,0,0,0,6,0,0,632,0,41,2,0,0,1,1,0,2,6,2,0,1,1,0,3,0,0,0
2020-04-13,3,0,2,0,0,2,2,0,9,0,0,1,1,0,0,0,1,1,2,0,2,1,0,0,2,0,4,0,0,1,1,0,7,0,0,1,0,0,2,1,0,0,1,0,1,467,0,47,1,1,0,0,0,0,0,2,0,0,2,0,2,0,0,0,1
2020-04-14,5,0,1,2,0,0,1,0,4,0,0,1,0,0,0,1,0,0,1,0,0,0,0,0,0,0,0,0,1,2,1,0,8,2,0,1,0,2,0,2,1,0,1,0,0,463,0,39,5,0,0,0,2,0,7,0,0,0,0,3,0,0,1,0,0
2020-04-15,4,0,0,12,3,9,1,0,2,6,1,0,1,0,1,2,0,0,0,1,0,0,0,0,0,0,2,0,1,2,0,0,3,1,0,1,0,0,1,1,0,0,7,0,0,487,0,48,1,1,0,1,3,0,1,4,0,0,0,1,1,0,1,0,0
2020-04-16,1,0,1,1,0,0,0,0,1,0,0,1,1,1,1,0,0,0,0,0,0,0,0,0,2,0,2,0,1,3,2,0,4,0,0,1,0,0,0,0,0,0,3,0,0,269,0,34,0,0,4,0,0,0,1,1,0,0,0,2,2,0,0,0,0
2020-04-17,2,0,1,3,0,0,1,0,14,0,0,0,1,2,2,0,0,0,2,1,0,1,1,0,0,0,1,0,0,3,1,0,4,1,0,0,0,0,2,0,0,0,8,2,0,362,0,63,2,0,1,0,1,0,1,3,0,0,3,2,0,0,0,0,0
2020-04-18,4,0,0,1,2,1,0,0,5,2,0,0,2,2,0,0,0,2,3,0,4,0,0,0,0,0,0,1,0,2,3,0,7,0,1,1,0,0,0,0,0,0,1,0,0,380,0,58,2,0,1,1,0,0,2,1,0,0,0,1,0,0,0,0,0
2020-04-19,1,0,1,0,0,0,1,0,3,0,0,0,0,1,0,0,1,0,2,3,1,0,0,0,0,0,1,0,0,1,0,0,4,0,1,0,1,1,0,1,0,0,3,0,0,262,0,30,2,0,1,2,2,0,4,2,0,0,0,1,0,0,1,0,0
2020-04-20,3,0,1,0,0,1,1,0,19,0,3,1,2,2,1,0,1,1,2,2,2,1,1,0,1,0,0,2,0,3,2,0,9,0,0,0,0,0,4,1,0,0,12,0,4,454,0,80,1,0,1,4,0,0,4,4,0,0,1,1,0,0,0,1,0
2020-04-21,10,0,0,6,0,0,1,1,7,0,0,3,2,2,1,0,1,2,8,8,1,0,1,0,0,0,3,0,0,8,0,0,7,0,0,4,0,2,0,2,0,1,15,0,0,565,0,84,1,0,1,1,0,0,1,1,0,1,1,0,0,0,1,1,0
2020-04-22,2,1,0,7,4,1,1,0,13,0,1,0,1,0,0,0,2,1,2,1,1,6,0,0,1,1,1,0,0,8,5,0,8,0,0,1,1,0,3,1,0,0,2,0,0,548,1,69,1,0,0,1,0,0,1,6,6,6,1,2,0,0,3,0,0
2020-04-23,2,0,0,1,2,1,1,0,12,0,0,0,2,2,1,0,1,1,3,4,0,0,0,2,0,0,1,0,2,2,3,0,6,0,1,2,0,0,1,2,0,0,17,0,0,371,1,62,0,1,1,5,0,0,4,9,0,0,1,1,0,0,2,1,0
2020-04-24,4,1,0,4,1,2,1,0,13,0,0,4,3,6,4,0,2,0,4,3,2,2,1,0,0,3,0,1,0,4,0,0,1,0,0,5,1,0,3,2,0,0,6,0,2,461,0,60,1,0,1,0,0,1,1,1,5,0,0,5,4,0,3,0,1
2020-04-25,5,0,1,1,0,0,3,0,3,0,1,5,1,2,1,1,0,0,4,3,2,0,0,0,0,0,2,0,0,1,1,0,8,0,0,1,0,0,2,0,0,1,4,1,0,372,0,37,0,0,1,3,0,0,2,3,0,0,0,1,0,0,0,1,0
2020-04-26,1,0,0,1,2,1,2,0,6,0,0,1,0,2,0,0,0,2,2,2,3,0,0,0,1,0,2,1,0,5,1,0,1,1,0,1,0,2,1,1,0,0,2,1,0,277,0,42,1,0,0,2,0,0,2,1,2,0,0,1,0,1,0,0,1
2020-04-27,1,0,0,1,6,1,0,0,4,0,0,3,0,0,0,0,5,1,0,5,1,0,0,0,1,0,0,1,1,0,0,0,2,1,0,0,1,0,1,3,2,0,4,0,1,312,1,52,1,4,0,1,0,0,3,2,0,0,1,2,0,0,2,1,0
2020-04-28,1,1,0,0,1,1,2,0,7,0,0,1,0,0,1,0,0,0,1,0,0,0,0,0,1,0,1,0,0,3,0,0,3,0,0,1,1,1,0,1,0,0,3,0,0,206,2,44,0,0,0,0,0,0,1,1,1,0,0,0,0,0,3,0,0
2020-04-29,6,0,0,0,2,1,0,0,8,0,0,2,0,0,0,0,0,3,2,0,0,0,0,0,0,1,0,0,0,0,2,0,4,0,0,1,2,0,2,4,0,0,1,1,0,226,0,46,0,0,3,0,0,0,1,5,0,0,0,0,0,2,1,0,0
2020-04-30,0,0,1,0,0,0,0,1,6,0,2,2,1,0,1,0,0,2,0,2,0,0,0,0,2,0,0,1,0,1,0,0,9,0,0,0,1,0,2,0,0,0,6,0,1,260,1,45,0,0,0,2,0,0,1,2,1,0,0,0,0,0,0,0,0
2020-05-01,1,0,0,0,0,0,0,1,5,0,0,3,2,0,0,1,0,0,2,1,0,2,0,0,2,0,0,0,1,2,1,0,6,0,0,4,0,0,0,0,0,0,4,0,1,271,0,60,2,0,0,0,0,0,1,1,0,0,0,1,0,0,1,0,0
2020-05-02,3,0,0,1,0,3,0,0,4,1,0,0,0,0,0,0,3,2,3,0,1,0,0,0,0,0,2,1,0,2,0,0,3,0,1,0,0,0,2,0,0,0,4,0,0,439,0,57,4,1,1,2,0,0,0,4,1,0,0,1,0,2,1,0,0
2020-05-03,0,0,0,0,2,0,2,0,5,0,0,0,0,0,0,0,0,0,0,0,0,0,0,0,0,1,2,1,2,1,0,0,3,0,0,3,0,0,0,1,1,0,5,0,0,272,0,27,0,0,2,0,0,0,0,1,0,0,1,1,0,1,0,0,0
2020-05-04,0,0,1,1,1,0,3,0,1,0,0,0,0,3,1,0,1,1,1,0,0,1,0,0,2,0,0,0,0,1,0,0,1,0,1,2,0,0,0,2,0,0,1,0,0,233,1,41,1,0,0,0,1,0,0,1,0,0,1,0,0,0,0,0,0
2020-05-05,2,0,0,0,0,0,0,1,5,0,0,1,1,1,0,1,0,0,0,0,0,0,0,0,3,0,1,1,0,3,1,0,4,0,1,1,0,0,0,1,0,0,3,2,0,163,0,61,1,0,1,1,1,0,2,0,0,0,0,2,0,0,2,0,1
2020-05-06,0,0,0,0,1,1,2,0,9,1,0,0,0,0,1,0,0,1,1,0,0,0,0,0,0,0,2,0,0,1,3,0,1,0,0,0,0,0,0,1,0,0,2,0,0,174,0,63,2,0,0,4,0,0,1,0,0,0,5,1,0,0,2,0,0
2020-05-07,0,0,0,0,2,0,2,0,4,0,1,1,0,3,0,0,2,3,0,1,1,0,0,1,0,1,2,0,1,0,1,0,5,0,1,2,0,0,1,0,0,0,5,0,0,180,1,40,0,0,1,3,0,1,0,2,0,0,0,1,0,0,0,0,0
2020-05-08,1,0,1,1,0,1,0,0,5,0,0,2,0,2,0,1,0,1,0,0,0,0,0,0,0,0,3,0,1,1,1,1,1,3,0,0,0,0,1,3,1,0,1,0,0,172,0,32,0,0,0,0,0,0,1,0,0,0,0,1,0,0,0,0,0
2020-05-09,0,0,2,0,0,0,1,0,2,0,0,0,0,1,0,1,0,2,2,0,0,0,0,0,1,0,1,0,0,0,0,0,6,0,0,1,0,0,1,0,0,0,1,0,0,125,1,33,1,0,1,1,0,0,0,1,1,0,0,2,1,0,0,2,0
2020-05-10,2,0,1,0,2,1,0,0,5,0,0,0,4,0,0,0,0,3,0,0,0,0,1,0,0,0,0,0,0,0,0,0,5,3,1,0,0,0,1,0,0,0,6,0,0,104,1,28,1,0,0,0,1,0,0,0,0,0,0,0,0,0,0,0,0
2020-05-11,1,0,0,0,0,0,0,0,3,1,0,1,0,0,0,0,1,0,4,1,0,0,1,0,0,0,1,0,0,1,0,0,2,0,0,0,0,0,2,0,0,0,3,0,0,112,0,39,0,0,0,1,0,0,1,0,0,0,0,0,0,0,0,0,1
2020-05-12,1,1,0,0,0,0,0,0,5,0,0,1,1,0,1,0,0,3,3,1,0,2,0,0,0,0,0,0,0,1,0,1,1,0,0,2,1,0,2,0,1,0,6,0,0,163,1,44,0,0,1,0,0,0,2,0,0,0,0,1,1,0,1,0,0
2020-05-13,4,0,1,1,0,0,0,0,10,0,0,0,0,0,0,0,2,0,0,0,0,0,0,1,1,0,0,0,0,1,0,0,2,0,0,2,0,1,0,1,2,0,3,0,0,125,0,34,2,1,0,0,0,0,1,3,1,1,0,1,0,0,0,0,0
2020-05-14,2,0,0,0,2,1,1,1,0,0,1,0,0,0,0,0,0,0,4,1,0,0,0,0,0,0,2,0,0,1,0,0,1,0,1,0,0,0,2,0,0,0,3,0,0,149,0,30,0,0,1,0,0,0,3,1,0,0,3,1,0,0,0,0,0
2020-05-15,1,0,0,2,0,0,0,0,2,0,0,0,3,0,0,1,0,0,1,0,0,2,0,0,0,0,0,0,0,0,0,0,1,0,0,4,0,1,2,1,0,0,5,0,0,117,1,37,1,0,1,0,2,0,0,1,0,0,1,0,0,0,0,0,0
2020-05-16,1,0,0,0,0,0,0,0,8,0,2,0,0,0,0,0,0,3,4,0,0,0,0,0,0,0,2,0,0,2,2,0,4,0,1,3,0,0,0,0,0,1,6,0,0,169,0,35,0,0,0,0,0,0,0,1,1,0,0,5,0,0,0,0,0
2020-05-17,0,0,0,0,0,0,0,0,10,0,0,0,1,0,0,0,2,2,1,0,0,0,1,0,0,0,1,0,0,2,1,0,3,0,1,1,0,0,0,0,0,0,3,0,1,120,0,53,1,0,1,0,0,0,2,2,0,0,0,0,2,0,1,0,0
2020-05-18,1,1,0,0,0,0,0,0,10,0,0,0,0,0,0,0,0,1,7,0,0,0,0,0,0,0,0,0,0,1,0,0,2,0,0,1,0,0,5,0,0,0,0,0,0,142,0,41,1,0,1,3,0,0,0,0,0,1,0,1,0,0,6,0,1
2020-05-19,3,0,0,1,1,0,0,0,4,0,0,1,0,2,1,0,0,0,3,1,0,0,0,1,0,1,0,1,0,4,0,0,4,0,0,0,2,0,0,0,0,0,1,0,2,123,0,37,0,0,0,0,1,0,0,1,0,0,1,1,2,0,0,0,0
2020-05-20,1,0,0,0,0,0,0,0,16,0,0,1,0,0,0,0,0,2,2,2,1,0,0,0,0,0,0,0,0,0,1,0,1,0,0,2,0,0,1,0,0,0,4,0,0,131,0,33,0,0,0,1,1,1,0,0,1,0,0,1,0,0,0,0,0
2020-05-21,0,0,1,1,0,0,0,0,2,0,1,1,0,0,0,0,1,0,2,2,0,0,1,0,1,0,1,0,1,0,1,0,7,0,0,0,2,1,4,2,0,0,14,1,0,285,1,72,1,0,1,0,0,0,0,2,0,0,0,1,0,0,0,0,1
2020-05-22,1,0,0,0,0,1,0,1,8,0,0,1,1,0,1,0,1,6,2,2,0,1,0,0,0,0,1,0,0,1,1,1,6,0,2,0,1,0,1,0,0,0,2,0,0,211,0,42,0,0,2,1,1,0,0,1,0,0,0,2,0,0,1,0,2
2020-05-23,2,1,0,1,1,0,0,0,8,0,0,3,0,0,0,0,0,1,2,1,0,0,0,0,0,0,4,0,1,1,0,0,1,0,0,0,0,0,1,0,1,1,2,0,0,183,0,45,2,3,0,0,0,1,1,0,0,0,0,0,0,0,0,0,0
2020-05-24,3,0,0,0,0,0,0,0,8,0,0,0,1,0,0,0,0,0,4,2,0,0,0,0,0,1,2,0,1,1,0,0,1,0,0,0,0,0,2,2,0,0,4,0,0,173,0,60,2,1,1,2,0,0,1,0,1,1,0,0,0,2,0,0,0
2020-05-25,7,0,3,0,0,1,0,1,9,0,0,0,0,0,1,0,0,0,1,0,0,0,0,0,1,0,0,0,1,0,0,1,2,0,0,0,0,0,0,1,0,0,4,0,0,172,0,33,0,0,0,1,0,0,0,0,0,0,0,1,2,0,0,0,0
2020-05-26,3,0,1,2,0,0,0,0,3,0,0,0,1,0,1,0,0,0,4,2,0,0,1,0,1,0,1,0,0,1,1,0,7,0,0,0,0,0,0,0,0,0,4,0,0,193,0,81,1,0,1,0,0,0,1,0,0,0,1,0,2,0,0,0,0
2020-05-27,1,0,0,2,0,0,2,0,10,1,1,1,1,4,0,1,2,2,2,2,0,0,1,0,0,0,0,0,0,1,1,0,3,0,0,3,0,0,2,1,0,0,16,0,0,230,0,60,0,1,0,0,1,0,0,0,0,0,1,2,0,0,0,0,0
2020-05-28,5,0,0,2,0,0,0,0,20,0,0,0,1,2,0,0,1,0,2,2,0,0,1,0,2,0,3,0,0,0,1,0,2,0,0,0,1,0,0,1,0,0,4,1,0,250,0,60,0,0,1,4,0,0,0,3,0,0,0,2,0,1,2,0,0
2020-05-29,3,0,0,0,0,2,1,0,14,0,0,2,1,1,1,0,0,2,2,0,0,1,0,0,0,0,2,0,0,3,1,0,2,0,0,3,1,0,3,2,0,0,4,2,0,276,1,94,0,0,0,0,1,1,2,1,0,0,0,1,0,2,1,0,0
2020-05-30,3,0,1,0,0,0,1,1,8,1,1,1,0,0,0,0,1,2,5,0,0,0,1,0,3,0,1,0,0,5,2,0,1,0,1,0,1,1,0,0,0,0,4,0,0,283,0,81,1,3,1,3,0,0,0,0,0,0,1,0,0,0,0,0,0
2020-05-31,5,0,0,2,0,0,1,0,5,0,0,1,0,3,0,0,1,0,5,2,0,0,0,1,1,0,0,1,0,0,0,1,1,0,0,0,0,0,4,0,2,0,7,0,0,305,0,81,1,0,0,0,0,0,1,0,1,0,0,0,0,0,1,0,0
2020-06-01,4,0,2,1,0,0,0,0,9,0,0,2,1,0,3,0,2,0,2,0,0,0,4,0,0,0,0,1,0,2,0,0,4,0,1,0,1,3,2,0,0,0,12,0,0,268,0,89,0,0,3,2,0,0,0,1,1,0,2,2,1,0,0,0,0
2020-06-02,3,0,0,0,0,0,1,0,17,0,0,1,1,1,0,1,0,1,8,1,0,0,0,0,0,0,0,0,0,3,0,0,3,0,2,0,0,0,1,0,0,0,8,0,2,315,0,58,0,1,0,1,0,0,0,1,1,0,0,1,1,0,0,0,0
2020-06-03,6,0,0,0,1,1,1,0,14,0,0,1,0,1,2,0,1,1,1,0,1,1,1,0,2,0,0,1,1,0,3,0,3,0,0,0,0,4,1,0,0,1,7,0,0,277,0,66,1,0,4,2,0,0,4,2,0,0,1,2,0,0,0,0,0
2020-06-04,25,1,0,2,2,0,1,1,42,5,4,7,4,6,1,2,5,6,15,2,0,0,1,1,0,0,4,1,1,5,3,0,12,2,4,3,2,1,3,1,2,2,11,0,2,581,0,179,6,2,2,1,6,0,4,5,0,1,5,5,1,0,4,1,0
2020-06-05,45,2,3,11,8,4,8,2,148,5,2,12,22,18,0,0,7,19,36,11,3,2,6,2,2,2,27,3,4,19,14,1,32,1,9,32,5,2,13,5,6,1,41,1,3,1528,0,421,8,4,11,4,1,2,8,13,3,5,4,11,3,7,3,2,0
2020-06-06,19,1,2,5,3,5,4,1,106,6,3,5,3,12,2,2,4,17,11,14,5,3,2,0,0,0,7,1,1,20,11,1,25,1,4,14,3,5,11,4,4,5,52,1,1,1296,1,317,7,5,8,6,2,4,16,11,1,2,8,17,2,2,7,1,1
2020-06-07,24,3,0,9,4,1,5,2,79,0,6,4,6,14,1,3,5,21,13,12,3,12,5,3,2,2,9,4,3,6,17,0,16,3,2,31,2,5,17,1,4,1,44,2,0,1254,6,277,7,1,6,4,4,11,4,16,4,1,8,7,1,1,4,2,4
2020-06-08,23,4,2,4,12,2,2,1,57,1,2,12,11,12,1,0,8,9,18,11,0,1,2,2,4,2,3,7,2,7,12,0,23,2,5,11,2,3,10,8,3,0,30,3,0,992,3,219,3,2,10,3,3,0,6,10,4,2,15,10,3,1,1,3,0
2020-06-09,14,3,3,5,1,2,5,1,43,0,1,8,1,7,1,1,9,5,11,2,2,1,4,1,1,0,2,0,3,11,11,4,23,0,2,17,2,4,7,5,2,3,14,3,4,851,2,178,2,1,3,5,1,1,5,6,2,1,3,8,4,3,1,0,0
2020-06-10,10,9,3,3,3,5,2,0,42,0,0,6,2,2,1,0,2,5,4,5,6,0,2,0,1,0,2,1,1,3,5,0,8,4,3,5,2,1,3,2,0,0,15,2,0,600,2,96,4,0,2,1,1,0,2,1,6,1,2,5,2,8,5,1,0
2020-06-11,13,1,1,1,4,0,5,0,25,0,1,6,1,2,1,4,0,4,7,3,1,0,1,2,2,0,1,1,4,6,4,0,7,2,1,1,0,0,3,1,1,1,17,0,1,513,2,99,1,4,5,0,1,1,1,7,1,1,4,4,4,1,3,0,1
2020-06-12,12,3,2,6,2,1,3,2,36,1,0,4,6,1,1,0,6,1,4,3,0,0,2,0,0,1,1,3,0,11,4,1,9,1,1,2,2,0,5,3,0,2,15,1,0,489,1,107,4,1,4,3,1,0,2,3,3,4,2,4,0,2,2,0,0
2020-06-13,6,0,2,2,2,2,0,4,32,1,0,1,7,5,1,0,1,10,2,1,0,0,1,0,0,0,3,0,2,3,1,0,7,2,0,2,1,2,4,1,1,0,6,0,1,447,1,73,1,0,5,4,1,0,4,8,3,0,2,7,0,1,2,0,1
2020-06-14,6,1,1,4,2,5,1,2,24,1,1,3,0,10,1,3,3,6,7,6,2,2,1,1,0,0,0,1,3,7,3,0,3,0,7,1,1,1,5,1,0,1,17,0,1,457,3,92,2,1,5,1,0,0,3,4,3,1,1,6,0,0,1,3,0
2020-06-15,12,3,1,5,1,1,5,0,18,0,0,4,3,2,1,4,0,10,8,1,4,1,2,0,0,0,0,6,2,7,3,0,3,1,1,3,0,1,6,1,0,0,21,0,2,505,1,93,0,2,3,3,4,0,2,3,3,0,3,2,1,1,4,1,0
2020-06-16,7,0,0,5,0,1,3,5,15,1,1,3,1,1,1,3,2,2,8,1,2,1,0,0,2,0,4,4,2,3,4,0,3,0,2,1,0,15,7,3,1,0,11,1,3,430,2,97,0,0,8,0,1,0,2,11,0,0,3,4,4,1,3,3,0
2020-06-17,11,1,1,5,2,2,9,0,16,2,1,7,4,2,1,2,3,3,5,4,1,0,0,1,1,0,1,1,1,4,3,0,7,0,0,4,4,2,7,1,1,0,10,2,0,418,1,68,2,0,4,4,0,2,3,2,2,2,1,5,4,1,6,0,0
2020-06-18,12,8,1,5,5,0,9,3,81,3,3,6,11,9,3,2,16,11,12,13,3,3,2,2,3,0,7,1,3,17,25,0,17,4,9,13,2,2,9,4,2,1,36,7,3,1117,3,252,8,1,4,4,10,6,17,12,4,3,3,7,16,9,17,0,0
2020-06-19,16,0,1,2,6,1,6,0,25,0,0,2,4,3,0,1,1,11,10,2,3,1,5,1,1,0,1,2,0,2,11,1,13,1,11,5,1,7,6,1,4,0,18,2,0,709,1,142,2,1,8,0,7,2,1,11,1,3,2,6,0,2,11,2,0
2020-06-20,9,2,0,2,2,1,1,1,13,3,0,5,1,7,2,8,1,7,6,1,1,1,1,0,0,1,8,0,3,6,4,1,13,0,1,7,1,3,2,1,0,0,10,2,1,592,2,120,0,5,4,2,5,0,2,8,2,2,5,16,0,2,4,1,0
2020-06-21,5,1,1,4,2,1,1,0,11,0,1,3,3,1,1,2,0,2,5,7,1,0,1,0,4,0,1,0,1,1,9,1,6,1,1,6,3,0,2,2,1,1,14,1,0,370,3,78,2,0,2,5,3,0,0,2,1,1,0,2,0,0,1,0,0
2020-06-22,13,0,2,6,1,2,2,1,12,0,2,11,4,2,0,1,2,7,3,4,2,3,0,1,1,1,0,0,1,6,2,3,7,1,0,8,5,2,3,2,3,0,4,1,0,465,1,84,1,2,0,0,3,0,6,5,0,0,11,6,0,0,5,0,0
2020-06-23,5,0,1,9,1,0,0,0,11,1,1,2,2,0,1,1,3,4,6,2,3,1,1,0,1,2,2,1,1,6,5,1,2,2,12,5,0,1,3,1,0,0,13,2,2,396,2,69,0,0,1,1,2,1,1,3,2,1,4,4,0,1,4,0,0
2020-06-24,3,2,1,2,1,0,5,0,16,1,0,7,5,4,0,1,2,1,3,7,1,0,2,0,0,1,1,0,1,0,3,0,4,0,1,2,0,1,1,2,0,0,3,1,1,369,3,62,1,1,2,2,0,1,1,4,0,1,7,1,2,1,4,1,0
2020-06-25,10,5,2,1,5,0,0,2,12,0,0,1,4,3,1,1,0,3,1,1,3,0,0,0,2,0,0,0,1,3,2,0,2,0,1,0,1,0,1,1,0,1,6,1,0,296,1,52,1,1,2,0,0,0,2,2,1,0,4,1,2,0,3,0,0
2020-06-26,1,0,1,0,0,0,4,1,21,0,2,7,3,2,0,0,0,2,5,3,1,1,4,1,0,0,0,0,3,4,2,0,3,0,3,5,3,3,0,3,2,0,7,0,3,307,0,45,1,0,2,0,2,0,0,2,0,2,5,2,0,0,0,0,0
2020-06-27,7,0,1,1,2,0,3,0,26,0,0,5,3,1,0,0,1,4,2,3,1,1,3,0,0,0,1,1,0,6,2,0,1,0,3,2,0,2,1,0,0,0,6,3,0,294,0,38,0,0,5,2,1,0,2,1,0,1,1,1,0,1,1,0,0
2020-06-28,9,0,0,3,1,0,2,1,7,1,0,4,4,1,0,0,1,0,2,7,1,0,4,0,0,0,3,0,0,6,6,1,3,0,0,3,0,0,3,0,1,0,8,0,0,240,0,48,1,0,3,1,2,2,1,1,0,2,3,3,2,2,4,0,0
2020-06-29,4,1,0,1,3,0,3,0,4,2,0,5,3,3,1,0,0,0,3,1,2,0,0,0,0,1,1,0,2,3,1,0,7,2,1,2,1,0,0,0,0,0,3,0,0,256,2,50,1,0,4,1,1,0,1,0,0,0,7,2,4,2,1,3,1
2020-06-30,10,0,1,3,2,1,0,1,13,1,0,0,1,3,0,1,3,1,2,0,2,1,2,0,0,1,0,0,1,2,3,0,2,0,0,2,1,1,2,1,2,1,4,0,1,222,1,44,3,0,4,1,2,0,0,5,0,1,5,0,0,0,4,0,1
2020-07-01,8,0,1,1,0,0,1,0,4,1,0,1,3,0,0,0,0,6,2,2,1,0,0,0,1,0,0,0,1,2,4,0,4,0,2,2,0,1,2,0,0,0,4,1,0,165,1,29,0,0,1,1,1,1,0,0,0,2,4,1,0,0,2,3,0
2020-07-02,5,0,0,0,2,0,2,0,4,1,0,0,4,0,0,0,1,9,3,2,2,0,0,0,0,1,1,0,1,0,7,1,0,0,0,2,0,1,0,1,0,1,4,0,0,187,2,27,0,2,0,1,0,0,3,1,1,0,2,8,0,0,1,0,0
2020-07-03,2,0,0,0,1,0,0,0,10,0,1,0,7,2,1,0,0,1,4,2,0,0,0,1,0,0,1,2,2,3,3,0,4,0,0,0,1,1,0,0,0,0,0,2,0,153,1,33,0,0,0,0,0,0,3,2,0,0,0,0,0,0,0,0,0
2020-07-04,5,0,0,1,2,1,0,3,3,0,1,0,2,1,0,0,0,0,2,1,2,2,0,0,0,0,3,0,0,4,2,0,1,0,0,3,1,0,1,0,3,0,2,0,0,181,0,64,0,0,0,2,0,0,2,0,1,0,1,3,0,0,2,0,0
2020-07-05,3,0,0,0,2,1,1,0,9,0,0,0,4,2,0,0,1,1,1,1,1,0,1,1,1,0,0,1,0,0,0,0,4,0,0,2,0,1,2,1,0,0,1,1,1,168,2,43,0,0,2,3,1,0,0,2,4,0,1,1,1,0,1,0,0
2020-07-06,4,0,0,1,0,0,0,1,4,0,2,3,3,0,1,1,0,1,3,0,2,1,1,1,1,0,0,0,0,5,2,0,4,0,0,1,1,0,2,0,1,1,6,0,0,177,0,28,0,2,1,2,1,0,2,2,0,0,1,0,9,1,5,0,1
2020-07-07,3,0,1,0,1,0,1,1,2,0,1,0,1,0,0,2,0,3,1,0,0,1,0,0,4,0,2,0,0,4,3,0,3,0,1,1,5,0,0,0,1,1,4,0,0,191,0,24,2,0,0,3,1,0,3,4,0,0,0,1,1,0,1,3,0
2020-07-08,4,0,0,0,3,0,1,0,10,0,0,3,1,1,0,1,0,3,3,1,0,0,3,0,2,0,1,1,0,0,4,0,8,0,0,2,0,1,0,1,0,0,3,0,0,159,0,27,0,0,2,0,4,0,0,4,1,1,2,0,1,0,1,2,0
2020-07-09,1,0,0,1,0,1,2,1,8,1,0,0,2,1,0,0,0,3,5,1,0,0,1,0,2,0,0,1,0,2,2,0,5,0,0,0,1,0,2,1,0,0,2,2,0,169,0,31,0,1,1,0,3,0,1,2,0,0,1,1,0,0,2,0,0
2020-07-10,1,0,0,0,0,1,1,0,4,0,0,0,6,0,1,0,0,0,0,3,0,0,1,0,0,0,0,2,0,2,1,0,0,0,0,0,0,3,1,0,1,0,1,0,0,143,0,23,1,1,1,1,0,0,0,0,0,1,6,0,2,0,1,0,0
2020-07-11,1,2,1,0,0,1,0,0,6,1,0,1,1,0,0,0,0,1,0,1,0,1,1,0,0,0,0,2,0,0,1,0,0,0,0,0,0,1,0,1,0,0,0,0,0,145,0,34,2,0,0,0,0,0,2,2,0,0,1,0,0,0,3,0,0
2020-07-12,3,0,0,1,0,1,0,1,1,0,3,0,5,0,1,0,1,0,3,2,1,0,1,0,0,0,0,0,0,1,3,1,7,0,0,0,0,1,0,0,0,0,2,0,0,155,2,20,1,1,0,0,0,0,3,0,0,0,1,0,0,3,1,0,0
2020-07-13,4,0,0,2,0,0,2,1,8,0,1,1,0,3,0,0,0,1,0,2,3,0,0,1,0,0,0,8,0,1,1,0,1,0,0,0,1,1,0,2,0,0,2,1,0,155,2,30,1,1,0,0,0,0,0,1,0,1,0,4,0,2,2,0,0
2020-07-14,1,0,1,0,1,0,1,0,4,0,0,1,0,0,0,0,0,1,4,1,0,0,0,0,0,0,2,0,0,3,2,0,2,1,0,0,0,0,1,1,1,0,4,1,0,138,1,30,2,0,0,2,0,0,2,0,0,0,1,0,0,0,0,0,1
2020-07-15,2,0,0,0,0,0,0,0,1,0,0,0,2,0,0,0,0,0,0,2,0,1,0,0,0,0,1,0,0,1,2,0,0,0,3,1,1,0,0,0,0,0,0,0,1,221,0,14,0,0,1,1,0,0,0,0,1,1,1,2,0,0,0,0,0
2020-07-16,0,0,0,1,0,0,0,0,0,0,0,0,0,0,0,0,0,1,0,1,1,0,0,0,0,0,0,1,1,0,0,1,0,0,0,0,0,0,2,1,0,0,0,0,0,187,0,14,1,0,1,0,0,0,1,0,0,0,0,0,1,1,0,0,0
2020-07-17,0,1,0,0,7,1,0,0,1,0,0,1,0,0,0,0,0,0,0,0,1,0,0,0,0,0,0,0,0,1,0,0,1,0,0,0,0,0,0,0,0,0,1,0,1,174,0,15,1,0,0,1,0,0,0,0,0,0,0,0,0,0,0,0,0
2020-07-18,1,0,0,0,5,0,1,0,1,0,0,0,0,0,0,1,0,0,0,1,0,0,0,0,0,0,0,1,0,0,1,0,0,0,0,1,0,0,0,0,0,1,1,0,0,179,0,9,1,0,0,1,0,0,0,0,0,0,0,0,1,0,1,0,0
2020-07-19,1,2,0,0,1,0,0,0,2,0,0,0,0,0,0,0,0,0,0,0,0,1,0,0,0,0,0,0,0,0,1,0,1,0,0,0,0,0,0,1,0,0,0,0,0,163,0,17,2,0,1,0,0,0,1,0,0,1,0,1,0,0,0,0,1
2020-07-20,1,0,0,3,0,2,0,0,6,0,0,1,0,0,0,0,1,0,0,1,0,0,0,0,0,0,0,0,0,1,2,0,2,0,0,1,0,1,0,0,0,0,1,0,0,179,0,9,0,0,0,0,0,0,1,0,0,0,1,0,2,0,0,0,0
2020-07-21,2,0,0,2,0,0,0,0,2,0,1,0,1,0,0,0,0,1,0,0,0,2,0,0,0,0,0,0,0,1,1,0,0,0,0,1,0,2,0,0,0,1,0,2,0,143,0,12,0,1,1,2,0,0,0,0,0,0,0,0,0,0,0,0,0
2020-07-22,2,0,0,1,0,0,0,1,0,0,0,0,0,0,0,0,0,0,1,1,0,1,0,0,0,0,0,0,0,2,1,0,1,0,0,0,0,0,1,0,0,0,2,0,0,144,0,10,1,0,0,0,0,0,0,0,0,0,0,0,0,0,0,0,0
2020-07-23,1,0,0,1,0,3,3,0,0,0,0,1,1,0,0,0,0,1,1,1,1,0,1,0,0,0,0,0,0,0,0,0,1,0,0,0,0,0,0,0,0,0,1,0,0,158,0,17,1,0,0,0,2,0,0,0,0,0,0,0,0,0,0,1,0
2020-07-24,1,0,0,2,0,0,0,0,1,1,0,0,2,0,1,0,0,1,2,1,0,1,0,0,0,0,0,0,0,2,0,0,0,0,1,1,0,0,0,0,0,0,1,1,0,142,0,18,1,0,0,1,0,1,0,0,0,0,0,0,0,0,0,0,0
2020-07-25,1,0,0,1,0,0,0,0,2,0,1,0,1,0,0,0,0,0,1,0,1,0,0,0,0,0,0,0,0,1,0,0,3,0,0,0,1,0,0,0,0,0,0,0,0,163,0,15,1,0,0,0,1,0,0,0,0,0,0,0,0,0,1,1,0
2020-07-26,2,0,0,0,3,0,0,1,1,0,0,0,0,0,0,0,0,0,1,0,0,0,0,0,1,0,0,0,0,3,0,0,0,0,0,0,0,0,0,0,1,1,2,0,0,172,0,11,0,1,0,1,0,0,0,0,0,0,0,0,0,0,0,1,0
2020-07-27,0,0,0,0,0,0,0,0,1,0,0,0,1,0,0,0,1,0,0,0,0,0,0,0,0,0,2,0,0,0,0,0,1,0,0,0,0,0,0,0,0,0,2,0,0,136,0,7,0,1,0,1,0,0,0,0,0,0,0,0,0,0,1,0,0
2020-07-28,2,0,0,0,0,0,0,0,1,0,0,0,0,0,0,0,0,0,1,0,1,0,1,0,0,0,0,0,0,1,0,0,0,0,0,0,0,0,1,0,0,1,0,0,0,132,1,12,0,0,0,0,0,0,0,1,1,0,2,1,0,0,0,0,0
2020-07-29,1,1,0,0,0,0,0,0,1,0,0,0,1,0,0,0,1,0,1,0,0,0,0,0,0,0,0,0,1,1,0,0,0,0,0,0,0,0,1,0,0,0,1,0,0,121,1,9,1,0,1,0,0,0,0,0,1,1,0,1,0,0,0,0,0
2020-07-30,0,0,0,1,0,0,0,0,0,0,0,0,0,0,0,0,0,0,1,0,0,0,0,0,0,1,0,1,0,1,0,0,1,0,0,0,0,1,0,0,0,1,0,0,1,100,1,11,2,0,1,3,0,0,0,0,0,0,1,0,0,0,0,0,0
2020-07-31,0,0,0,0,0,0,0,0,0,0,0,0,0,0,0,0,0,0,0,0,0,0,0,0,0,0,0,0,0,0,0,0,2,0,0,0,0,1,0,0,1,0,0,0,0,102,0,8,0,0,0,0,1,0,0,0,0,0,0,0,0,1,0,1,0
2020-08-01,0,0,0,0,0,0,0,0,1,0,0,0,0,0,0,1,1,0,1,1,0,0,0,0,0,0,0,0,0,0,0,0,1,0,1,0,1,0,0,0,0,0,0,0,0,108,0,11,1,2,0,0,0,0,0,0,0,0,0,0,0,0,0,0,0
2020-08-02,1,0,0,0,0,0,0,0,0,0,0,1,1,0,0,1,0,2,1,0,1,0,0,1,1,0,0,0,0,0,3,0,1,0,1,0,0,0,0,0,0,0,1,0,0,117,0,10,0,0,0,1,0,0,0,0,0,0,0,0,0,0,0,0,0
2020-08-03,0,0,0,1,1,0,0,0,1,0,1,0,1,0,0,0,0,0,0,2,1,0,0,0,0,0,0,0,0,1,0,0,1,0,0,0,1,0,0,0,0,0,2,0,0,137,0,7,0,1,1,0,0,0,0,2,0,0,1,1,0,0,0,0,0
2020-08-04,0,0,0,0,0,0,0,0,0,0,0,1,0,0,0,0,0,0,0,0,0,0,0,0,0,0,0,0,0,0,0,0,2,0,0,1,0,0,1,0,0,0,0,0,1,154,0,22,0,0,1,0,0,0,0,0,0,0,1,1,0,0,0,0,1
2020-08-05,0,0,0,0,2,1,0,0,1,0,1,2,0,0,0,0,0,0,3,3,0,0,0,1,0,0,0,0,0,1,2,0,0,0,0,0,0,2,0,0,0,0,1,0,0,126,0,11,0,0,0,0,0,1,0,0,0,0,1,0,0,2,0,0,1
2020-08-06,0,0,1,0,0,0,0,0,2,0,1,0,0,0,0,0,0,0,1,0,0,0,0,0,0,0,0,0,0,0,0,0,1,0,0,1,0,0,0,0,0,0,0,0,0,139,0,11,0,0,2,0,0,0,0,0,0,0,0,0,0,0,0,1,1
2020-08-07,0,1,0,0,2,2,0,1,4,0,1,0,0,0,1,1,0,1,0,0,0,0,0,0,0,0,0,0,0,0,0,0,0,0,0,0,0,0,0,1,0,0,0,0,1,133,0,7,0,0,0,0,0,0,1,1,1,0,0,0,0,0,0,0,3
2020-08-08,1,0,0,0,4,1,1,0,0,1,1,0,0,0,0,0,0,0,0,1,0,0,0,0,0,0,0,0,0,0,1,0,0,0,1,0,0,0,0,1,1,2,0,0,0,119,0,10,0,0,1,1,0,0,0,0,2,0,0,0,0,0,0,0,1
2020-08-09,1,0,0,0,2,1,0,0,1,1,0,0,1,0,0,1,0,0,0,2,0,0,0,0,3,0,1,0,0,0,0,0,1,0,0,0,0,0,0,0,0,0,1,0,0,102,0,17,0,0,0,1,0,0,0,1,0,0,0,0,0,0,0,0,0
2020-08-10,1,0,0,0,0,0,0,0,3,0,1,0,0,1,0,0,0,0,1,1,0,0,0,0,0,0,0,2,0,0,0,0,1,0,0,0,0,0,0,0,0,0,0,0,0,145,0,16,0,0,1,1,0,0,0,0,0,0,0,0,0,0,0,0,0
2020-08-11,0,1,1,1,1,0,0,0,1,0,2,0,0,0,0,0,0,0,0,0,0,0,0,0,0,0,0,0,0,0,0,0,1,0,0,2,1,0,0,0,1,0,0,2,0,147,1,8,0,0,1,0,0,0,0,0,1,0,0,0,1,1,0,0,0
2020-08-12,0,0,0,0,0,0,0,0,0,0,2,0,0,0,0,0,0,1,1,1,0,0,1,0,1,0,0,0,0,0,0,0,0,0,1,0,0,0,0,0,0,0,2,0,0,118,0,16,0,0,0,0,0,0,0,0,0,0,0,0,0,0,0,0,0
2020-08-13,1,0,0,0,1,0,0,0,1,0,0,0,1,0,0,0,0,2,1,1,0,0,0,0,0,0,0,0,1,1,0,0,1,0,1,1,0,0,0,1,0,0,1,0,0,125,0,10,1,0,1,2,1,0,0,0,0,0,0,0,0,0,1,0,0
2020-08-14,1,0,0,0,2,0,0,0,0,1,1,1,0,1,0,0,0,0,0,0,0,0,0,0,1,0,0,0,0,0,0,0,1,0,0,1,0,0,1,0,0,1,1,0,0,96,0,11,0,0,2,1,1,0,0,0,0,0,0,0,0,0,0,0,0
2020-08-15,0,0,0,0,0,0,1,0,0,0,1,1,0,0,0,0,0,0,1,0,0,0,0,0,0,0,0,0,0,0,0,0,0,0,0,0,2,0,0,1,0,0,0,0,0,93,0,7,0,0,0,0,0,0,0,1,0,0,0,0,0,0,0,0,0
2020-08-16,0,0,0,0,1,0,0,0,0,0,0,0,0,0,0,0,0,0,0,0,0,0,0,0,0,1,1,0,0,0,2,0,1,0,0,0,3,0,0,0,0,0,1,0,0,108,1,10,0,0,0,1,0,0,1,0,0,0,0,0,0,0,2,0,1
2020-08-17,0,0,0,1,0,0,0,0,1,0,0,0,0,0,0,0,0,0,1,0,0,0,0,0,0,0,1,0,0,1,1,0,1,0,0,0,1,0,0,0,1,0,0,0,0,88,0,11,0,0,0,0,0,0,1,0,0,0,1,0,0,0,0,0,1
2020-08-18,3,0,0,0,0,0,2,0,0,0,0,0,0,1,0,0,0,0,0,1,0,0,0,0,0,0,1,0,0,0,0,0,0,0,0,0,0,0,0,0,0,0,2,0,1,106,0,10,0,0,1,0,0,0,0,0,0,0,1,0,0,0,0,0,0
2020-08-19,0,0,0,1,0,0,0,0,0,0,0,0,0,0,0,0,0,0,0,1,0,0,2,0,0,0,0,0,0,6,0,0,1,0,0,0,1,0,1,1,0,0,0,0,0,116,0,14,1,3,0,0,0,0,0,0,0,1,0,0,0,0,1,0,0
2020-08-20,0,0,0,0,0,0,0,0,0,0,0,0,0,0,0,0,0,0,0,2,0,0,0,0,0,0,1,0,1,0,0,0,0,0,0,2,0,0,0,0,1,0,0,0,0,91,0,10,0,0,0,0,0,0,0,0,0,0,0,1,0,0,0,0,0
2020-08-21,0,0,0,0,0,0,0,0,0,0,0,0,0,0,0,0,0,0,1,0,1,1,0,0,0,0,1,0,0,0,0,0,0,0,0,0,3,0,0,0,0,0,0,0,0,97,0,5,0,0,0,0,0,0,0,0,0,1,1,0,0,0,1,0,0
2020-08-22,0,0,0,1,0,0,0,0,0,0,0,0,2,0,0,1,0,0,0,0,0,0,0,0,0,0,0,1,0,1,1,0,1,0,0,0,0,0,3,0,0,1,0,0,0,103,1,13,0,0,2,0,0,0,0,0,1,0,0,1,0,0,0,1,0
2020-08-23,1,0,0,0,0,0,0,0,0,0,0,0,0,0,0,0,0,1,0,0,0,0,0,0,0,0,0,0,0,1,0,0,0,0,0,0,0,0,0,0,0,0,2,0,0,108,0,16,1,0,0,0,0,0,1,0,0,0,0,0,0,0,0,0,0
2020-08-24,0,0,0,0,0,0,0,1,0,0,0,0,0,0,0,0,1,0,1,0,0,0,0,0,0,1,0,0,0,0,0,0,0,0,0,0,0,0,0,0,0,0,0,0,0,85,0,21,0,0,0,1,0,0,0,2,0,0,0,0,0,0,0,1,0
2020-08-25,0,0,0,0,1,0,0,0,1,0,0,1,0,0,0,0,0,1,0,0,0,0,0,1,0,0,0,0,0,0,1,0,1,0,1,0,0,0,0,0,2,0,0,0,0,105,0,14,0,0,0,0,0,0,0,0,0,0,1,0,0,0,2,0,0
2020-08-26,1,0,0,0,0,0,0,0,2,0,0,0,0,0,0,0,0,1,0,0,0,0,0,0,0,0,0,0,0,1,0,0,1,0,0,0,2,1,0,0,2,0,0,0,0,94,0,23,0,0,0,0,0,0,0,2,0,0,0,0,0,0,0,0,0
2020-08-27,1,0,0,0,0,0,0,0,0,1,0,0,0,0,2,0,0,0,0,0,0,0,0,0,0,0,0,0,0,0,0,0,0,0,0,1,0,0,0,0,2,0,1,0,0,124,0,9,1,0,2,0,0,0,0,0,0,0,0,0,0,0,1,0,0
2020-08-28,0,0,0,0,0,0,0,1,0,0,0,0,1,0,0,0,0,4,0,0,0,0,0,0,0,0,0,0,0,0,0,0,0,0,0,0,0,0,1,0,0,0,0,0,0,125,0,15,0,0,0,0,1,0,0,0,0,0,0,0,0,0,0,1,0
2020-08-29,0,0,0,0,0,1,0,0,0,0,0,0,1,0,1,0,0,0,0,0,0,0,0,0,0,0,2,0,0,0,1,0,2,0,0,1,0,0,0,0,0,0,0,0,0,135,0,27,0,1,0,0,0,0,0,0,0,0,0,0,0,0,0,0,0
2020-08-30,1,0,0,0,0,1,0,0,1,0,0,0,0,0,0,0,0,0,2,0,1,0,0,0,1,0,0,0,0,0,0,0,1,0,0,0,0,1,0,2,0,2,0,0,0,129,0,19,0,0,0,0,0,0,0,0,0,0,1,0,0,0,0,0,0
2020-08-31,1,0,0,0,1,0,0,0,0,0,1,0,0,0,0,0,0,3,1,0,0,0,0,0,0,1,1,0,0,0,0,0,1,0,0,0,0,0,0,1,0,2,1,0,0,130,0,33,0,0,0,0,0,1,0,0,0,0,0,0,0,0,1,0,0
2020-09-01,0,0,0,0,2,0,1,0,2,0,0,0,0,0,0,0,0,0,0,0,0,0,0,0,0,0,0,0,0,0,0,0,1,0,0,0,0,0,0,0,0,0,0,0,2,146,0,16,0,1,1,1,0,0,0,0,0,0,0,0,0,0,0,0,0
2020-09-02,1,0,0,0,0,0,1,0,1,0,0,1,0,2,0,0,0,0,0,0,0,1,0,0,1,0,0,0,0,0,0,0,0,0,0,0,0,0,0,0,0,0,1,0,0,115,0,20,0,0,1,0,1,0,0,0,0,0,0,4,0,0,0,0,0
2020-09-03,0,0,0,1,0,0,0,0,0,0,0,1,0,1,0,0,1,1,1,0,0,0,0,0,0,0,0,0,0,0,0,0,0,0,0,1,0,0,0,2,0,0,1,0,0,115,0,21,0,0,1,0,0,0,0,0,0,0,0,0,0,0,0,0,0
2020-09-04,2,0,0,3,0,0,0,0,0,0,0,0,0,2,0,0,0,0,1,1,0,1,0,0,0,1,1,0,0,1,0,0,1,0,0,0,1,0,0,0,0,0,0,0,0,149,0,14,1,0,0,0,0,0,0,0,1,0,0,1,0,0,0,0,0
2020-09-05,1,1,0,0,0,0,0,0,1,1,0,0,0,0,0,1,0,0,0,0,0,0,0,0,0,0,0,0,0,1,1,0,1,0,0,2,0,0,0,1,0,0,2,0,0,126,0,18,0,0,1,1,2,0,1,0,0,0,1,1,1,0,0,0,0
2020-09-06,0,0,0,0,0,0,0,0,4,0,0,0,0,0,0,0,1,0,0,0,0,0,0,0,0,0,1,0,0,0,0,0,1,0,0,0,0,0,1,0,0,0,0,0,0,138,0,19,0,0,0,0,0,0,0,0,0,0,1,0,0,0,0,0,0
2020-09-07,2,0,0,1,0,0,0,0,1,0,0,0,0,0,0,0,0,1,1,1,0,0,0,0,0,0,0,0,0,1,1,0,2,0,0,1,0,0,0,0,0,0,1,0,0,112,0,17,0,0,0,1,0,0,0,0,0,0,1,0,1,0,0,0,0
2020-09-08,0,0,0,0,0,0,0,0,2,0,0,0,0,0,0,0,0,0,0,0,0,0,0,0,0,0,0,0,1,1,1,0,1,0,0,0,0,0,0,0,0,0,1,0,1,149,0,22,0,0,0,0,0,0,0,1,0,0,0,1,0,0,0,0,0
2020-09-09,0,0,0,1,0,0,0,0,1,0,0,0,0,0,0,0,0,0,3,0,0,0,0,0,0,0,0,0,0,1,2,0,1,0,0,0,0,0,1,0,0,0,1,0,0,119,0,20,0,0,1,0,0,0,0,0,0,0,0,0,0,0,0,0,0
2020-09-10,0,0,0,0,0,0,0,0,6,0,0,1,0,0,0,0,0,0,0,1,1,0,0,1,0,0,0,0,0,0,0,0,1,0,0,0,0,0,0,0,0,0,2,0,0,105,0,15,0,0,0,1,0,0,0,0,0,0,0,0,1,0,0,0,0
2020-09-11,0,0,0,0,0,3,0,0,1,0,0,0,0,0,0,0,0,0,1,0,0,0,0,0,0,0,0,0,0,0,0,0,0,0,0,1,0,0,0,0,0,0,0,0,0,102,0,9,0,1,0,2,0,0,0,0,0,0,0,0,0,0,0,0,0
2020-09-12,0,0,0,2,0,0,0,0,1,0,0,0,0,0,0,1,0,0,3,0,0,0,0,0,0,0,0,0,0,0,0,0,0,0,0,0,0,0,1,0,0,1,1,0,0,67,0,11,0,0,0,0,0,0,1,1,0,0,0,0,0,0,0,0,0
2020-09-13,0,0,0,0,1,0,0,0,2,0,0,0,0,0,0,0,0,2,0,0,0,0,0,0,0,0,0,0,0,0,0,0,0,0,0,0,0,0,0,0,0,0,1,0,1,77,0,6,0,0,0,0,0,0,0,0,0,0,0,0,0,0,0,0,0
2020-09-14,0,0,1,1,0,1,0,0,1,0,0,1,0,0,0,0,0,0,0,0,0,0,0,0,1,0,0,0,0,2,1,0,0,0,0,0,2,0,0,0,0,0,0,0,0,75,0,4,0,1,0,0,0,0,0,2,1,0,0,0,1,0,0,0,0
2020-09-15,0,0,0,0,0,0,1,0,0,0,0,0,1,0,0,0,0,0,1,0,0,0,0,1,0,0,0,0,0,0,1,0,0,0,0,0,1,0,0,0,0,0,0,0,0,75,0,8,1,1,0,0,0,0,1,1,0,0,1,0,0,0,0,0,0
2020-09-16,0,0,0,0,0,0,0,0,1,0,0,0,0,0,0,0,0,1,2,0,0,0,0,0,0,0,0,0,0,0,2,0,0,0,0,0,1,0,0,0,1,0,0,0,0,76,0,18,4,0,0,0,0,1,1,0,1,0,0,0,2,0,0,0,0
2020-09-17,0,0,0,0,0,0,0,0,2,1,0,0,0,1,0,0,0,0,1,0,0,0,0,0,0,0,1,0,0,0,0,0,1,0,0,0,0,0,2,0,1,0,0,2,0,89,0,12,0,0,0,0,0,0,1,0,0,1,2,0,0,0,0,2,0
2020-09-18,0,1,0,1,1,0,1,0,1,0,1,0,0,0,0,0,0,1,0,0,0,0,0,0,1,0,0,0,0,1,0,0,0,0,0,0,0,0,0,0,0,0,2,0,0,88,0,8,0,0,0,0,1,0,0,1,0,0,2,0,0,0,0,0,0
2020-09-19,0,0,0,0,0,0,0,0,0,0,0,0,0,0,0,0,0,0,0,2,0,0,0,0,1,0,0,0,1,0,2,0,0,0,0,0,0,0,1,0,0,0,0,0,0,61,0,2,0,0,0,0,0,0,0,0,0,0,0,0,0,0,1,0,0
2020-09-20,0,0,1,0,1,1,0,0,1,0,0,2,0,0,0,0,0,0,0,1,0,0,0,0,0,0,0,1,0,0,0,0,1,0,0,0,0,0,0,0,0,0,1,0,0,71,0,9,0,0,0,0,0,0,0,0,0,0,0,1,0,0,0,0,0
2020-09-21,0,0,0,0,1,0,0,1,0,0,1,0,0,0,0,0,0,0,1,0,0,0,0,0,0,0,1,0,0,0,0,0,1,0,0,1,0,1,0,0,0,0,1,0,0,68,0,7,0,0,2,1,0,0,0,0,0,0,0,1,2,0,0,0,0
2020-09-22,0,0,1,0,0,0,0,0,2,0,0,0,0,0,0,2,0,1,0,0,0,0,0,0,0,0,0,0,0,0,0,0,0,0,0,0,0,0,0,0,0,0,0,0,0,69,0,6,0,0,0,0,0,0,0,1,0,0,0,0,0,2,0,0,0
2020-09-23,0,0,0,1,0,0,0,0,0,0,0,0,0,0,0,0,0,1,0,0,0,0,0,0,0,0,0,0,0,0,0,0,1,0,0,0,2,0,0,1,0,0,1,0,0,39,1,5,0,0,1,0,0,0,0,0,0,0,0,0,0,0,0,0,0
2020-09-24,0,0,0,0,0,0,0,0,0,0,0,0,0,1,0,0,0,1,0,2,0,0,0,0,2,0,0,0,0,0,0,0,0,0,0,1,0,0,1,0,0,0,0,0,0,70,0,3,1,0,0,1,0,0,0,1,0,0,0,0,0,0,0,0,0
2020-09-25,0,0,1,1,0,0,0,0,0,0,0,0,1,0,1,0,0,0,0,0,0,0,0,0,0,0,0,0,0,0,0,0,0,0,0,0,0,0,0,0,0,1,0,0,0,63,0,8,0,0,0,0,0,0,0,0,0,0,0,0,0,0,0,0,0
2020-09-26,0,0,0,0,0,0,0,0,0,0,0,0,0,0,0,0,1,0,0,0,0,0,0,0,0,0,0,0,0,0,0,0,1,0,0,0,1,0,0,0,0,0,0,0,0,39,0,12,0,0,0,0,0,0,0,0,0,0,0,0,0,0,1,0,0
2020-09-27,0,0,0,0,0,0,0,0,0,0,0,0,0,0,0,0,0,0,0,0,0,1,0,0,0,0,0,0,0,1,0,0,0,0,0,2,0,0,0,0,0,0,0,0,0,54,0,3,0,0,0,0,0,0,0,0,1,0,0,0,0,0,0,0,0
2020-09-28,1,0,0,0,0,0,0,0,0,0,0,0,1,0,0,0,0,0,0,1,0,0,0,0,0,0,0,0,0,0,0,0,0,0,0,0,0,0,0,0,0,0,0,0,0,51,0,7,0,0,0,0,0,0,0,0,0,0,1,0,0,0,0,0,0
2020-09-29,2,0,1,0,0,0,0,0,0,0,0,0,0,0,0,0,0,0,0,0,0,1,0,0,0,1,0,0,0,0,0,0,0,0,0,0,0,0,0,0,0,0,0,0,0,51,0,9,0,0,0,0,0,0,1,0,0,0,0,0,0,0,0,0,0
2020-09-30,0,0,1,0,0,0,1,0,0,0,0,0,0,3,0,0,0,0,0,0,0,0,0,0,0,0,0,0,0,0,1,0,1,0,0,0,0,0,0,0,0,0,0,0,0,46,0,8,1,0,0,0,0,0,0,0,0,0,0,0,0,0,0,0,0
2020-10-01,1,0,2,0,2,0,0,0,0,0,0,0,0,1,0,0,0,0,0,1,0,0,0,0,0,0,0,0,0,1,0,0,0,0,0,0,0,0,1,0,0,0,0,0,0,48,0,2,0,0,0,0,0,0,0,0,0,0,0,0,0,0,1,0,0
2020-10-02,0,0,1,0,0,0,0,0,0,0,0,0,0,0,0,0,0,0,0,0,0,0,0,0,0,0,0,0,0,0,0,0,0,0,0,0,0,0,0,0,0,0,2,0,0,33,0,3,0,0,0,0,0,0,0,0,0,0,0,0,0,0,0,0,0
2020-10-03,0,0,0,0,0,0,0,0,1,0,1,0,0,0,0,0,0,0,0,1,0,0,0,0,0,0,0,0,0,0,0,0,0,0,0,0,0,0,0,0,0,0,0,0,0,31,0,6,0,0,0,0,0,0,0,0,0,0,0,0,1,0,0,0,0
2020-10-04,2,0,0,0,0,0,0,0,0,0,0,0,0,1,0,0,0,0,0,0,0,0,0,0,0,0,0,0,0,0,0,0,1,0,0,1,0,0,0,0,0,0,1,0,0,43,0,8,0,0,0,0,0,0,0,0,0,0,0,0,0,0,0,0,0
2020-10-05,0,0,0,0,0,0,0,0,0,0,0,0,0,0,0,0,0,0,0,0,0,0,0,0,0,0,0,0,0,0,0,0,2,0,0,0,0,0,0,0,0,0,0,0,0,29,1,6,1,0,0,0,0,0,0,0,0,0,0,0,0,0,0,0,0
2020-10-06,0,0,0,0,0,0,0,0,1,0,0,0,0,0,0,0,0,0,0,0,0,0,0,0,0,0,0,0,0,0,0,0,3,0,0,0,0,0,1,0,0,0,0,0,0,44,0,6,0,0,0,0,0,0,0,0,0,0,0,0,0,0,0,0,0
2020-10-07,0,0,0,0,0,0,0,0,1,0,0,0,0,0,1,0,0,0,0,0,0,0,0,0,0,0,0,0,0,0,0,0,0,0,0,0,0,0,0,0,0,0,0,0,0,58,0,4,0,0,0,0,0,0,0,0,0,0,0,0,0,0,0,0,0
2020-10-08,0,0,0,0,0,0,0,0,1,0,0,0,0,0,0,0,0,0,0,0,0,0,0,0,0,0,0,0,0,0,0,0,0,0,0,0,0,0,0,0,0,0,0,0,0,40,0,3,0,0,0,0,0,0,0,0,0,0,0,1,0,0,0,0,0
2020-10-09,0,0,1,0,0,0,0,0,0,0,0,0,0,0,0,0,1,0,0,0,0,0,0,0,0,0,0,0,0,0,0,0,0,0,0,0,0,0,0,0,0,0,0,0,0,31,0,3,0,1,0,0,0,1,0,0,0,0,0,0,0,0,0,0,0
2020-10-10,0,0,0,0,0,0,1,0,0,0,0,0,0,0,0,0,0,0,0,0,0,0,0,0,0,0,0,0,0,0,0,0,0,0,0,0,0,0,0,0,0,0,0,0,1,22,0,2,0,0,0,0,0,0,0,0,0,0,0,0,0,0,0,0,0
2020-10-11,0,0,0,0,0,0,0,0,0,0,0,1,0,0,0,0,0,0,0,0,0,0,0,1,0,0,0,0,0,0,0,0,0,0,0,0,0,1,0,0,0,0,0,0,0,23,0,4,0,0,0,0,0,0,0,0,0,0,0,0,0,0,0,0,0
2020-10-12,0,0,0,0,0,1,0,0,0,1,0,0,0,0,0,0,0,0,0,0,0,0,0,0,0,0,0,0,0,0,0,0,0,0,0,0,0,0,0,0,0,0,0,0,1,41,0,2,0,1,1,0,0,0,0,0,0,0,0,0,0,1,0,0,0
2020-10-13,0,0,0,0,0,0,0,0,0,0,0,0,0,0,0,0,0,0,0,0,0,0,0,0,0,0,0,0,0,0,0,0,0,0,0,0,0,1,0,0,0,0,0,0,0,38,0,9,0,0,0,0,0,0,0,1,0,0,0,0,0,0,0,0,0
2020-10-14,0,0,0,0,0,0,0,0,0,0,0,0,0,0,0,0,2,0,0,0,0,0,0,0,0,0,0,0,0,0,0,0,0,0,0,0,1,0,0,0,0,0,0,0,0,31,0,8,0,0,0,0,0,0,0,0,0,0,1,0,0,0,0,0,0
2020-10-15,0,0,0,0,1,0,1,0,1,0,0,0,0,0,0,0,0,0,0,0,0,0,0,0,0,0,0,0,0,0,0,0,0,0,0,0,0,0,0,0,0,0,0,0,0,27,0,3,0,0,0,0,0,0,0,0,0,0,0,0,0,0,0,0,0
2020-10-16,0,0,0,0,0,0,0,0,1,0,0,0,0,0,0,0,0,0,0,0,0,0,0,0,0,0,0,0,1,0,0,0,0,0,0,0,0,0,0,0,0,0,0,0,0,43,0,5,0,0,0,0,0,0,0,0,0,0,0,1,0,0,0,0,1
2020-10-17,0,0,0,0,0,0,0,0,1,0,0,0,0,0,0,0,0,0,0,0,0,0,0,0,0,0,2,0,0,0,0,0,2,0,0,0,0,0,0,1,0,0,0,0,0,31,0,6,0,0,0,0,0,0,0,0,0,0,0,0,0,0,0,0,0
2020-10-18,0,0,0,0,0,1,0,0,0,0,0,0,0,0,0,0,0,0,0,0,0,0,0,1,0,0,0,0,0,0,0,0,1,0,0,0,0,0,0,0,0,0,0,0,0,32,0,9,0,0,0,0,0,0,0,0,0,0,0,0,0,0,2,0,0
2020-10-19,1,0,0,0,0,0,0,0,0,0,0,1,0,0,0,1,0,0,0,0,0,0,0,0,0,0,0,0,1,0,0,0,0,0,0,0,0,0,0,0,0,0,0,0,0,31,0,3,1,0,0,0,0,0,0,0,0,0,0,0,0,0,0,0,0
2020-10-20,1,0,0,0,0,0,0,1,1,0,0,0,0,0,0,0,0,0,3,0,0,1,0,0,0,0,0,0,0,2,0,0,1,0,0,0,0,0,0,0,0,1,1,0,0,46,0,11,0,0,0,0,0,0,0,0,0,0,0,0,0,0,0,0,0
2020-10-21,0,0,0,0,0,0,0,0,0,0,0,1,0,0,0,0,0,0,0,0,0,0,0,0,0,0,0,0,0,0,0,0,0,0,0,0,0,0,0,0,0,0,0,0,0,52,0,7,0,0,0,1,0,0,0,0,0,0,0,0,1,0,0,0,0
2020-10-22,0,0,0,0,0,0,0,0,0,0,0,0,0,0,0,0,0,0,0,0,0,0,0,0,0,0,0,0,0,0,0,0,0,0,0,0,0,0,0,1,0,0,0,0,0,30,0,3,0,0,0,0,0,0,1,0,0,0,0,0,0,0,0,0,0
2020-10-23,1,0,0,0,0,0,0,0,0,0,0,0,0,0,0,0,1,0,0,0,0,0,0,1,0,0,0,0,0,0,0,0,0,0,0,0,0,0,0,0,0,0,0,0,0,41,1,6,0,0,0,0,0,0,0,0,0,0,0,0,0,0,0,0,0
2020-10-24,0,0,0,0,0,1,1,0,0,0,0,0,0,0,0,0,0,0,0,0,0,0,0,0,0,0,0,0,0,0,0,0,0,0,0,0,1,0,0,0,0,0,0,0,0,37,0,7,0,0,0,0,0,0,0,0,0,0,0,0,1,0,0,0,0
2020-10-25,0,0,0,0,0,0,0,0,0,0,0,1,0,0,0,0,0,0,0,0,0,0,0,0,0,0,0,0,0,0,0,0,0,0,0,0,0,0,0,0,0,0,0,1,0,35,0,6,0,0,0,0,0,0,0,0,0,0,1,0,0,0,0,0,0
2020-10-26,0,0,0,0,1,0,0,0,0,0,0,0,0,0,0,0,0,1,0,0,0,0,0,0,0,0,0,1,0,0,1,0,0,0,0,0,0,0,1,0,0,0,0,0,0,35,0,5,0,0,0,0,0,0,0,0,0,0,0,0,0,0,0,0,0
2020-10-27,0,0,0,0,1,0,0,0,3,0,0,0,0,0,0,0,0,0,0,0,0,0,0,0,0,0,0,0,0,0,0,0,0,0,0,0,0,0,0,0,0,0,0,0,0,37,0,8,0,0,0,0,0,0,0,0,0,0,0,0,0,0,0,0,0
2020-10-28,0,0,0,0,0,0,0,0,0,0,0,1,0,0,0,0,1,0,0,0,0,0,0,0,0,0,0,0,0,1,0,0,1,0,0,0,0,0,0,1,1,0,1,0,1,60,0,9,0,0,0,0,0,0,0,0,0,0,0,0,0,0,0,0,0
2020-10-29,0,0,0,0,0,0,0,0,0,0,0,0,0,0,0,0,0,0,0,0,0,0,0,0,0,0,0,0,0,0,2,0,1,0,0,0,0,1,0,0,0,0,2,0,0,48,0,4,0,0,0,0,0,0,0,0,0,0,0,0,0,0,0,0,0
2020-10-30,0,0,0,0,0,0,0,0,0,0,0,0,0,0,0,0,0,0,1,0,0,0,0,0,0,0,0,0,0,0,0,0,0,0,0,0,0,0,0,0,0,0,0,0,0,34,0,0,0,0,0,0,0,0,0,0,0,0,0,0,0,0,0,0,0
2020-10-31,0,0,0,0,0,0,0,0,0,0,0,0,0,0,0,0,0,0,1,0,0,0,0,0,0,0,0,0,0,0,0,0,0,0,0,0,1,0,0,0,0,0,0,0,0,47,0,11,0,0,0,0,0,0,0,0,0,0,0,0,0,0,0,0,0
2020-11-01,0,0,0,0,0,0,0,0,1,0,1,1,0,0,0,0,0,0,0,0,0,1,0,0,0,0,0,0,0,0,0,0,0,0,0,0,0,0,0,0,0,0,1,0,0,38,0,10,0,0,0,1,0,0,0,0,0,0,0,0,0,0,0,0,0
2020-11-02,0,0,0,0,0,0,0,0,1,1,0,0,0,0,0,0,1,1,0,0,0,0,0,0,0,0,0,0,0,1,0,0,0,0,0,0,0,0,0,1,0,0,0,0,0,29,0,5,0,0,0,0,0,0,0,0,0,0,0,0,0,0,0,0,0
2020-11-03,0,0,0,0,1,0,0,0,0,0,0,0,0,0,0,0,0,0,0,0,0,0,0,0,0,0,0,0,0,1,0,0,0,0,0,0,0,0,0,0,0,0,1,0,1,42,0,6,0,0,0,0,0,0,0,0,0,0,0,0,0,0,0,0,0
2020-11-04,0,0,0,0,1,0,1,0,0,0,0,0,0,0,0,0,0,0,0,0,0,0,0,0,0,0,0,0,0,0,0,0,0,0,0,0,1,0,0,0,0,0,0,0,0,31,0,5,0,0,0,0,0,0,0,0,0,0,0,0,0,0,0,0,0
2020-11-05,0,0,0,0,0,0,0,0,1,0,0,0,0,0,0,0,0,0,0,0,0,0,0,0,0,0,0,0,0,0,0,0,0,0,0,1,0,0,0,0,0,0,0,0,0,33,0,11,0,0,0,0,0,0,0,0,0,0,0,0,0,0,0,0,0
2020-11-06,0,0,0,0,0,0,0,0,0,0,0,0,0,0,0,0,0,0,0,1,0,0,0,0,2,0,0,0,0,0,0,0,0,0,0,0,1,0,0,0,0,0,0,0,0,31,0,5,0,0,0,0,1,0,0,0,0,0,0,0,0,0,0,0,0
2020-11-07,0,0,0,0,0,0,0,0,0,0,0,0,0,0,0,0,0,0,0,0,0,0,0,0,0,0,0,0,0,0,0,0,0,0,0,1,0,0,0,0,0,0,0,0,0,38,0,6,0,0,0,0,0,0,0,0,0,0,0,0,0,0,0,0,0
2020-11-08,0,0,0,0,0,0,0,0,0,0,0,0,0,0,0,0,1,0,0,0,0,0,0,0,0,0,0,0,0,0,0,0,0,0,0,0,0,0,0,0,0,0,0,0,0,33,0,5,0,0,0,0,0,0,0,0,1,0,0,0,0,0,0,0,0
2020-11-09,0,0,0,0,2,0,1,0,0,0,0,0,0,0,0,0,0,0,0,0,0,0,0,0,0,0,0,0,0,0,0,0,0,0,0,0,0,0,0,0,0,1,1,0,0,48,0,5,0,0,0,0,0,0,0,0,0,0,0,0,1,0,0,0,0
2020-11-10,0,0,0,0,0,0,0,0,1,0,0,0,0,0,0,0,0,0,0,1,0,0,0,0,0,0,0,0,0,1,0,0,0,0,0,0,0,0,0,0,0,0,0,0,0,50,0,5,0,0,0,0,0,0,0,0,0,0,0,0,0,0,0,0,0
2020-11-11,0,0,0,0,0,0,0,0,0,0,0,0,0,0,0,0,0,0,0,0,0,0,0,0,0,0,0,0,0,2,0,0,0,0,0,0,0,0,0,0,0,0,0,0,0,38,0,9,0,0,0,0,0,0,0,0,0,0,0,0,0,0,0,0,0
2020-11-12,0,0,0,0,0,0,0,0,1,0,0,0,0,0,0,0,0,1,0,0,0,0,0,0,0,0,0,0,0,0,0,0,0,0,0,0,0,0,0,0,0,0,0,0,0,44,0,3,0,0,0,0,0,0,0,0,0,1,0,0,0,0,0,0,0
2020-11-13,0,0,0,0,0,0,0,1,0,0,0,0,0,0,0,0,0,0,0,0,0,0,0,0,0,0,0,0,0,0,0,0,0,0,0,0,0,0,0,0,0,0,0,0,0,41,0,5,0,0,0,0,0,0,0,0,0,0,0,1,0,0,0,0,0
2020-11-14,0,0,0,0,0,0,0,0,0,0,0,0,0,0,0,0,0,0,0,0,0,0,0,0,0,0,0,0,1,0,0,0,0,0,0,0,0,0,0,0,0,0,0,0,0,38,0,4,0,0,1,0,0,0,0,0,0,0,0,0,0,0,0,0,0
2020-11-15,0,0,0,0,1,0,0,0,0,0,0,0,0,0,0,0,1,0,0,0,0,0,0,0,0,0,0,0,0,2,1,0,1,0,0,0,0,0,0,0,0,0,0,0,0,41,0,12,0,0,1,0,0,0,0,0,0,0,0,0,0,0,0,0,0
2020-11-16,0,0,0,0,0,1,0,0,0,0,0,0,0,0,0,0,0,0,0,0,0,0,0,0,1,0,0,0,0,0,1,0,0,0,0,0,0,0,0,0,0,0,0,0,0,36,0,4,0,0,0,0,0,0,1,0,0,0,0,0,0,0,0,0,0
2020-11-17,1,0,0,0,0,0,1,0,1,0,0,0,1,0,0,0,0,0,0,2,0,0,0,0,0,0,0,0,1,0,0,0,2,0,0,0,0,0,1,0,0,0,0,0,0,49,0,6,0,0,0,0,0,0,0,0,0,0,1,0,0,0,0,0,0
2020-11-18,2,0,0,0,0,0,0,0,1,0,0,1,1,0,0,0,0,0,1,0,0,0,0,0,0,0,0,0,1,0,0,0,0,0,0,0,0,0,0,0,1,0,0,0,0,58,0,10,1,0,0,0,0,0,0,0,0,0,0,0,0,0,0,0,0
2020-11-19,0,0,0,0,0,0,0,0,1,0,0,0,0,0,0,0,0,0,0,0,0,0,0,0,0,0,0,0,0,0,0,0,0,0,0,0,1,0,0,0,0,0,0,0,0,52,0,7,0,0,0,0,0,0,0,0,0,0,0,0,0,0,0,1,0
2020-11-20,0,0,0,0,0,0,0,0,0,0,0,0,0,0,0,0,0,0,0,0,0,0,2,0,0,0,0,0,0,0,0,0,2,0,0,0,0,0,1,0,0,0,1,0,0,38,0,7,0,0,0,0,0,0,0,0,0,0,0,0,0,0,2,0,0
2020-11-21,0,0,0,0,0,0,0,0,0,0,0,0,0,0,0,0,0,0,0,0,0,0,0,0,0,0,0,0,0,3,0,0,0,0,0,0,0,0,0,0,0,0,0,0,0,38,0,8,0,0,0,0,0,0,0,0,0,0,0,0,0,0,0,0,0
2020-11-22,0,0,0,0,0,0,0,0,0,0,0,0,0,0,0,0,0,0,0,0,0,0,0,0,0,0,0,0,0,0,0,0,1,0,0,0,0,0,0,0,0,2,1,0,0,46,0,6,0,0,0,0,0,0,0,0,0,1,0,0,0,0,0,0,0
2020-11-23,1,0,0,0,0,0,0,0,0,0,0,0,0,0,0,0,0,0,1,0,0,0,0,0,0,0,1,0,0,0,1,0,0,0,0,0,0,0,0,0,0,0,0,0,0,49,0,6,0,0,1,0,0,0,0,0,0,0,0,0,1,0,0,0,0
2020-11-24,0,0,0,0,0,0,1,0,0,0,0,0,0,0,0,0,0,0,0,0,0,0,0,0,0,0,0,0,1,0,0,0,0,0,0,1,0,0,0,0,0,0,0,0,0,49,0,5,0,0,0,0,0,0,0,0,0,0,0,0,0,0,0,0,0
2020-11-25,0,0,0,0,1,1,0,0,0,0,0,0,0,1,0,0,1,0,0,0,0,0,0,0,0,1,0,0,0,1,1,0,2,0,0,0,0,0,0,0,0,0,0,0,0,46,0,9,0,0,0,0,0,0,0,0,0,0,0,0,0,0,0,0,0
2020-11-26,0,0,0,0,0,0,0,0,0,0,0,0,0,0,0,0,0,0,0,0,0,0,0,0,0,0,0,0,0,1,0,0,0,0,0,0,0,0,0,0,0,0,0,0,0,45,0,7,0,1,0,0,0,0,0,0,0,0,0,0,0,0,0,0,0
2020-11-27,0,0,0,0,0,0,0,0,0,0,0,0,0,0,0,0,0,0,0,0,0,0,0,0,0,0,0,0,0,1,0,0,0,0,0,1,0,0,0,0,0,0,0,0,0,32,4,4,0,0,0,0,0,0,0,0,0,0,0,0,0,0,0,0,0
2020-11-28,0,0,0,0,0,0,0,0,1,0,0,0,0,0,0,0,0,0,0,1,0,0,0,0,0,0,0,0,0,0,0,0,0,0,0,0,0,0,0,0,0,0,0,0,0,39,0,8,0,2,0,0,0,0,0,1,0,0,0,0,0,0,0,1,0
2020-11-29,0,0,0,1,0,0,0,0,1,0,0,0,0,0,0,0,0,0,0,0,0,0,0,0,0,0,0,0,0,0,0,0,1,0,0,0,0,0,0,0,0,0,0,0,0,39,0,6,0,0,0,0,0,0,0,0,0,0,0,0,0,0,0,0,0
2020-11-30,0,0,0,0,0,0,0,0,0,0,0,0,0,0,0,0,0,0,0,0,0,0,0,0,0,0,0,0,0,0,0,0,1,0,0,0,0,0,0,0,0,0,0,0,0,53,0,9,0,0,0,0,0,0,0,0,0,0,0,0,0,0,0,0,0
2020-12-01,0,0,0,0,0,0,0,0,0,0,0,0,0,0,1,0,0,0,1,0,0,0,0,0,0,0,0,0,0,0,0,0,0,0,0,0,0,0,0,0,0,0,0,2,0,44,0,6,0,0,0,0,0,0,0,0,0,0,0,0,0,0,1,1,0
2020-12-02,1,0,0,0,0,0,0,0,1,0,0,1,0,0,0,0,0,0,0,0,0,0,0,0,0,0,0,0,0,0,0,0,1,0,0,0,0,0,0,0,0,0,3,0,0,47,0,6,0,0,0,0,0,0,0,0,0,0,0,0,0,0,1,0,0
2020-12-03,1,0,0,0,1,0,0,0,1,0,0,0,0,0,0,0,0,0,0,0,0,0,0,0,0,0,0,0,0,0,0,0,0,0,0,0,0,0,0,0,0,0,0,0,0,51,0,8,0,0,0,0,1,0,0,0,0,0,1,0,0,0,0,0,1
2020-12-04,0,0,0,1,0,0,0,0,1,0,0,0,0,0,0,0,0,0,0,0,0,0,0,0,0,0,0,0,0,0,0,0,0,0,0,0,0,0,0,0,0,0,1,0,0,42,1,2,0,0,1,0,0,0,0,0,0,0,0,1,0,0,0,0,0
2020-12-05,0,0,0,0,0,0,0,0,1,0,0,0,0,0,0,0,0,0,0,0,0,0,0,0,0,0,0,0,0,0,0,0,0,0,0,0,0,0,0,0,0,0,0,0,0,42,0,2,0,0,0,0,0,0,0,0,0,0,0,0,0,0,0,0,0
2020-12-06,0,0,0,0,0,0,0,0,0,0,0,0,0,0,0,0,1,0,0,0,0,0,0,0,0,0,0,0,0,0,0,0,0,0,0,0,0,0,0,0,0,0,0,0,0,27,0,6,0,0,0,0,0,0,1,0,0,0,0,0,0,0,0,0,0
2020-12-07,0,0,0,0,0,0,0,0,0,0,0,0,0,0,0,0,0,0,0,0,1,0,0,0,0,0,0,0,0,0,0,0,0,0,0,0,0,1,0,0,0,1,0,0,0,36,0,6,0,0,0,0,0,0,0,0,0,0,0,0,0,0,0,0,0
2020-12-08,0,0,0,1,0,0,0,0,1,0,0,0,3,0,0,0,0,0,0,0,0,0,0,0,0,0,0,0,0,0,0,0,0,0,0,0,0,0,0,0,0,0,0,0,0,56,0,4,0,0,0,0,0,0,0,0,0,0,0,0,0,0,0,1,0
2020-12-09,0,0,0,0,0,0,0,0,0,0,0,1,0,0,0,0,0,0,0,0,0,0,0,1,0,0,0,1,0,0,0,0,0,0,0,0,0,0,1,0,0,0,1,0,0,32,0,8,0,0,0,0,0,0,0,1,0,0,0,0,0,0,0,0,0
2020-12-10,0,0,0,0,0,0,0,0,0,0,0,0,0,0,0,0,0,0,0,0,0,0,0,0,0,0,0,0,0,0,0,0,0,0,0,0,1,0,0,0,0,0,1,0,0,37,0,6,0,0,0,0,0,0,0,0,0,0,0,0,0,0,0,0,0
2020-12-11,0,0,0,0,0,0,0,0,0,0,0,0,0,0,0,0,0,0,0,0,0,0,1,0,0,0,0,0,0,0,0,0,0,0,0,0,0,0,0,0,0,0,0,0,0,21,0,4,0,0,0,0,0,0,0,0,0,0,0,0,0,1,0,0,0
2020-12-12,0,0,0,0,0,0,0,0,0,0,0,0,1,0,0,0,0,0,0,0,0,0,0,0,0,0,1,0,0,0,0,0,0,0,0,0,0,0,0,0,0,0,1,0,0,22,0,1,0,0,0,1,0,0,0,0,1,0,0,0,0,0,0,0,0
2020-12-13,0,0,0,0,2,0,0,0,0,0,0,0,0,0,0,0,0,0,0,0,0,0,0,0,0,0,0,0,0,0,0,0,0,0,0,0,0,0,0,0,0,0,0,0,0,26,0,1,0,0,0,0,0,0,0,0,0,0,0,0,0,0,0,0,0
2020-12-14,1,0,0,0,0,0,0,0,0,0,0,0,0,0,0,0,0,0,0,0,0,0,0,0,0,0,0,0,0,0,0,0,0,0,0,0,0,0,0,0,0,0,1,0,0,30,0,4,0,0,0,0,0,0,0,0,0,0,0,0,0,0,0,0,0
2020-12-15,0,0,0,0,0,0,0,0,1,0,0,0,0,0,0,0,0,0,1,0,0,0,1,0,0,0,0,0,1,0,0,0,0,0,0,0,0,0,0,0,0,0,0,0,0,37,1,2,0,0,0,0,0,0,0,0,0,0,0,0,0,0,0,0,0
2020-12-16,1,0,0,0,0,0,0,0,0,0,0,0,0,0,0,0,0,0,0,0,0,0,0,0,0,0,0,0,0,0,0,0,1,0,0,0,1,0,0,0,0,0,0,0,0,21,0,2,0,0,0,0,0,0,0,0,0,0,0,0,0,0,0,0,0
2020-12-17,0,0,0,0,0,0,0,0,0,0,0,0,0,0,0,0,0,0,0,0,0,0,0,0,0,0,0,0,0,0,0,0,0,0,0,0,0,0,0,0,0,0,0,0,0,23,0,5,0,0,0,0,0,0,0,0,0,0,0,0,0,0,0,0,0
2020-12-18,2,0,0,0,0,0,0,0,0,0,0,0,0,0,0,0,0,1,0,0,0,0,0,0,0,0,0,0,0,0,1,0,0,0,0,0,0,0,0,0,0,0,0,0,0,11,0,3,0,0,1,0,1,0,0,0,0,0,0,0,0,0,0,0,0
2020-12-19,0,0,0,0,0,0,0,0,0,0,0,0,0,0,0,0,0,0,0,0,0,0,0,0,0,0,0,0,0,0,0,0,1,0,0,0,0,0,0,0,0,0,0,0,0,23,0,2,0,0,0,0,0,0,0,0,0,0,0,0,0,0,0,0,0
2020-12-20,0,0,0,0,0,0,0,0,0,0,0,0,0,0,1,0,0,0,0,0,0,0,0,0,0,0,0,0,0,0,0,0,1,0,0,0,0,0,0,0,0,0,0,0,0,12,0,4,0,0,0,0,0,0,0,0,0,0,0,0,0,0,0,0,0
2020-12-21,0,0,0,0,0,0,0,0,0,0,0,0,0,0,0,0,0,3,0,0,1,0,0,0,0,0,0,0,0,0,0,0,2,0,0,0,0,0,0,0,0,0,0,0,0,17,0,1,0,0,0,0,0,0,0,0,0,0,0,0,0,0,0,0,0
2020-12-22,0,0,0,0,0,0,0,0,0,0,0,0,0,0,0,0,0,0,1,0,0,0,0,0,0,0,0,0,0,0,0,0,0,0,0,0,0,0,0,0,0,0,0,0,0,20,0,5,0,0,0,1,0,0,0,0,0,0,0,0,0,0,0,0,0
2020-12-23,0,0,0,0,0,0,0,0,0,0,0,0,0,0,0,0,0,0,0,0,0,0,0,0,0,0,0,0,0,0,0,0,1,0,0,0,0,0,0,0,0,0,1,0,0,26,0,1,0,0,0,0,0,0,0,0,0,0,0,0,0,0,0,0,0
2020-12-24,0,0,0,1,0,0,0,0,0,0,0,0,0,0,0,0,0,0,0,0,0,0,0,0,0,0,0,0,0,0,0,0,0,0,0,0,0,0,0,0,0,0,0,0,0,24,1,2,1,0,0,0,0,0,2,0,0,0,0,0,0,0,0,0,0
2020-12-25,0,0,0,0,0,0,0,0,0,0,0,0,0,0,0,0,0,0,0,0,0,0,0,0,0,0,0,0,0,0,0,0,3,0,0,0,0,0,0,0,0,0,0,0,0,21,0,1,0,0,0,0,0,0,1,0,0,0,0,0,0,0,0,0,0
2020-12-26,0,0,0,0,0,0,0,0,0,0,0,0,0,0,0,0,0,0,0,0,0,0,0,0,0,0,0,0,0,0,0,0,0,0,0,0,0,0,0,0,0,0,1,0,0,29,0,4,0,0,0,0,0,0,0,0,0,0,0,0,0,0,0,0,0
2020-12-27,0,0,0,0,0,0,0,0,0,0,0,0,0,0,0,0,0,0,1,0,0,0,0,0,0,0,0,0,0,0,0,0,0,0,0,0,0,0,0,0,0,0,0,0,0,28,0,3,1,0,0,0,0,0,0,0,2,0,0,0,0,0,0,0,0
2020-12-28,0,0,0,0,0,0,0,0,1,0,0,0,0,0,0,0,0,0,0,1,0,0,0,0,1,0,0,0,0,0,1,0,0,0,0,0,0,0,0,0,0,0,0,0,0,18,0,2,0,0,0,0,0,0,0,0,0,0,0,0,0,0,0,0,0
2020-12-29,0,0,0,0,0,0,0,0,0,0,0,0,0,0,0,0,0,0,0,0,0,0,0,0,1,0,0,0,0,0,0,0,0,0,0,0,0,0,0,0,0,0,0,0,0,26,1,1,0,0,0,0,0,0,0,0,0,0,0,0,0,0,0,0,0
2020-12-30,1,0,0,0,0,0,0,0,1,0,0,0,0,0,0,1,0,0,0,0,0,0,0,0,0,0,0,0,0,0,0,0,0,0,0,1,0,0,0,0,0,0,0,0,0,26,0,0,0,0,0,0,0,0,0,0,0,0,0,0,0,0,0,0,0
2020-12-31,0,0,0,0,0,0,0,0,0,0,0,1,0,0,0,0,1,0,0,0,0,0,0,0,0,0,0,0,0,0,0,0,0,0,0,0,0,0,0,0,0,0,0,0,0,26,0,3,0,0,0,0,0,0,0,0,1,0,0,0,0,0,0,0,0
2021-01-01,0,0,0,0,0,0,0,0,0,0,0,1,0,0,0,0,0,0,0,0,0,0,0,0,0,0,0,0,0,0,0,0,0,0,0,0,0,0,0,0,0,0,0,0,0,14,0,4,0,0,0,0,0,0,0,0,0,0,0,0,0,0,0,0,1
2021-01-02,0,0,0,0,0,0,0,0,0,0,0,0,0,0,0,0,0,0,0,0,0,0,0,0,0,0,0,0,0,0,0,0,0,0,0,0,0,0,0,0,0,1,1,0,0,21,0,1,0,0,0,0,0,0,0,0,0,0,0,0,0,0,0,0,0
2021-01-03,1,0,0,0,0,0,1,0,0,0,0,0,0,0,0,0,0,0,0,0,0,0,0,1,0,0,0,0,0,1,0,0,0,0,0,0,0,0,0,0,0,0,0,0,0,22,0,2,0,0,0,0,0,0,0,1,1,0,0,0,0,0,0,0,0
2021-01-04,0,0,0,0,1,1,1,0,0,0,0,0,0,0,0,0,0,0,0,0,0,0,0,0,0,0,0,0,0,0,0,0,1,0,0,0,0,0,0,0,0,0,0,0,0,28,0,5,0,0,0,0,0,0,0,0,0,0,0,0,0,0,0,0,0
2021-01-05,0,0,0,0,0,0,0,0,0,0,0,0,0,0,0,0,0,0,1,0,0,0,0,0,0,0,0,0,0,0,0,0,0,0,0,0,0,0,0,0,0,0,0,0,0,25,0,4,0,0,0,0,0,0,0,0,0,0,0,0,0,0,0,0,0
2021-01-06,0,0,1,0,0,0,0,0,0,0,0,0,0,0,0,0,0,0,1,0,0,0,0,0,0,0,0,0,0,0,0,0,0,0,0,0,0,0,0,0,0,0,0,0,0,17,0,8,0,0,0,0,0,0,0,0,0,0,0,0,0,0,0,0,0
2021-01-07,0,0,0,0,0,1,0,0,0,0,0,0,0,0,0,0,0,0,0,0,0,0,0,0,0,0,1,0,0,0,0,0,0,0,0,0,0,0,0,0,0,0,0,0,0,20,0,2,0,0,0,0,0,0,0,0,0,0,0,0,0,0,0,0,0
2021-01-08,0,0,0,0,0,0,0,0,0,0,0,0,0,0,0,0,0,0,0,0,0,0,0,0,0,0,0,0,0,0,0,0,0,0,0,0,0,0,0,0,0,0,0,0,0,8,0,1,0,0,0,0,0,0,0,0,0,0,0,0,0,0,0,0,0
2021-01-09,0,0,0,0,0,0,0,0,0,0,0,0,0,0,0,0,0,0,0,0,0,0,0,0,0,1,0,0,0,0,0,0,0,0,0,0,0,0,0,0,0,0,0,0,0,18,0,2,0,0,0,0,0,0,0,0,0,0,0,0,0,0,0,0,0
2021-01-10,0,0,0,0,0,0,0,0,1,0,0,0,0,0,0,0,0,0,0,0,0,0,0,0,0,0,0,0,1,0,0,0,0,0,0,0,0,0,0,0,0,0,0,0,0,21,0,2,0,0,0,0,0,0,0,0,0,0,0,0,0,0,0,0,0
2021-01-11,0,0,0,0,0,0,0,0,0,1,0,0,0,0,0,0,0,0,0,0,0,0,0,0,0,0,0,0,0,0,0,0,0,0,0,2,0,0,0,0,0,0,0,0,0,21,0,5,0,0,1,0,0,0,0,0,0,0,0,0,0,0,0,0,0
2021-01-12,0,0,0,0,0,0,0,0,0,0,0,0,0,0,0,0,0,0,0,0,0,0,0,0,0,0,0,1,0,0,0,0,0,0,0,0,0,0,0,0,0,0,0,0,0,19,0,3,0,0,0,0,0,0,0,0,0,0,0,0,0,0,0,0,0
2021-01-13,1,0,0,0,1,0,1,0,0,0,0,0,0,0,0,0,0,0,0,0,0,0,0,0,0,1,0,0,0,0,0,0,0,0,0,0,0,0,0,0,1,0,0,0,0,11,0,4,0,0,0,0,0,0,0,0,0,0,0,0,0,0,0,0,0
2021-01-14,0,0,0,0,0,0,0,0,1,0,0,0,0,0,0,0,0,0,2,0,0,0,0,0,0,0,0,0,0,0,0,0,0,0,0,0,2,0,0,0,0,0,0,0,0,15,0,1,0,0,0,0,0,0,0,0,0,0,0,0,0,0,0,0,0
2021-01-15,0,0,0,0,0,0,0,0,0,0,0,0,0,0,0,0,0,0,0,0,0,0,0,0,0,0,3,0,0,0,0,0,0,0,0,0,0,0,0,0,0,0,0,0,0,14,0,2,0,0,1,0,0,0,0,0,0,0,0,0,0,0,0,0,0
2021-01-16,0,0,0,0,2,0,0,0,0,0,0,0,0,0,0,0,0,0,0,0,0,0,0,0,0,0,0,0,0,0,0,0,0,0,0,0,0,0,1,0,0,0,0,0,0,17,0,0,0,0,0,0,0,0,0,0,0,0,0,0,0,0,0,0,0
2021-01-17,0,0,0,0,0,0,0,0,0,0,0,0,0,0,0,0,0,0,2,0,0,0,0,0,0,0,0,0,0,0,0,0,0,0,0,0,0,0,0,0,0,0,1,0,0,22,0,0,0,0,0,0,0,0,0,0,0,0,0,0,0,0,0,0,0
2021-01-18,0,0,0,0,0,0,0,0,0,0,0,0,1,0,0,0,0,0,1,0,0,0,0,0,0,0,0,0,0,0,0,0,0,0,0,0,0,0,0,0,0,0,0,0,0,18,0,0,1,0,0,0,0,0,0,0,0,0,0,0,0,0,0,0,0
2021-01-19,0,0,0,0,0,0,0,0,0,0,0,0,0,0,0,0,0,0,0,0,0,0,0,0,0,0,0,0,0,1,0,0,0,0,0,0,0,0,0,0,0,0,0,0,0,14,0,3,0,0,0,0,0,0,0,1,0,0,0,0,0,0,0,0,0
2021-01-20,0,0,0,0,0,0,0,0,0,0,0,0,0,0,0,0,0,0,1,0,0,0,0,0,0,0,0,0,0,0,0,0,0,0,0,0,0,0,0,0,0,0,0,0,0,24,0,1,0,0,0,0,0,0,0,0,0,0,0,0,0,1,0,0,0
2021-01-21,0,0,0,0,0,0,0,0,0,0,0,0,0,0,0,0,0,0,0,0,0,0,0,0,0,0,0,0,0,0,0,0,0,0,0,0,1,0,0,0,0,0,0,0,0,13,0,1,0,0,0,0,0,0,0,0,0,0,0,0,0,0,0,0,0
2021-01-22,0,0,0,0,0,0,0,0,0,0,0,0,0,0,0,0,0,0,0,0,0,0,0,0,0,0,0,0,0,0,0,0,1,0,0,0,0,0,0,0,0,0,0,0,0,8,0,0,0,0,0,0,0,0,0,0,0,0,0,0,0,0,0,0,0
2021-01-23,0,0,0,0,0,0,0,0,0,0,0,0,0,0,0,0,0,0,0,1,0,0,0,0,0,0,0,0,0,0,0,0,0,0,0,0,1,0,0,0,0,0,0,0,0,13,0,0,0,0,0,0,0,0,0,0,0,0,0,0,0,0,0,0,0
2021-01-24,0,0,0,0,0,0,0,0,0,0,0,0,0,0,0,0,0,0,0,0,0,0,0,0,0,0,0,0,0,0,0,0,1,0,0,0,0,0,0,0,0,0,0,0,0,23,0,1,0,0,0,0,0,0,0,0,0,0,0,0,0,0,0,0,0
2021-01-25,0,0,0,0,0,0,0,0,0,0,0,0,0,0,0,0,0,0,0,0,0,0,0,0,0,0,0,0,0,0,0,0,0,0,0,0,0,0,0,0,0,0,0,0,0,23,0,1,0,0,0,0,0,0,0,0,0,0,0,0,0,0,0,0,0
2021-01-26,0,0,0,0,0,0,0,0,0,1,0,0,0,0,0,0,0,0,0,0,0,0,0,0,0,0,0,1,0,0,0,0,0,0,0,0,0,0,0,0,0,0,0,0,0,17,0,4,0,0,1,0,0,0,0,0,0,0,0,0,0,0,0,0,0
2021-01-27,0,0,0,0,0,0,0,0,0,0,0,0,0,0,0,0,0,0,0,0,0,0,0,0,0,0,0,0,0,0,0,0,0,0,0,0,0,0,0,0,0,0,0,0,0,26,0,3,0,0,0,0,0,0,0,0,0,0,0,0,0,0,0,0,0
2021-01-28,0,0,0,0,0,0,0,1,1,0,0,0,0,0,0,0,0,0,0,0,0,0,0,0,0,0,0,0,0,0,0,0,0,0,0,0,0,0,0,0,0,0,0,0,0,9,0,1,0,0,0,0,0,0,0,0,0,0,0,0,0,0,0,0,0
2021-01-29,0,0,0,0,0,0,0,0,0,0,0,0,0,0,0,0,0,0,0,0,0,0,0,0,0,0,0,0,0,0,0,0,0,2,0,0,0,0,0,0,0,0,0,0,0,13,0,1,0,0,0,0,0,0,0,0,0,0,0,0,0,0,0,0,0
2021-01-30,0,0,0,0,0,0,0,1,1,0,0,0,0,0,0,0,0,0,0,0,0,0,0,0,0,0,0,0,0,0,0,0,0,0,0,0,0,0,0,0,0,0,0,0,0,13,0,1,0,0,0,0,0,0,0,0,0,0,0,0,0,0,0,0,0
2021-01-31,0,0,0,0,0,0,0,0,0,0,0,0,0,0,0,0,0,0,0,0,0,0,0,1,0,0,0,0,0,0,0,0,0,0,0,0,0,0,0,0,0,0,0,0,0,21,0,0,0,0,0,0,0,0,0,0,0,0,0,0,0,0,0,0,0
2021-02-01,0,0,0,0,0,0,0,0,0,0,1,0,0,0,0,0,0,0,0,0,0,0,0,0,0,0,0,0,0,0,0,0,0,0,0,0,0,0,0,0,0,0,0,0,0,18,0,2,0,1,0,0,0,0,0,0,0,0,0,0,0,0,0,0,0
2021-02-02,0,0,0,0,0,0,0,0,1,0,0,0,0,0,0,0,0,0,0,0,0,0,0,0,0,0,0,0,0,0,0,0,0,0,0,0,0,0,1,0,0,0,0,0,0,21,0,1,0,0,1,0,0,0,0,0,0,0,0,0,0,0,0,0,0
2021-02-03,0,0,0,0,0,0,0,0,0,0,0,0,0,0,0,0,0,2,0,0,0,0,0,0,0,0,0,0,0,0,0,0,0,0,0,0,0,1,0,1,0,0,0,0,0,15,0,0,0,0,0,0,0,0,0,0,0,0,0,0,0,0,0,0,0
2021-02-04,0,0,0,0,0,0,0,0,0,0,0,0,0,0,0,0,0,0,0,0,0,0,0,0,0,0,0,0,0,0,0,0,0,0,0,0,0,0,0,0,0,0,0,0,0,14,0,1,0,0,0,0,0,0,0,0,0,0,0,0,0,0,0,0,0
2021-02-05,1,0,0,0,0,0,0,0,0,0,0,0,0,0,0,0,0,0,1,0,0,0,0,0,0,0,0,0,0,0,0,0,0,0,0,0,0,0,0,0,0,0,0,0,0,12,0,2,0,0,0,0,0,0,0,0,0,0,0,0,0,0,0,0,0
2021-02-06,0,0,0,0,0,0,0,0,0,0,0,0,1,0,0,0,0,0,0,0,0,0,0,0,0,0,0,0,0,2,0,0,0,0,0,0,0,0,0,0,0,0,0,0,0,19,0,2,0,0,0,0,0,0,0,0,0,0,0,0,0,0,0,0,0
2021-02-07,0,0,0,0,0,0,0,0,0,0,0,0,0,0,0,0,0,0,0,0,0,0,0,0,0,0,0,0,0,0,0,0,0,0,0,0,0,0,0,0,0,0,0,0,0,8,0,0,0,0,0,0,0,0,0,0,0,0,0,0,0,0,0,0,0
2021-04-14,0,0,0,0,0,0,0,0,3,0,0,1,1,0,0,1,0,0,0,0,0,0,0,0,0,0,0,0,0,0,0,0,0,0,0,0,1,0,0,0,0,0,0,0,0,60,0,5,0,0,1,0,0,0,1,0,0,0,0,0,0,0,0,0,1
2021-04-15,4,1,1,0,1,0,3,0,16,0,1,2,1,2,2,0,1,4,2,4,0,0,0,1,1,0,1,0,0,2,6,0,5,0,0,1,0,0,1,0,2,0,6,1,1,589,3,81,1,1,1,4,2,1,0,0,0,1,3,4,0,0,1,0,1
2021-04-16,0,0,1,1,0,0,1,1,2,0,0,1,0,0,1,0,0,0,3,0,0,1,0,1,0,0,1,0,1,0,1,0,0,0,0,0,0,0,1,0,0,0,0,0,1,271,0,36,0,0,3,0,0,0,0,5,0,0,1,0,0,0,0,0,0
2021-04-17,1,0,0,0,1,1,1,0,3,1,1,0,1,0,0,0,0,0,0,2,0,0,1,1,1,1,0,0,0,0,0,0,1,1,0,0,0,1,1,1,1,0,5,0,0,254,2,36,0,0,1,0,1,0,2,2,1,0,0,0,0,0,0,0,0
2021-04-18,1,1,0,1,0,0,0,0,6,0,0,2,0,0,0,0,0,0,4,0,0,0,0,1,1,0,0,1,0,2,1,0,4,0,0,1,0,0,1,0,1,0,5,0,0,245,1,33,1,0,3,1,0,0,0,0,0,0,1,2,0,1,0,0,0
2021-04-19,0,1,0,0,0,0,0,1,1,0,0,2,0,2,0,0,0,2,4,2,0,0,0,0,0,0,0,0,1,1,1,0,1,0,0,1,1,0,0,1,1,0,4,0,0,179,0,29,0,0,0,0,1,0,0,0,0,0,0,0,0,0,0,0,0
2021-04-20,2,0,0,1,1,1,0,0,10,0,1,1,1,1,0,1,0,1,2,2,0,0,0,0,1,1,2,0,0,0,1,0,4,0,0,0,0,0,0,0,2,0,2,0,0,215,0,39,1,0,0,1,0,0,1,1,1,1,2,0,0,0,2,0,0
2021-04-21,2,0,0,1,1,0,0,0,5,0,0,1,3,0,0,0,0,0,0,0,0,0,1,0,0,0,0,0,1,2,2,0,1,0,0,0,0,1,0,1,0,0,0,0,0,193,0,27,0,0,1,0,0,0,1,1,0,0,0,0,0,0,1,0,0
2021-04-22,0,0,0,0,0,0,0,0,5,0,0,0,1,0,1,0,0,0,3,1,0,0,0,0,1,0,0,0,1,0,0,1,0,0,0,1,0,1,1,1,0,0,1,0,0,129,0,19,0,0,1,0,0,0,1,0,0,1,0,0,0,0,0,0,0
2021-04-23,0,0,1,1,0,0,0,0,1,0,0,3,0,0,0,0,0,0,1,0,3,0,2,0,0,0,0,1,1,0,2,0,1,0,0,1,0,0,0,0,0,0,0,0,0,93,1,22,1,0,0,0,0,0,0,1,0,0,0,0,0,0,0,1,0
2021-04-24,0,0,0,0,0,0,3,1,2,0,0,0,1,0,0,0,0,0,0,1,1,0,0,0,0,0,0,0,1,0,0,0,0,1,0,1,0,0,2,0,1,0,2,0,0,94,0,6,0,0,0,0,0,0,0,0,0,0,1,0,0,0,0,0,0
2021-04-25,0,0,0,0,0,0,0,0,4,0,0,0,0,1,0,0,0,1,0,0,0,0,0,0,0,0,0,0,0,0,0,0,0,0,0,0,1,0,1,0,0,0,2,0,0,77,0,8,0,0,0,0,0,0,0,0,0,0,0,0,0,0,0,1,0
2021-04-26,2,0,1,0,1,0,0,0,2,0,0,0,0,0,0,0,0,0,0,0,0,0,1,0,0,0,0,0,0,0,0,0,0,0,0,0,0,1,0,0,0,0,0,0,0,74,0,14,0,0,0,0,0,0,0,0,0,0,0,0,0,0,0,0,0
2021-04-27,0,0,0,0,0,0,0,0,1,0,0,1,0,1,0,0,0,1,0,0,0,0,0,0,0,0,1,0,0,0,0,0,0,0,0,0,0,0,0,1,0,0,0,0,0,70,0,8,1,0,0,1,0,0,0,0,0,0,0,0,0,0,0,0,0
2021-04-28,0,0,0,0,0,0,0,0,0,0,0,0,0,0,0,0,0,0,0,0,1,0,0,0,1,0,0,0,1,0,0,0,0,0,0,0,0,0,0,0,0,0,0,0,0,60,0,0,0,0,0,0,1,0,0,0,0,0,0,0,0,0,0,0,0
2021-04-29,0,0,0,0,0,0,1,0,1,0,0,0,0,2,0,0,1,0,0,1,0,0,0,0,1,0,0,0,0,0,0,0,0,0,0,0,0,0,0,0,0,0,2,0,0,51,0,9,0,0,0,0,0,0,0,1,0,0,0,0,0,0,0,0,0
2021-04-30,0,0,0,0,0,0,0,0,0,0,1,0,0,1,0,0,0,0,0,1,0,0,0,0,0,0,0,0,0,0,0,0,0,0,0,1,0,0,0,0,0,0,1,0,0,44,1,1,0,0,0,0,0,0,0,0,0,0,0,0,0,0,0,0,0
2021-05-01,0,0,0,0,0,0,2,0,1,0,0,0,0,0,0,0,0,1,1,0,0,0,0,0,0,0,0,0,0,0,0,0,0,0,0,0,0,0,0,0,0,0,1,0,0,46,0,1,0,0,0,0,0,0,0,1,0,0,0,0,0,0,0,0,0
2021-05-02,0,0,0,2,0,0,0,0,2,0,0,0,0,0,0,0,0,0,0,0,0,0,0,0,0,0,0,0,0,0,0,0,1,0,0,1,0,0,0,0,0,0,1,0,0,33,0,4,0,0,1,0,0,0,0,0,0,0,1,0,0,0,0,0,0
2021-05-03,0,0,0,0,0,0,0,0,0,0,0,0,0,0,0,1,0,0,2,0,0,0,0,0,0,0,0,0,0,0,0,0,0,0,0,0,0,0,2,0,0,0,4,0,0,41,0,6,0,0,0,0,0,0,0,1,0,0,0,0,0,1,0,0,0
2021-05-04,1,0,0,0,0,0,0,0,0,0,0,0,1,0,0,0,0,0,1,0,0,0,0,0,0,0,0,0,0,2,0,0,0,0,0,0,0,0,0,0,0,0,0,0,1,35,0,1,0,0,0,0,0,0,0,0,0,0,0,0,0,0,0,0,0
2021-05-05,0,0,0,0,0,0,1,0,1,0,0,0,0,0,0,0,0,0,0,1,0,0,0,1,0,0,0,0,0,0,0,0,1,0,0,0,0,0,0,0,0,0,0,0,0,48,0,6,1,0,1,0,0,0,0,0,0,0,0,0,0,0,0,0,0
2021-05-06,0,0,0,0,0,0,0,0,0,0,0,0,0,0,0,0,0,0,1,0,0,2,0,0,0,0,0,0,0,1,1,0,0,0,0,0,0,0,0,0,0,0,1,0,0,44,0,3,0,0,0,0,0,0,0,0,0,0,1,0,0,0,1,0,0
2021-05-07,0,0,0,0,0,0,0,0,2,0,0,2,0,0,0,0,0,0,0,0,0,0,0,1,0,0,0,0,0,0,0,0,0,0,0,0,0,0,2,0,0,0,0,0,0,29,0,5,0,0,0,0,0,0,0,1,0,0,0,0,0,0,0,0,0
2021-05-08,1,0,0,0,0,0,0,0,0,0,0,1,0,0,0,0,0,0,1,0,0,0,0,0,0,0,0,0,0,0,0,0,0,0,0,0,0,0,0,0,0,0,1,0,0,25,0,6,0,0,1,0,0,0,0,0,0,0,0,0,0,0,3,0,0
2021-05-09,0,0,0,0,0,0,0,0,0,0,0,1,0,1,0,0,1,0,0,0,1,0,0,0,0,0,0,0,0,0,0,0,0,0,0,1,0,0,0,0,0,0,0,0,0,36,0,2,0,0,1,0,0,0,0,0,0,0,0,0,0,0,2,0,0
2021-05-10,0,0,0,0,0,0,0,0,1,0,0,0,0,0,0,0,1,0,0,1,2,0,0,0,0,0,0,0,0,1,0,0,0,0,0,0,0,0,0,0,0,0,0,0,0,53,0,1,0,0,0,0,0,0,0,0,0,0,0,0,0,0,0,0,0
2021-05-11,0,0,0,0,0,0,0,0,1,0,0,0,0,1,0,0,0,0,0,0,0,0,0,1,0,0,0,0,0,0,0,0,0,0,0,0,0,0,0,0,0,0,0,0,0,38,0,3,0,0,0,1,0,0,0,0,0,0,1,0,0,0,0,0,1
2021-05-12,0,0,0,0,0,0,1,0,0,0,0,1,0,0,0,0,0,0,0,0,0,0,0,0,0,0,0,0,0,0,2,0,0,0,0,0,0,0,0,0,0,0,0,0,0,29,0,4,0,0,0,0,0,0,1,0,0,0,0,0,0,0,0,0,0
2021-05-13,0,0,0,0,0,0,0,0,0,0,0,0,0,0,0,0,0,0,2,0,0,0,0,0,1,0,0,0,0,0,0,0,0,0,0,0,0,0,0,0,0,0,0,0,0,15,0,0,1,0,0,0,0,0,0,0,0,0,0,0,0,0,0,0,0
2021-05-14,0,0,0,0,0,0,0,0,0,0,0,0,0,0,0,0,0,0,0,0,0,0,0,0,0,0,0,0,0,0,0,0,0,0,0,1,0,0,0,0,0,0,0,0,0,12,0,2,0,0,0,0,0,0,0,0,0,0,0,0,0,0,0,0,0
2021-05-15,0,0,0,0,0,0,0,0,1,0,0,0,0,0,0,0,1,1,0,0,0,0,0,0,0,0,0,0,0,0,0,1,0,0,0,0,0,0,0,0,0,0,0,0,0,17,0,5,0,0,0,0,0,0,0,0,0,0,0,0,0,0,0,0,0
2021-05-16,0,0,0,0,0,0,0,0,0,0,0,0,0,0,0,0,0,1,0,0,0,0,0,0,0,0,0,0,0,0,0,0,0,0,0,0,1,0,0,0,0,0,3,0,0,25,0,4,0,0,0,0,0,0,0,0,0,0,0,0,0,0,1,0,0
2021-05-17,0,0,0,1,0,0,0,0,0,0,0,0,0,0,0,0,0,1,0,0,1,0,0,0,0,0,0,0,0,0,0,0,1,0,0,0,0,0,0,0,0,0,0,0,0,41,0,5,0,0,0,0,0,0,0,0,0,0,0,0,0,0,0,0,0
2021-05-18,0,0,0,0,0,0,0,0,0,0,1,0,0,0,0,0,0,0,0,0,0,0,0,0,0,0,0,0,0,0,0,0,2,0,0,0,1,0,0,0,0,0,0,0,0,23,0,3,0,0,0,0,0,0,0,0,0,0,0,0,0,0,0,0,1
2021-05-19,1,0,0,0,0,0,0,0,0,0,0,0,0,0,0,0,0,0,0,0,0,0,0,0,0,0,0,0,0,1,1,0,0,0,0,3,0,0,0,0,0,0,0,0,0,30,0,4,0,0,0,0,0,0,0,0,0,0,0,0,0,0,0,0,0
2021-05-20,0,0,0,0,0,0,0,0,0,0,0,0,0,0,0,0,0,0,0,1,0,0,0,0,0,0,0,0,0,0,0,0,0,0,0,1,0,0,0,0,0,0,0,0,0,16,0,2,0,0,0,0,0,0,0,0,0,0,0,0,0,0,1,0,0
2021-05-21,0,0,0,0,0,0,0,0,0,0,0,0,1,0,1,0,0,0,0,0,0,0,0,1,0,0,0,0,0,0,1,0,0,0,0,2,0,0,0,0,0,0,0,0,0,21,0,4,0,0,0,0,0,0,1,0,0,0,0,0,0,0,0,0,0
2021-05-22,0,0,0,0,1,0,2,0,0,0,0,0,0,0,0,0,0,0,0,0,0,0,0,0,0,0,0,0,0,0,0,0,1,0,0,0,0,0,0,0,0,0,0,0,0,22,0,2,0,0,0,0,1,0,0,0,0,0,0,0,1,0,0,0,0
2021-05-23,0,0,0,0,0,0,0,0,1,0,0,0,0,0,0,0,0,0,0,0,0,0,0,0,0,0,0,1,0,2,0,0,1,0,0,0,0,0,0,0,0,0,0,0,0,21,0,2,0,0,0,0,0,0,0,2,0,0,0,0,0,0,0,0,0
2021-05-24,1,0,0,0,0,0,0,0,1,0,0,0,0,1,0,0,0,0,0,0,0,0,0,0,0,0,0,0,0,0,0,0,0,0,0,0,0,0,0,0,0,0,0,0,0,25,0,0,0,0,0,0,0,0,0,0,0,0,0,0,0,0,0,0,0
2021-05-25,0,0,0,1,0,0,0,0,0,0,0,0,0,0,0,0,0,0,1,0,0,0,0,0,0,0,0,0,0,0,0,0,0,0,0,0,1,0,0,0,0,0,1,0,0,24,0,2,0,0,0,0,0,0,0,0,0,0,0,0,0,0,0,0,0
2021-05-26,0,0,0,0,0,0,0,0,0,0,0,0,0,0,0,0,0,0,0,0,0,0,0,0,0,0,0,0,0,0,0,0,0,0,0,0,0,0,0,0,0,0,0,0,0,30,0,0,0,0,0,0,0,0,0,0,0,0,0,0,0,0,0,0,0
2021-05-27,0,0,0,0,0,0,0,0,2,0,0,0,1,0,0,0,0,0,0,1,1,0,0,0,0,0,0,0,0,0,0,0,0,0,0,0,0,0,1,0,0,0,0,0,0,34,0,3,0,0,0,0,0,0,0,0,0,0,0,0,0,0,0,0,0
2021-05-28,0,0,0,0,0,0,0,0,0,0,0,1,0,0,0,0,0,0,0,0,1,0,0,0,0,0,0,0,0,0,0,0,0,0,0,0,1,0,0,0,0,0,0,0,0,20,0,2,0,0,0,0,0,0,0,0,0,0,0,0,0,1,0,0,0
2021-05-29,0,0,0,0,0,0,0,0,1,0,0,0,0,1,0,0,0,0,1,0,0,0,0,1,0,0,0,0,0,0,0,0,0,0,0,0,0,0,0,0,0,0,0,0,0,38,1,4,0,0,0,0,0,0,0,0,0,0,0,0,0,0,0,0,0
2021-05-30,1,0,0,0,0,0,0,0,0,0,0,2,1,0,0,0,0,0,0,0,0,0,0,0,0,0,0,0,0,0,0,0,0,0,0,0,0,0,0,1,0,0,0,0,0,25,0,0,0,0,0,0,0,0,1,0,0,0,0,0,0,0,0,0,0
2021-05-31,0,0,0,0,0,0,0,0,1,0,0,0,0,0,0,0,0,0,0,1,0,0,0,0,0,0,0,0,0,1,1,0,0,0,0,0,0,0,0,0,0,0,0,0,0,28,0,1,0,0,0,0,0,0,0,0,0,0,0,1,0,0,0,0,0
2021-06-01,0,0,0,0,0,0,0,0,0,0,0,0,0,0,0,0,0,0,0,0,0,0,0,0,0,0,0,0,0,0,0,0,0,0,0,0,0,0,0,0,0,0,0,0,0,27,0,5,0,0,0,0,1,0,0,0,0,0,0,0,0,0,0,0,0
2021-06-02,0,0,0,0,0,0,0,0,0,0,0,1,1,0,0,0,0,0,0,0,0,0,0,0,0,0,0,0,0,0,1,0,0,0,0,0,0,0,0,0,0,0,0,0,0,18,0,3,1,0,1,0,0,0,0,0,0,0,0,0,0,0,0,0,0
