date,Comilla,Sunamganj,Manikganj,Kishoreganj,Kushtia,Jhenaidah,Sirajganj,Rangamati,Chittagong,Nilphamari,Thakurgaon,Pabna,Rajshahi,Cox's Bazar,Chapainawabganj,Sylhet,Munshiganj,Tangail,Feni,Maulvibazar,Chuadanga,Magura,Bagerhat,Kurigram,Netrokona,Meherpur,Narsingdi,Pirojpur,Gopalganj,Mymensingh,Khulna,Jhalokati,Narayanganj,Khagrachhari,Lakshmipur,Noakhali,Narail,Natore,Chandpur,Jamalpur,Rajbari,Patuakhali,Gazipur,Jaipurhat,Sherpur,Unknown,Habiganj,Dhaka,Naogaon,Satkhira,Faridpur,Dinajpur,Shariatpur,Bandarban,Rangpur,Bogra,Madaripur,Brahmanbaria,Barguna,Barisal,Bhola,Jessore,Gaibandha,Lalmonirhat,Panchagarh
2020-04-03,2,0,1,3,0,2,1,0,12,1,1,1,1,0,1,4,1,2,0,0,0,0,0,1,0,0,2,0,0,0,1,0,3,0,0,2,1,1,1,0,0,0,3,0,1,0,2,62,1,1,2,0,0,0,0,3,0,1,0,2,0,1,0,0,3
2020-04-04,5,0,0,0,6,3,5,0,40,5,4,4,1,0,0,5,0,2,6,0,0,0,0,1,3,3,0,2,3,3,6,1,6,1,4,7,0,0,0,2,8,0,9,0,0,0,3,111,3,1,2,3,0,0,4,5,0,0,0,0,2,2,4,0,3
2020-04-05,8,2,2,0,2,1,3,0,31,1,3,3,6,5,3,7,2,7,4,3,0,0,0,0,3,4,1,2,4,5,3,1,21,1,2,2,1,1,4,8,0,2,7,0,1,0,0,114,1,2,2,6,2,0,3,3,0,3,0,4,2,3,0,0,0
2020-04-06,20,1,1,5,3,2,3,0,47,1,1,3,8,1,2,10,3,5,3,2,1,0,0,0,0,0,5,0,1,3,3,1,33,3,2,3,1,0,5,2,2,0,17,1,1,0,0,273,5,2,2,3,0,1,7,6,3,2,1,3,2,6,2,1,0
2020-04-07,2,1,0,3,0,1,0,0,9,3,1,3,7,5,0,2,1,10,0,1,0,0,0,0,1,1,4,1,0,5,3,0,7,0,0,0,1,2,4,1,2,1,8,0,0,0,1,95,2,2,3,4,1,0,0,3,2,1,0,3,0,4,4,0,0
2020-04-08,1,0,0,0,0,0,2,0,4,0,0,0,0,2,0,0,2,1,0,0,0,0,0,0,1,0,0,0,0,3,3,0,6,0,0,0,0,0,1,0,0,0,1,0,1,0,0,198,0,0,2,1,0,0,1,0,0,1,0,2,0,1,1,0,0
2020-04-09,2,0,0,0,0,1,0,0,2,1,1,2,2,1,0,0,0,3,1,0,0,1,0,0,2,0,1,1,1,2,1,2,14,0,3,4,0,5,4,1,0,0,5,4,1,0,0,56,2,2,5,2,0,0,2,2,0,2,0,0,1,0,1,0,0
2020-04-10,1,4,0,1,1,0,1,0,5,0,1,2,0,0,0,1,2,3,1,0,0,0,3,0,0,0,3,0,1,2,1,0,10,0,0,2,0,1,1,1,0,0,0,0,1,103,1,52,1,0,3,0,0,1,3,1,0,1,0,1,0,4,0,0,0
2020-04-11,2,0,0,0,0,0,0,0,6,1,0,0,0,0,0,0,0,0,0,0,0,0,0,1,0,0,1,0,0,0,1,4,6,0,1,0,0,0,0,0,0,1,3,0,0,315,1,23,0,0,1,0,0,0,0,0,0,0,0,0,0,1,0,0,0
2020-04-12,0,0,0,1,0,1,0,0,3,3,1,0,1,0,0,0,1,5,0,1,0,1,1,0,0,0,2,0,0,2,2,0,2,0,0,0,0,0,0,0,0,1,2,0,0,390,1,23,0,0,0,0,0,0,0,2,0,0,0,0,2,0,0,0,0
2020-04-13,0,0,0,1,0,1,0,0,9,0,0,0,2,1,1,1,1,2,1,0,1,0,0,0,9,0,0,0,0,0,0,0,2,0,0,1,0,0,0,0,0,0,1,0,0,247,0,27,3,2,0,0,0,0,0,0,0,0,0,0,0,1,1,0,1
2020-04-14,0,0,0,0,0,0,0,0,6,0,0,0,0,1,0,0,1,0,0,1,0,0,0,0,0,0,1,0,0,1,0,0,5,1,0,0,0,0,0,1,0,0,1,0,1,249,0,18,0,0,0,0,0,0,4,1,0,0,0,0,0,0,1,0,0
2020-04-15,2,0,0,3,1,0,0,0,2,0,0,1,0,0,0,0,0,0,0,0,0,0,0,0,0,0,0,0,2,0,1,0,3,1,0,1,0,0,0,1,0,0,1,0,0,198,3,32,2,0,3,1,0,0,0,3,0,0,0,0,0,1,0,0,0
2020-04-16,0,0,1,0,1,0,0,0,6,0,0,0,1,0,0,3,0,1,0,0,0,0,0,0,0,0,2,0,1,0,1,0,7,0,0,0,0,0,0,0,1,0,0,0,0,139,0,25,0,0,2,0,0,0,0,0,0,0,0,0,0,1,0,0,1
2020-04-17,0,0,0,1,0,0,0,0,6,1,0,0,0,0,0,0,0,0,0,0,0,0,0,0,0,0,0,0,0,1,0,1,3,0,0,0,0,0,1,0,0,0,5,0,0,191,0,46,0,1,0,0,0,0,1,2,0,2,0,0,0,0,0,0,0
2020-04-18,0,0,0,3,1,0,1,0,1,1,0,2,0,0,0,0,0,0,0,0,0,0,0,1,0,0,1,0,0,1,3,0,6,0,0,0,0,0,0,1,0,0,0,0,0,180,0,26,0,0,3,1,0,0,2,1,0,0,0,1,0,0,0,0,0
2020-04-19,0,0,0,0,1,0,1,0,5,0,1,0,1,1,0,2,1,1,0,0,0,0,0,0,1,0,1,0,0,1,0,0,5,0,0,0,3,0,0,0,0,0,1,0,1,151,0,21,0,0,0,0,0,0,2,1,0,0,0,0,1,1,1,0,0
2020-04-20,3,0,0,2,0,0,1,0,4,0,1,1,0,2,0,1,0,0,1,0,1,0,0,1,1,0,0,0,0,0,3,0,7,0,0,1,0,0,4,0,1,1,2,0,0,266,0,35,0,0,0,0,0,0,3,7,0,0,0,3,0,0,0,0,0
2020-04-21,0,0,0,1,1,2,0,0,4,0,0,0,2,0,0,1,0,3,1,2,0,0,1,1,0,0,0,2,0,5,1,0,14,0,0,2,0,0,1,3,0,0,2,0,1,327,4,63,0,0,1,1,0,0,0,0,0,0,0,0,1,1,0,1,0
2020-04-22,2,0,0,5,1,0,0,0,5,0,1,3,1,1,2,0,0,0,3,1,0,0,1,0,1,0,0,0,0,1,3,0,3,0,0,1,0,0,3,1,0,1,0,0,0,321,0,77,0,0,0,2,0,0,0,3,0,2,0,1,0,0,0,0,0
2020-04-23,0,0,0,2,0,1,3,0,4,0,0,2,0,0,1,3,2,0,1,0,0,0,0,1,0,0,1,0,1,2,3,0,2,0,0,1,0,0,0,2,0,0,6,0,0,245,0,43,0,2,1,1,0,0,1,0,0,2,0,0,0,1,0,0,0
2020-04-24,1,1,0,3,0,0,2,0,4,0,0,4,1,1,0,5,1,3,1,1,1,0,0,2,0,1,2,0,1,3,2,0,11,0,0,2,0,0,8,3,0,0,0,0,0,244,0,43,0,1,0,0,0,0,2,0,5,0,0,1,1,6,1,0,0
2020-04-25,0,0,0,0,0,0,1,1,4,2,1,7,0,0,0,1,0,2,1,0,0,0,0,0,0,0,2,0,0,0,1,0,3,0,0,0,0,0,2,1,0,0,2,0,1,213,0,34,0,0,2,0,0,0,1,1,2,2,0,1,0,0,0,0,3
2020-04-26,2,0,0,4,0,0,1,0,3,0,0,2,0,0,0,0,0,0,1,0,1,0,0,0,0,0,0,0,0,1,1,0,4,0,1,1,0,1,0,1,0,0,1,0,0,189,4,45,0,0,0,0,0,0,0,1,0,0,0,0,0,0,3,0,1
2020-04-27,1,0,0,2,1,0,1,0,4,0,0,1,1,0,0,0,0,0,0,0,0,0,0,0,1,2,0,0,0,1,1,0,1,0,1,0,1,1,3,0,1,0,3,0,0,225,2,71,0,0,1,2,0,0,3,1,0,0,1,0,0,1,0,0,1
2020-04-28,2,5,0,1,2,0,0,0,2,0,0,1,0,0,0,0,0,0,0,0,1,0,0,0,1,0,0,1,1,1,0,0,3,0,0,0,0,0,2,0,0,0,3,0,0,153,0,52,1,0,0,0,0,0,2,1,1,7,0,0,1,2,0,0,0
2020-04-29,3,0,0,1,1,0,0,0,4,1,0,1,2,0,1,0,0,0,1,0,0,0,1,0,0,0,0,0,0,2,1,1,1,0,0,0,1,1,1,0,0,0,3,0,0,164,0,41,0,0,1,0,0,0,1,3,0,0,0,0,2,2,2,0,0
2020-04-30,1,0,0,0,0,0,0,0,2,2,3,0,2,1,0,0,0,1,1,1,1,0,0,0,0,1,0,0,0,1,1,0,10,0,0,0,0,1,3,0,0,1,1,0,1,177,0,38,0,0,1,1,0,0,0,1,0,1,0,2,0,0,0,0,0
2020-05-01,0,1,0,0,0,0,0,0,5,2,0,0,0,0,1,3,2,0,0,0,0,0,0,0,2,0,2,0,3,1,2,0,3,0,0,2,1,0,2,0,0,1,2,0,0,197,0,61,0,0,0,0,0,0,1,1,0,0,0,0,0,0,1,0,1
2020-05-02,0,0,1,0,0,0,0,1,5,0,0,0,0,0,0,0,0,1,1,0,0,0,0,0,0,0,0,0,0,3,1,0,0,0,0,0,0,0,0,0,0,0,1,0,0,183,0,55,0,0,0,0,0,0,0,4,0,1,1,1,0,0,0,0,0
2020-05-03,1,0,0,0,0,0,1,0,2,0,0,0,0,0,0,1,0,0,1,0,0,0,0,0,1,0,2,1,2,1,0,0,2,0,0,2,0,0,0,1,3,0,2,0,0,146,0,51,0,0,0,0,0,0,0,0,0,1,0,0,1,0,0,0,0
2020-05-04,0,0,0,1,1,0,1,0,11,0,0,0,0,0,0,0,1,1,1,0,2,0,0,0,0,0,0,0,0,0,0,0,4,0,2,0,0,0,1,0,0,1,1,0,0,179,0,49,0,0,0,1,0,0,0,2,0,0,0,0,0,0,0,0,0
2020-05-05,0,0,0,0,0,0,1,1,7,3,0,0,0,1,0,3,0,1,0,0,0,0,0,0,3,0,1,0,0,2,1,0,3,0,1,2,0,0,0,0,0,0,3,1,0,128,0,59,0,0,1,0,0,0,2,0,2,0,0,1,2,2,0,0,0
2020-05-06,3,0,0,0,1,0,1,0,10,0,0,3,0,0,0,0,0,0,0,1,0,0,0,0,1,0,1,0,0,1,1,0,5,0,0,1,0,0,1,0,0,0,5,0,0,140,1,65,2,1,0,1,0,0,0,0,1,1,0,2,0,1,1,0,0
2020-05-07,1,0,0,2,0,0,0,0,5,0,0,2,1,1,0,2,0,0,0,0,0,0,0,1,0,0,2,1,0,0,1,0,4,0,0,2,0,1,1,0,0,1,3,0,0,197,0,50,0,0,1,1,1,1,4,1,0,0,0,1,0,0,0,0,0
2020-05-08,2,0,2,0,2,0,1,0,7,0,0,0,0,0,0,0,1,2,1,0,0,1,0,0,0,0,0,0,1,2,0,0,4,1,1,0,0,0,1,0,0,0,2,0,0,158,0,62,0,0,2,0,0,0,1,0,0,0,0,0,0,1,0,0,0
2020-05-09,0,0,0,0,0,0,0,0,6,0,0,0,1,1,0,0,0,0,0,1,0,0,1,1,0,0,0,0,0,1,1,0,2,0,0,2,0,0,2,1,0,0,0,0,0,121,0,46,3,0,1,2,0,0,1,0,0,0,0,0,0,0,1,0,0
2020-05-10,1,0,0,0,0,0,2,0,4,0,0,0,5,0,0,2,0,0,0,0,1,0,0,0,0,0,1,0,0,0,0,0,4,0,0,0,0,0,1,0,0,0,6,0,0,129,0,40,0,0,0,0,0,0,0,0,0,1,0,0,0,1,0,0,0
2020-05-11,0,0,0,1,0,0,0,0,7,1,0,1,0,0,0,0,2,0,0,0,1,0,0,0,0,0,0,0,0,0,0,0,2,0,0,1,0,0,1,0,1,0,6,0,0,101,0,48,0,0,0,1,0,0,2,1,0,1,0,0,0,0,0,0,0
2020-05-12,1,0,0,0,1,0,0,0,6,0,0,1,1,2,0,1,0,0,3,0,0,0,0,0,0,0,2,0,0,0,0,1,3,0,0,3,0,0,1,0,1,0,6,0,0,139,0,53,2,0,0,2,0,0,1,0,0,0,0,2,0,0,0,1,0
2020-05-13,0,0,0,0,0,0,0,1,7,0,0,0,0,0,0,1,0,0,0,0,0,0,0,0,0,0,1,0,0,0,0,0,3,0,0,0,0,0,0,2,0,0,4,0,0,140,0,54,0,0,3,0,0,0,1,0,0,0,1,0,0,1,0,0,0
2020-05-14,0,0,0,0,1,0,0,0,10,0,0,0,1,0,0,6,0,0,0,0,0,0,0,0,0,0,1,0,0,1,1,0,1,0,4,1,0,0,1,0,0,0,6,0,0,186,0,52,0,0,2,1,0,0,1,0,0,1,1,0,0,0,0,0,0
2020-05-15,2,1,0,1,0,0,0,1,8,0,0,0,0,0,0,0,0,0,0,0,0,0,0,0,0,0,0,0,1,1,2,0,8,0,0,0,0,0,1,0,0,0,3,0,0,176,2,63,0,1,0,1,1,0,0,0,0,1,0,0,1,0,0,0,0
2020-05-16,2,0,0,1,0,0,0,0,26,0,0,0,0,1,1,2,0,0,0,0,0,0,2,0,0,0,1,1,0,1,1,0,4,0,0,1,0,1,2,2,0,0,13,0,1,219,0,62,0,0,0,0,0,1,3,2,0,1,0,1,0,0,0,2,0
2020-05-17,1,0,0,3,0,0,0,0,12,0,0,0,0,0,0,1,0,0,0,0,1,0,0,1,1,0,2,0,0,1,1,0,3,0,0,1,3,0,0,0,0,0,12,0,1,158,0,70,0,0,0,0,0,0,2,0,0,0,0,0,0,2,2,0,0
2020-05-18,0,0,1,0,1,0,0,0,18,0,0,0,1,0,0,1,2,1,3,0,0,0,0,0,0,0,0,0,0,1,0,0,7,0,0,0,0,0,4,0,0,0,6,0,0,183,1,85,0,0,1,0,0,0,0,0,0,0,0,0,0,3,0,0,0
2020-05-19,0,0,0,0,0,0,0,0,17,0,0,3,0,0,0,0,1,0,0,0,0,0,0,1,0,0,0,0,0,0,0,0,9,0,0,0,0,0,0,0,0,0,4,0,0,125,0,69,0,0,1,0,0,0,2,0,0,0,0,1,0,0,0,0,0
2020-05-20,2,0,0,0,0,0,0,0,16,0,0,0,0,0,0,1,0,1,1,0,0,0,0,0,1,0,0,0,0,0,3,0,4,0,2,0,0,0,1,0,0,0,2,0,0,207,0,58,0,0,0,0,0,0,0,1,0,0,0,1,0,0,0,0,0
2020-05-21,5,0,0,0,0,0,0,0,11,0,0,1,0,0,0,1,1,1,0,1,0,0,1,0,0,0,0,0,0,0,0,0,8,0,0,1,0,1,2,0,0,0,13,0,0,207,0,67,1,0,0,0,0,0,0,0,0,0,0,0,0,0,0,0,0
2020-05-22,3,0,0,0,1,1,0,0,14,0,0,0,0,1,0,5,2,1,0,0,0,0,0,3,0,0,1,0,0,0,0,0,2,0,2,1,1,0,1,0,0,0,12,0,0,246,0,87,0,1,1,1,0,0,0,1,0,2,0,0,0,0,0,0,0
2020-05-23,0,0,1,0,0,0,0,0,24,0,0,0,0,3,0,7,0,2,0,0,0,0,0,0,0,0,5,0,0,0,1,0,1,0,0,2,0,0,1,3,0,0,6,0,2,296,0,118,0,0,1,0,1,1,0,0,0,0,0,4,0,0,0,0,0
2020-05-24,4,0,0,2,0,0,1,0,17,0,0,0,1,1,0,0,0,0,0,0,0,0,0,0,1,0,3,2,0,2,1,0,0,0,0,1,0,0,0,1,0,0,8,0,0,257,1,85,1,0,0,1,0,0,1,0,1,5,0,2,2,0,0,0,0
2020-05-25,1,0,3,0,0,0,1,0,21,0,0,1,0,2,1,2,2,0,0,1,0,0,0,0,0,0,0,0,1,0,0,1,5,0,0,1,0,0,1,1,0,0,8,0,1,262,1,73,1,0,0,1,0,0,1,0,0,0,0,3,0,0,0,0,0
2020-05-26,1,0,1,0,1,1,0,0,20,0,0,3,0,2,0,5,0,0,1,0,0,0,0,0,1,0,0,0,2,2,1,0,2,0,1,0,0,0,1,0,0,0,12,0,0,333,0,122,1,1,5,2,0,0,0,0,2,1,0,6,0,0,0,0,0
2020-05-27,5,1,0,5,0,1,0,0,23,1,0,2,1,0,0,3,1,2,3,0,1,0,0,0,0,0,0,0,0,0,2,1,2,0,0,2,0,0,2,0,0,1,7,0,0,376,0,89,5,0,0,1,1,2,1,0,1,1,0,2,0,1,0,0,0
2020-05-28,8,1,0,0,1,0,0,0,19,0,0,0,1,2,0,6,1,1,1,0,0,0,1,0,0,0,6,0,0,3,1,0,3,0,0,6,1,1,0,1,0,1,7,0,1,372,0,91,2,0,0,5,0,1,0,2,1,0,0,1,1,0,0,0,0
2020-05-29,3,0,0,2,0,0,1,0,19,2,0,3,1,2,1,4,3,1,2,0,0,0,2,0,2,0,2,0,0,3,0,0,3,0,0,1,0,0,0,1,0,0,3,0,0,395,1,117,1,0,1,1,0,0,1,4,0,0,0,0,0,1,0,0,0
2020-05-30,0,0,3,0,0,0,0,1,21,1,0,1,0,1,0,3,1,1,1,1,2,0,0,0,1,0,0,0,0,6,0,0,8,0,0,1,0,0,0,0,0,2,10,0,0,400,0,94,2,0,0,2,0,0,0,0,0,3,0,0,0,0,0,0,0
2020-05-31,2,0,0,0,0,1,1,0,10,0,0,5,0,0,0,2,0,1,0,0,1,0,0,0,0,0,1,0,0,2,0,0,7,0,1,0,1,0,1,0,1,0,11,0,0,392,0,94,7,0,1,1,0,0,2,1,1,0,0,0,1,0,0,0,0
2020-06-01,4,0,0,1,0,1,1,0,17,1,0,1,5,0,0,2,1,1,1,1,1,0,0,0,0,0,0,0,0,4,0,0,4,0,0,1,0,1,2,0,0,0,8,0,0,341,1,84,1,0,0,1,0,0,3,1,0,1,0,2,0,0,0,0,0
2020-06-02,3,0,0,0,1,0,1,1,13,2,0,1,0,1,0,4,1,1,1,0,0,0,0,0,1,0,0,0,0,1,0,0,3,0,4,0,0,0,1,1,0,1,6,0,0,375,1,75,0,0,0,1,0,0,0,1,1,0,0,2,0,1,1,0,0
2020-06-03,5,0,2,3,0,0,1,0,14,0,0,5,0,1,0,5,0,0,4,0,0,0,0,0,0,0,2,0,1,1,1,0,8,0,0,0,0,0,2,0,0,0,8,1,0,332,0,90,0,0,0,2,0,0,0,0,0,2,0,6,0,3,0,0,0
2020-06-04,7,0,0,1,0,0,3,0,37,3,1,3,4,7,1,4,2,2,1,2,2,0,0,0,0,1,9,0,0,1,5,0,2,0,4,2,0,0,8,1,0,1,8,0,0,469,0,134,1,2,1,2,2,0,4,0,0,4,1,5,0,0,1,1,2
2020-06-05,42,2,2,12,2,2,4,1,106,4,1,6,6,18,1,19,4,10,15,3,2,1,3,1,3,0,12,3,1,9,4,2,16,2,4,17,2,2,17,1,1,9,23,1,0,1113,3,258,5,1,5,4,6,0,6,11,2,7,2,9,2,2,4,2,0
2020-06-06,17,5,1,6,2,2,4,5,89,0,2,4,1,11,1,7,7,5,14,5,1,0,6,3,4,1,7,1,2,12,6,0,15,0,5,12,1,1,9,2,2,3,31,3,1,934,2,212,8,5,4,1,3,2,12,11,5,6,0,13,2,3,0,0,3
2020-06-07,28,1,1,8,3,0,7,1,67,4,1,2,2,18,1,8,8,7,5,1,2,0,1,4,1,1,9,1,3,11,10,4,22,0,1,16,0,1,17,2,3,5,38,1,0,927,1,179,3,2,5,2,0,4,4,7,3,10,0,11,4,3,3,1,0
2020-06-08,33,0,3,10,0,3,1,0,62,2,0,5,0,16,1,12,3,4,9,4,0,1,1,0,0,0,7,1,0,3,13,0,18,1,13,9,2,3,11,4,0,4,17,2,3,754,2,150,4,1,5,2,0,1,1,13,2,11,2,4,0,4,3,1,2
2020-06-09,12,0,3,3,3,1,3,0,44,1,2,3,3,7,0,6,6,3,6,1,1,2,1,0,2,0,3,2,2,7,5,3,23,0,2,4,2,0,12,2,2,1,22,1,2,676,0,145,2,2,3,3,1,0,1,2,2,4,3,2,1,4,1,0,1
2020-06-10,8,0,0,0,1,2,1,0,34,0,2,4,7,6,1,6,3,1,3,5,2,1,1,0,1,0,1,0,2,4,4,3,7,1,4,3,1,0,7,2,0,3,12,0,0,517,1,84,1,2,7,2,4,0,2,4,1,3,2,5,3,3,0,0,0
2020-06-11,8,1,0,1,1,0,1,0,39,0,3,2,2,2,0,8,1,1,6,1,1,0,0,1,0,0,5,0,1,8,6,1,4,0,4,8,2,2,7,2,0,2,9,1,3,504,0,93,3,0,2,2,3,1,2,2,5,0,1,7,1,1,1,0,0
2020-06-12,11,0,1,4,4,0,3,2,34,1,0,5,4,10,1,6,1,2,5,2,0,0,0,1,1,0,0,1,0,4,4,4,5,0,2,4,0,1,4,0,1,1,7,0,0,476,0,83,2,2,3,0,1,1,5,4,3,0,0,2,3,5,2,2,0
2020-06-13,6,0,1,2,0,1,0,2,30,1,0,1,8,4,0,8,5,3,7,1,4,1,0,0,0,0,1,0,0,3,4,0,4,0,2,2,0,1,3,3,1,3,2,0,1,419,2,68,0,1,2,5,0,1,1,2,1,0,0,3,2,4,0,0,0
2020-06-14,8,0,3,5,0,1,1,0,17,0,3,3,3,9,1,3,2,1,3,0,0,2,1,2,1,0,0,0,0,3,10,0,7,0,5,3,1,2,2,1,5,1,8,0,0,418,2,62,1,0,7,1,0,0,1,1,3,4,1,2,1,3,0,0,1
2020-06-15,10,0,2,6,2,1,2,0,26,1,0,0,3,2,1,5,3,1,8,0,1,0,0,1,1,1,3,3,3,4,5,0,1,0,1,6,1,1,11,0,6,0,8,0,0,412,2,86,3,1,4,2,0,3,2,4,0,5,1,2,2,4,1,0,1
2020-06-16,8,3,1,4,1,0,1,5,18,3,1,0,4,4,0,2,0,2,3,3,1,2,2,0,0,0,2,0,3,4,11,2,1,2,1,2,0,3,0,3,0,2,9,0,0,384,0,102,0,0,4,0,2,0,3,6,1,3,4,7,0,8,4,1,0
2020-06-17,7,1,5,9,0,0,2,0,15,2,0,3,0,5,1,11,6,4,4,0,0,0,0,2,0,1,1,0,0,5,2,0,0,1,4,3,4,1,4,0,1,3,10,2,1,359,1,77,3,0,6,2,0,0,0,8,2,4,3,2,3,4,1,0,0
2020-06-18,8,4,5,7,7,2,5,1,43,1,5,6,8,7,1,9,2,8,7,3,3,1,4,0,2,1,4,2,0,13,19,1,15,3,1,18,0,0,4,1,2,5,11,3,0,833,0,173,3,3,3,6,2,1,5,11,4,3,5,4,3,8,1,1,0
2020-06-19,15,2,0,2,2,0,1,0,33,0,0,3,4,9,0,3,0,2,6,0,0,2,1,0,0,0,2,0,1,7,10,0,9,0,3,4,1,0,4,0,1,0,7,0,0,534,1,108,1,2,3,6,2,1,2,10,2,7,0,6,2,8,0,1,0
2020-06-20,9,0,2,3,1,0,0,1,21,5,1,1,3,2,0,8,1,4,8,0,0,0,6,0,0,1,3,3,0,7,7,2,3,0,1,12,0,1,1,3,0,2,2,1,1,520,3,89,0,2,2,4,4,0,3,3,4,8,1,4,4,9,1,2,0
2020-06-21,2,3,0,1,0,0,0,0,17,0,0,1,0,0,3,1,1,2,4,1,0,2,0,0,1,0,2,3,1,6,9,0,9,1,0,2,2,0,0,0,0,3,6,0,0,328,1,62,3,2,2,4,0,0,0,3,0,0,1,1,0,1,0,4,0
2020-06-22,8,1,2,16,3,3,2,1,21,2,0,4,5,2,0,2,1,7,9,2,0,0,1,2,0,0,2,0,0,7,3,1,5,0,0,2,0,2,1,1,1,4,14,2,0,419,1,104,1,1,0,1,0,0,4,7,0,5,6,6,0,4,1,0,0
2020-06-23,11,0,0,7,1,0,2,2,15,1,0,3,3,2,0,8,2,2,5,2,0,0,1,0,0,0,2,0,0,2,6,0,2,0,0,3,1,1,1,1,1,1,14,0,1,402,0,77,3,0,4,0,1,0,0,2,4,11,1,0,0,2,1,0,0
2020-06-24,9,0,1,3,4,1,0,4,17,1,3,4,2,0,0,7,1,3,2,1,0,1,1,0,0,3,4,1,2,6,2,1,3,0,2,3,0,0,3,1,1,4,8,1,2,357,1,55,1,0,3,2,0,0,4,2,0,3,1,5,1,3,2,0,0
2020-06-25,9,2,1,3,2,1,3,2,9,0,1,4,5,5,0,5,0,0,4,0,1,2,1,0,2,0,0,1,2,5,4,2,0,0,0,1,1,3,1,0,1,0,8,0,0,364,0,49,2,1,0,1,0,0,3,2,2,6,1,5,0,5,1,0,0
2020-06-26,2,0,0,0,1,1,0,1,14,0,0,2,5,1,1,0,1,0,8,2,0,0,1,0,0,0,0,0,2,3,1,1,4,0,2,4,0,1,2,4,1,0,4,0,0,321,0,60,0,5,3,4,1,1,4,4,1,1,1,1,1,4,3,0,0
2020-06-27,9,0,4,2,2,0,1,0,10,0,0,5,5,1,0,1,1,5,5,3,1,0,3,0,0,0,1,3,1,3,4,0,2,0,1,2,1,1,3,0,0,0,4,0,0,309,0,54,1,2,7,1,1,0,4,2,1,4,2,0,0,1,0,0,0
2020-06-28,7,0,3,1,1,0,0,0,11,1,0,3,0,0,1,3,1,3,7,3,0,0,1,0,1,0,1,0,4,3,2,1,6,0,0,3,0,0,1,1,1,2,5,0,1,261,0,57,1,3,1,2,0,2,1,2,0,1,2,2,0,2,3,0,0
2020-06-29,3,0,0,1,1,0,1,0,7,0,1,3,5,0,2,3,3,2,2,2,2,1,0,1,1,0,2,0,1,3,4,0,4,1,3,4,0,0,0,1,0,2,4,0,0,269,1,41,0,2,0,1,0,0,0,3,0,7,0,2,0,1,0,0,0
2020-06-30,9,0,3,2,1,0,2,0,13,0,0,0,4,2,0,1,0,0,7,1,0,1,0,1,0,1,0,0,1,3,1,0,0,0,1,2,0,0,2,1,1,2,5,1,0,296,4,66,3,5,1,2,0,0,2,4,0,6,0,4,1,4,0,0,0
2020-07-01,5,1,0,1,3,2,1,0,9,0,0,1,3,1,0,6,0,3,8,0,0,0,2,0,0,0,0,1,0,2,3,0,1,0,0,1,1,0,0,1,1,1,6,0,1,223,1,43,2,4,0,3,0,0,0,2,1,2,3,1,0,4,0,1,0
2020-07-02,6,0,0,0,0,0,1,0,4,2,0,0,7,0,0,5,3,0,3,0,0,0,1,1,1,0,2,0,1,0,4,0,1,0,0,0,3,0,1,0,1,6,5,1,0,194,1,31,0,1,0,0,0,0,0,0,1,0,0,4,0,1,1,0,0
2020-07-03,3,0,0,0,0,3,1,0,7,1,0,0,2,2,0,6,0,2,4,2,0,1,2,0,1,0,4,0,0,3,5,0,1,0,0,2,1,3,3,0,0,0,1,0,0,193,2,36,0,0,2,0,0,0,1,2,0,0,1,4,1,2,1,0,0
2020-07-04,2,0,0,4,0,0,1,0,7,1,0,0,5,1,0,3,2,1,0,0,0,0,0,1,2,0,3,0,0,2,2,0,6,0,2,1,0,1,1,0,0,0,1,0,0,237,0,69,0,3,4,1,0,0,2,0,0,1,0,0,0,3,0,0,0
2020-07-05,2,0,0,5,1,0,1,0,3,0,0,0,1,0,1,3,1,1,3,1,0,1,1,0,1,1,0,1,0,0,7,3,3,0,1,2,0,0,1,0,0,1,3,0,0,194,5,36,2,2,3,1,0,0,0,7,2,0,0,0,0,0,0,0,0
2020-07-06,1,0,0,1,0,0,0,0,5,0,2,1,8,1,0,0,0,0,2,1,1,2,2,1,1,0,0,0,0,1,2,0,2,0,1,1,1,2,3,1,0,0,9,1,0,203,2,47,0,0,0,2,0,0,0,0,0,0,0,1,1,5,0,0,0
2020-07-07,2,1,2,0,1,1,3,2,7,0,0,3,1,0,1,0,1,4,2,0,1,0,0,1,0,0,1,1,0,2,2,1,6,0,0,6,0,1,0,0,0,2,1,1,0,198,1,26,1,2,1,2,0,0,4,5,0,1,0,5,0,4,0,0,0
2020-07-08,10,1,1,1,0,0,3,0,7,0,0,0,2,0,1,2,0,0,2,0,0,0,0,0,0,0,0,0,1,2,0,0,5,0,2,3,0,1,1,2,0,0,1,0,1,191,1,46,0,1,3,0,1,0,0,4,1,1,1,0,0,1,0,1,0
2020-07-09,2,0,0,1,4,3,0,0,4,1,0,1,3,0,1,1,0,0,0,0,0,1,2,1,0,0,0,0,0,4,1,0,0,0,0,0,1,2,2,0,0,0,4,0,0,204,1,33,1,3,0,3,0,0,0,1,0,0,0,1,0,6,0,0,0
2020-07-10,1,0,1,1,0,1,2,0,3,1,0,2,9,1,1,2,1,3,1,1,0,1,1,0,3,0,0,2,2,1,6,3,0,0,0,2,1,0,1,0,0,3,2,0,0,211,2,26,3,3,0,1,0,0,1,2,1,0,0,0,2,1,0,0,0
2020-07-11,1,0,0,0,1,1,0,0,3,0,0,0,2,0,0,0,1,1,1,2,0,0,0,0,0,0,0,1,0,0,2,0,3,0,0,1,0,1,0,2,0,0,2,0,0,156,0,37,0,1,0,1,0,0,0,0,0,0,2,1,0,4,1,0,0
2020-07-12,3,1,0,0,2,0,0,0,7,1,0,1,2,2,1,0,0,3,1,0,1,0,0,0,0,0,0,0,0,3,2,0,2,0,0,0,0,1,0,2,1,0,1,0,0,174,0,24,0,0,1,2,0,0,0,5,0,1,0,2,0,2,1,1,0
2020-07-13,5,0,0,0,1,0,2,0,3,0,0,0,0,0,1,3,0,1,0,0,0,0,1,1,1,0,0,8,0,2,4,0,2,0,0,0,0,0,1,0,0,1,0,1,0,166,0,44,0,1,0,0,0,0,0,2,0,2,2,0,1,2,1,0,0
2020-07-14,1,0,0,5,0,0,0,1,2,0,0,2,1,0,0,1,0,1,2,0,1,0,0,0,0,0,5,1,0,4,4,0,2,1,0,0,0,1,0,0,1,0,3,0,0,135,0,33,0,2,0,2,0,0,4,2,0,1,0,0,0,6,0,1,1
2020-07-15,2,0,0,0,0,1,0,0,2,0,0,0,2,0,3,1,0,4,0,0,0,0,0,0,1,0,1,0,1,1,1,0,1,0,0,0,1,0,0,0,0,0,0,0,0,238,1,18,1,0,1,2,2,0,0,0,0,0,1,2,0,1,0,0,0
2020-07-16,0,0,0,0,0,0,0,0,3,0,0,0,1,0,0,0,0,1,0,0,0,0,2,0,0,0,0,1,1,2,3,0,2,0,0,0,0,3,0,0,0,0,1,1,0,209,0,17,5,0,0,0,0,0,0,0,0,2,0,0,0,2,2,0,0
2020-07-17,0,1,0,3,1,1,0,1,0,0,0,0,1,0,0,1,0,1,0,0,1,0,2,0,0,0,1,0,1,0,0,0,0,0,0,1,0,0,1,0,0,0,0,2,1,184,0,16,0,0,0,0,1,0,0,0,0,0,1,0,0,0,0,0,0
2020-07-18,1,0,0,0,2,0,0,0,1,0,0,2,1,1,0,0,0,2,0,0,0,2,0,0,1,0,1,2,0,2,1,0,1,0,0,0,0,1,0,0,0,0,0,0,0,212,0,16,3,0,0,0,2,0,0,0,0,0,1,0,0,5,0,1,0
2020-07-19,0,0,1,0,0,0,0,0,0,0,0,0,2,0,0,1,1,2,0,0,0,0,0,0,0,0,0,0,0,0,0,0,1,0,0,0,0,0,0,2,2,0,0,0,0,238,0,22,0,0,1,0,0,0,2,0,0,1,0,2,0,1,0,1,0
2020-07-20,1,0,0,2,0,1,0,1,3,0,0,0,1,0,0,2,0,0,0,0,1,0,1,0,0,0,0,0,0,0,0,0,2,0,0,1,4,1,0,0,0,2,0,0,0,177,0,11,0,1,0,0,0,0,0,3,0,0,0,0,0,1,0,0,0
2020-07-21,0,0,0,1,0,0,0,0,3,0,0,1,1,0,0,1,0,0,1,0,1,0,0,0,1,1,0,0,0,0,0,0,0,1,0,0,1,0,0,1,1,0,1,0,0,195,0,8,0,1,1,0,0,0,0,0,0,0,0,0,0,1,0,0,0
2020-07-22,1,0,0,1,1,0,0,1,1,0,0,0,2,0,0,1,0,2,0,0,2,0,2,0,0,0,0,0,0,0,2,0,0,0,1,1,0,2,1,0,0,0,0,0,0,176,0,27,0,0,0,1,1,0,0,0,0,0,0,0,1,0,0,0,0
2020-07-23,1,0,0,0,1,1,0,0,4,0,2,0,1,0,1,1,0,1,0,0,0,0,2,0,2,0,0,0,0,1,0,0,1,0,0,2,0,0,2,1,0,1,1,0,0,235,0,23,1,1,0,0,0,0,0,2,0,0,0,0,0,0,0,2,0
2020-07-24,0,0,0,1,0,1,1,0,1,0,0,0,1,1,0,0,0,1,0,0,1,0,4,0,0,0,0,0,1,3,0,0,2,0,1,1,2,0,0,0,0,1,0,0,0,208,0,28,0,0,1,2,0,0,0,1,0,0,1,1,0,0,0,1,1
2020-07-25,3,0,0,0,0,0,2,0,2,0,0,1,0,0,0,1,0,2,1,0,0,0,0,2,0,0,2,0,0,0,0,0,3,0,0,1,0,1,1,1,0,0,0,0,0,228,0,17,2,1,0,0,0,0,0,0,0,1,0,0,0,4,1,0,1
2020-07-26,1,0,0,2,1,0,3,0,1,0,0,0,0,2,0,0,0,0,0,0,0,0,1,0,1,0,1,0,1,0,0,0,0,0,0,0,1,0,0,1,2,0,3,0,0,181,1,22,0,4,0,0,0,0,0,0,0,0,0,0,0,0,0,2,0
2020-07-27,0,0,0,0,1,0,0,0,3,0,0,0,0,0,0,0,2,1,0,0,0,0,1,0,0,0,2,0,0,0,0,0,0,0,0,0,0,0,0,0,0,0,0,1,0,178,0,11,1,0,1,1,2,0,0,0,0,0,0,0,0,0,0,0,0
2020-07-28,0,0,0,0,0,0,0,0,1,0,0,0,0,0,0,1,0,3,1,0,0,1,2,0,0,0,0,0,0,2,1,0,0,0,0,2,0,0,0,1,0,0,0,0,1,199,1,12,0,0,1,0,0,0,0,0,1,0,0,0,0,0,0,0,0
2020-07-29,0,1,0,0,0,0,2,0,1,0,0,2,0,0,1,0,1,1,0,0,0,0,1,0,0,0,0,0,1,1,1,0,0,0,1,0,0,0,1,0,0,0,0,0,0,181,0,17,0,1,0,0,0,0,0,0,0,0,2,1,0,0,1,0,0
2020-07-30,3,0,1,1,3,0,0,0,1,1,1,1,0,0,0,1,0,0,0,0,0,0,0,0,0,1,0,0,0,0,0,0,1,0,0,0,1,1,0,0,0,1,0,1,0,171,0,18,0,0,1,0,0,0,0,0,0,0,0,0,0,1,0,1,0
2020-07-31,0,0,0,2,0,0,0,0,1,0,0,1,0,0,0,0,0,0,2,0,1,0,0,0,0,0,1,0,0,0,0,0,0,0,0,1,0,0,0,0,3,1,2,0,0,133,0,11,0,0,0,0,0,0,0,0,0,0,0,0,1,0,0,0,0
2020-08-01,2,0,0,2,0,0,0,0,1,0,1,0,1,0,0,0,1,0,0,0,1,1,0,0,0,0,0,0,0,0,0,0,0,0,0,0,2,3,1,0,0,0,0,0,0,133,0,11,1,0,0,0,0,0,0,0,0,0,0,0,0,0,0,1,1
2020-08-02,1,0,0,0,0,0,0,0,2,1,0,1,1,0,1,0,0,1,4,0,0,1,0,1,0,0,0,1,0,3,2,0,2,0,1,1,0,0,0,1,0,0,0,0,0,183,0,19,0,1,0,5,0,1,1,0,0,0,0,1,0,0,0,0,0
2020-08-03,2,0,0,1,1,0,0,0,2,0,0,0,1,0,0,0,0,3,0,0,1,0,1,0,0,0,1,0,0,1,0,0,0,0,0,0,0,1,0,0,2,0,1,1,0,183,0,11,1,1,1,1,0,0,0,0,0,1,0,0,0,2,1,0,0
2020-08-04,1,0,1,0,1,0,1,0,3,1,1,0,0,0,0,0,0,1,1,0,0,0,1,0,0,0,0,0,1,0,0,0,0,0,0,0,0,0,1,2,3,0,0,0,1,220,1,19,0,0,2,0,0,0,0,0,0,1,0,1,0,0,2,0,0
2020-08-05,1,0,0,1,2,1,1,0,0,0,0,1,0,0,0,3,1,3,0,0,0,0,0,0,2,0,0,0,0,1,1,0,0,0,0,0,0,0,0,0,0,0,0,0,0,211,0,29,0,0,1,4,0,0,0,1,0,0,0,0,2,0,0,0,0
2020-08-06,4,0,0,0,1,0,0,0,2,0,0,0,0,0,0,0,0,0,0,0,2,0,0,0,0,0,0,1,1,0,1,0,0,0,0,1,0,1,0,0,0,1,0,0,0,174,0,12,0,0,3,1,0,0,0,0,0,1,1,0,0,1,0,1,1
2020-08-07,1,1,0,0,0,3,1,0,1,1,0,1,0,0,0,1,0,1,1,0,0,2,0,0,0,0,0,0,0,1,0,0,2,0,1,2,1,0,2,1,0,0,0,0,0,194,1,16,0,0,2,0,0,0,0,0,0,1,0,0,1,0,1,1,0
2020-08-08,0,1,0,0,0,0,0,0,0,1,0,0,0,1,0,1,0,2,0,0,1,0,0,0,0,0,0,0,1,1,1,0,0,0,0,1,0,0,0,1,0,0,0,1,0,177,0,10,0,1,0,3,0,0,0,0,2,0,0,0,0,0,1,2,0
2020-08-09,0,0,0,0,0,0,0,0,2,0,0,0,0,0,1,0,0,1,1,0,1,0,0,0,1,0,1,0,0,0,0,0,1,0,1,0,0,1,0,0,0,0,0,0,0,161,0,18,0,0,0,0,1,0,0,1,0,0,1,0,0,1,0,0,3
2020-08-10,2,0,0,0,1,0,1,0,1,0,2,0,0,0,0,0,0,0,0,1,0,0,0,0,0,0,0,1,0,0,0,0,1,0,0,2,1,2,0,0,0,0,1,0,0,186,0,26,1,0,0,3,1,0,0,0,0,0,0,0,0,3,0,0,0
2020-08-11,0,0,0,0,1,0,0,0,1,0,0,0,0,0,0,0,1,0,2,0,0,0,1,0,0,0,0,0,0,0,0,0,1,0,0,2,1,0,1,0,0,0,1,0,0,196,0,10,0,0,0,1,0,0,0,0,0,0,0,0,0,0,0,0,1
2020-08-12,1,0,0,0,0,0,0,0,0,1,0,0,1,0,0,0,0,3,0,0,0,0,1,0,0,0,0,0,0,0,0,0,0,0,1,0,1,0,0,0,0,1,0,0,1,154,0,27,0,0,0,2,0,0,1,1,0,0,1,0,0,0,0,0,0
2020-08-13,1,2,0,2,0,0,0,1,1,0,3,0,0,0,0,3,0,1,1,0,0,1,0,0,0,0,2,0,0,1,1,0,0,0,0,3,0,0,0,0,0,1,0,0,2,138,0,7,0,0,0,0,0,0,0,0,0,0,0,0,0,0,0,0,0
2020-08-14,1,0,0,0,0,0,1,0,0,1,1,0,1,0,0,0,0,1,0,0,0,0,1,1,0,0,0,0,0,1,0,0,1,0,1,0,0,1,1,0,0,0,2,0,0,131,0,13,0,0,0,0,0,0,0,0,0,0,0,0,0,0,0,0,0
2020-08-15,2,0,0,0,0,0,0,0,0,0,0,0,1,0,0,3,0,0,1,0,0,0,0,0,0,0,1,0,0,0,1,0,0,0,0,0,0,0,0,0,0,0,0,0,0,119,0,11,1,0,0,2,0,0,0,0,0,0,0,0,0,1,1,0,0
2020-08-16,0,0,0,0,2,0,0,0,0,0,0,0,0,0,0,0,0,0,1,0,0,0,0,0,0,0,0,0,0,0,0,0,0,0,0,0,0,1,0,0,0,0,2,0,0,145,0,18,1,0,0,0,0,0,0,0,0,0,0,0,0,1,2,1,0
2020-08-17,1,0,0,0,0,0,0,0,3,0,0,0,0,0,0,4,0,0,0,0,0,0,0,0,0,0,1,0,0,0,0,0,4,0,0,0,0,0,0,0,0,0,0,0,0,121,0,11,0,0,2,1,1,0,1,0,0,1,0,0,0,0,0,0,1
2020-08-18,2,0,0,0,0,0,1,0,5,0,0,0,0,0,1,2,0,0,0,0,0,0,0,0,0,3,0,0,0,0,1,0,1,0,0,1,0,0,0,0,1,0,0,0,0,155,0,25,0,0,1,0,0,0,0,0,0,0,0,0,0,0,0,0,0
2020-08-19,1,0,0,0,0,0,0,0,0,0,0,0,0,0,0,0,0,1,1,1,0,0,0,0,0,0,0,0,0,3,2,0,0,0,0,1,0,1,0,1,0,0,1,0,0,162,0,27,0,0,0,0,0,1,0,0,0,0,0,1,0,0,0,0,0
2020-08-20,0,0,0,1,1,0,0,0,0,0,0,1,0,0,0,0,1,1,2,0,0,0,0,0,1,0,1,0,1,2,0,0,0,0,0,0,0,2,0,0,1,0,1,0,0,149,0,25,0,0,0,1,0,0,2,1,0,1,0,1,0,1,0,0,0
2020-08-21,0,0,0,0,2,0,0,0,1,0,0,0,0,0,1,0,0,0,0,0,1,0,3,0,1,0,1,0,1,0,0,0,0,0,0,0,0,0,0,0,0,0,0,0,0,147,0,17,0,1,0,0,0,0,0,0,1,0,1,0,0,0,0,0,0
2020-08-22,1,0,0,0,0,2,1,0,2,0,0,0,2,1,0,3,0,0,0,0,0,1,0,0,0,0,0,0,0,1,2,0,1,0,0,1,0,0,1,0,0,0,0,1,0,163,0,17,0,0,0,0,0,0,1,0,0,0,0,1,0,0,0,1,0
2020-08-23,1,0,0,0,0,0,0,0,1,1,0,0,0,0,0,3,0,0,0,0,0,0,0,0,0,0,0,0,0,3,0,0,0,0,0,1,0,0,0,0,0,0,0,1,1,139,0,20,0,1,0,0,0,0,0,0,0,0,0,0,1,0,0,1,0
2020-08-24,0,0,0,0,0,0,0,0,1,0,0,0,1,0,0,1,0,0,0,0,0,0,0,0,0,0,1,0,1,0,1,0,4,0,0,0,0,1,0,1,0,0,0,0,1,200,0,23,0,0,1,1,0,0,0,0,0,0,0,0,0,0,1,0,0
2020-08-25,0,0,0,0,1,0,0,0,0,0,0,0,0,0,0,1,0,1,3,0,0,0,0,0,0,0,0,0,0,1,0,0,0,0,0,0,0,0,2,0,2,0,0,0,0,169,0,30,0,0,0,0,0,0,1,1,0,0,0,0,0,0,0,0,0
2020-08-26,3,0,0,0,0,0,0,0,1,0,0,0,0,1,0,0,0,2,2,0,0,0,0,0,0,0,0,0,0,2,0,0,5,0,0,1,0,0,0,0,0,1,0,0,0,206,0,30,0,0,2,0,0,0,1,1,0,1,0,0,0,0,0,1,0
2020-08-27,0,0,0,0,2,0,0,0,1,0,0,0,1,0,0,0,0,0,0,0,0,0,0,0,0,1,1,0,0,1,0,0,1,0,0,0,0,0,1,0,0,0,2,0,0,195,0,23,1,1,2,0,0,0,0,0,0,0,0,0,0,0,0,1,0
2020-08-28,1,0,0,0,0,0,0,1,2,0,0,0,0,0,0,4,0,0,0,0,0,0,0,0,0,0,0,0,0,0,0,0,0,0,0,1,0,0,0,0,0,0,2,1,1,203,0,37,0,0,0,0,0,0,0,0,0,0,0,0,0,0,2,0,0
2020-08-29,0,0,0,1,0,1,0,0,0,0,0,1,0,0,0,1,0,0,0,0,0,0,1,0,0,0,0,0,0,0,0,0,1,0,0,0,0,0,0,0,0,1,2,0,0,238,0,37,0,0,0,0,0,0,0,0,0,0,0,1,0,0,0,0,0
2020-08-30,0,0,0,1,0,1,0,0,4,0,0,0,1,0,0,1,0,0,0,0,0,0,0,3,0,0,1,0,0,0,0,0,1,0,0,1,0,0,2,0,0,0,2,1,0,229,0,36,1,0,0,0,0,0,1,0,0,1,0,1,0,0,0,0,0
2020-08-31,0,0,0,1,0,0,0,0,5,0,0,0,0,0,0,1,0,0,1,0,0,0,0,0,0,0,0,0,0,0,0,0,2,0,0,0,0,0,0,2,0,0,0,0,0,244,0,30,0,0,0,0,2,0,3,0,0,0,0,0,0,0,0,0,0
2020-09-01,1,1,0,0,0,1,0,0,6,0,0,0,1,0,0,0,0,0,0,0,0,0,0,2,0,0,0,0,1,1,0,0,1,0,0,0,0,0,0,0,0,0,0,1,1,247,1,44,0,0,0,0,1,0,0,0,0,0,0,1,0,0,0,0,0
2020-09-02,0,0,0,0,2,0,0,0,4,0,0,0,0,3,0,0,0,0,0,0,1,0,2,0,0,0,2,0,0,0,0,0,3,0,0,3,0,0,0,0,0,0,1,0,1,259,0,44,0,2,1,0,1,0,0,0,1,0,1,2,0,0,0,0,0
2020-09-03,0,0,0,0,1,0,0,0,2,0,0,0,0,2,0,1,1,0,0,0,0,0,1,0,0,0,1,0,0,0,2,0,3,0,0,2,1,0,0,2,0,0,0,1,0,250,0,48,1,0,0,1,1,0,0,0,0,0,1,0,0,1,1,0,0
2020-09-04,1,0,2,3,0,0,0,0,7,0,0,0,0,0,0,0,0,0,1,0,1,0,0,0,0,2,1,0,0,2,1,0,2,0,0,1,0,1,0,0,0,0,0,0,1,253,0,34,1,0,1,0,1,0,1,0,0,0,0,1,0,0,0,0,0
2020-09-05,1,0,0,1,0,0,0,0,2,1,0,0,0,0,0,0,0,1,0,0,1,1,0,0,0,0,0,0,2,5,0,0,1,0,0,0,0,0,0,0,0,0,2,0,0,284,0,37,0,1,0,1,0,0,0,0,1,1,0,0,0,0,0,0,0
2020-09-06,0,0,0,0,0,0,0,0,8,0,0,0,0,0,0,0,1,0,0,1,0,0,0,1,0,1,0,0,1,0,1,0,1,0,0,0,0,0,0,0,0,0,2,0,0,244,0,31,0,0,0,0,0,0,2,0,0,0,0,0,0,0,1,0,0
2020-09-07,1,0,1,1,0,0,1,1,3,0,0,0,1,2,0,1,0,1,2,0,0,0,1,0,0,0,0,0,0,0,0,0,0,0,0,0,0,0,0,0,0,0,3,0,0,272,0,19,0,0,0,1,0,0,1,1,0,2,0,0,0,1,0,0,0
2020-09-08,0,0,0,0,0,1,1,0,4,0,0,0,0,1,0,1,0,2,2,0,0,0,0,0,0,0,0,0,1,1,1,0,2,0,0,2,0,0,0,1,0,0,1,0,0,253,1,28,0,0,0,0,0,0,0,0,1,0,0,1,0,0,0,0,0
2020-09-09,0,0,1,1,0,0,1,1,6,0,0,0,0,0,1,0,0,2,1,0,0,0,1,0,0,0,0,0,0,2,1,0,2,0,0,1,0,1,0,1,0,0,1,0,0,239,0,29,0,0,0,0,0,0,1,0,0,0,0,0,0,0,0,0,0
2020-09-10,0,1,1,4,0,1,0,0,1,1,0,0,0,2,0,2,0,0,1,0,0,0,0,0,0,0,0,1,0,3,0,0,1,0,0,0,1,0,0,1,0,0,1,0,0,200,0,20,1,0,0,2,0,0,0,2,0,1,0,1,0,0,0,0,0
2020-09-11,1,0,0,0,0,0,0,0,4,0,0,0,0,0,0,3,0,0,0,0,0,0,0,0,0,0,1,0,0,0,2,0,2,0,0,0,0,0,0,0,0,0,0,0,0,177,0,18,0,0,1,1,1,1,0,0,0,0,0,1,0,0,0,0,0
2020-09-12,0,1,0,2,1,1,1,0,2,0,0,0,0,0,0,3,0,0,0,1,0,0,0,0,0,0,0,0,0,1,0,0,2,0,0,1,0,1,0,0,0,1,2,1,0,168,0,15,1,0,0,0,1,0,1,1,0,1,0,0,0,0,1,0,0
2020-09-13,0,0,0,0,1,0,1,0,5,0,0,4,0,0,0,1,1,1,2,0,0,0,0,0,0,0,0,0,1,0,0,0,1,0,0,0,0,0,0,0,1,0,2,0,0,169,0,20,0,0,1,1,0,0,0,0,1,0,1,0,0,0,0,0,0
2020-09-14,2,0,0,1,0,0,0,1,0,0,0,5,0,0,0,1,0,0,1,0,2,0,0,0,1,0,0,0,0,3,2,0,0,0,0,0,0,1,0,0,1,0,1,0,0,155,0,14,0,0,0,0,1,0,0,3,0,0,0,0,0,0,0,0,0
2020-09-15,0,0,0,1,0,0,2,0,1,0,0,0,1,1,0,2,0,2,1,0,0,0,1,0,0,0,0,0,0,0,1,0,0,0,1,3,0,1,0,0,0,0,1,0,0,137,1,16,0,0,0,1,0,0,0,0,0,1,0,0,0,0,0,0,0
2020-09-16,0,0,0,0,0,0,0,0,2,0,0,0,0,0,0,3,0,1,1,0,0,0,1,0,0,0,0,0,0,1,2,0,1,0,0,0,0,1,0,0,1,0,2,0,0,123,0,22,4,0,0,0,1,0,1,0,2,0,0,0,0,0,0,0,0
2020-09-17,1,0,0,0,0,1,0,0,1,1,0,0,0,0,0,2,1,0,1,0,1,0,0,0,0,0,1,0,0,0,0,0,1,0,0,0,0,0,0,0,1,0,0,0,0,118,0,25,1,0,0,0,0,0,1,0,0,0,2,0,0,0,1,5,0
2020-09-18,0,1,0,0,1,0,1,0,0,0,0,1,0,0,0,2,0,0,0,0,0,0,0,0,1,0,0,0,0,4,1,0,0,0,0,0,0,0,0,0,0,0,4,0,0,127,0,12,0,1,0,0,0,0,0,1,0,1,0,0,0,0,0,0,0
2020-09-19,0,1,0,0,1,0,0,1,1,0,0,0,0,0,0,1,0,1,0,0,0,0,0,0,0,0,0,0,0,0,2,0,1,0,0,0,0,0,0,0,0,0,0,0,0,117,0,12,0,0,0,0,0,0,0,0,0,0,0,1,0,1,0,0,0
2020-09-20,4,0,0,0,0,0,0,0,0,0,0,2,0,0,0,0,1,1,1,0,0,0,0,0,0,0,0,1,0,1,0,0,0,0,0,0,0,0,0,0,0,0,0,0,0,98,0,11,0,0,1,0,0,0,0,0,0,0,0,1,0,0,1,0,0
2020-09-21,1,0,0,1,1,0,0,1,0,0,1,0,0,0,1,4,0,2,0,0,0,0,0,0,0,0,1,0,0,1,1,0,2,0,0,0,0,0,0,1,0,0,2,0,0,110,0,12,0,0,2,0,0,0,0,0,0,0,0,1,0,1,0,0,0
2020-09-22,2,0,0,0,0,0,0,0,3,0,0,1,0,0,0,0,0,1,2,0,0,1,0,0,0,0,0,0,0,1,0,2,0,0,0,0,0,0,0,0,1,0,0,0,0,95,0,6,0,0,0,1,0,0,1,1,0,0,0,0,0,0,0,0,0
2020-09-23,0,0,0,0,0,0,0,0,1,0,0,0,0,0,0,0,0,1,0,0,0,0,0,0,0,0,0,0,0,0,0,0,0,0,0,0,0,2,0,0,0,0,2,0,0,64,0,7,0,0,0,0,0,0,0,1,0,0,0,0,0,0,0,0,0
2020-09-24,0,0,0,0,0,0,0,0,0,0,0,0,0,0,0,0,0,1,1,0,0,0,0,0,0,0,0,0,0,0,1,0,0,0,0,0,0,0,0,1,0,0,0,0,0,58,0,4,1,0,0,0,0,0,0,1,0,0,0,1,0,0,0,0,0
2020-09-25,0,1,0,1,0,0,0,0,1,0,0,0,1,0,0,1,0,0,0,0,0,0,0,0,2,0,0,0,0,0,0,0,0,0,0,0,0,0,0,0,0,0,0,0,0,78,0,9,0,0,0,0,0,0,1,0,0,0,0,0,0,0,0,0,0
2020-09-26,0,0,0,0,1,0,0,0,0,0,0,0,0,1,0,0,0,0,0,0,0,0,0,0,0,0,1,0,0,0,0,0,0,0,0,0,0,0,0,0,0,0,0,0,1,49,0,15,0,0,0,0,0,0,1,0,1,0,0,0,0,0,0,0,0
2020-09-27,2,0,0,0,0,0,0,0,0,0,1,1,1,0,0,2,0,0,0,0,0,0,0,0,0,0,0,0,0,1,0,0,0,0,0,1,0,0,2,0,0,0,0,0,0,61,0,9,0,0,0,0,0,0,0,0,0,0,0,0,0,0,0,0,0
2020-09-28,0,0,0,0,0,0,0,0,0,0,0,0,2,0,0,0,0,0,1,0,0,0,0,0,0,0,0,0,0,0,2,0,2,1,0,0,0,0,1,0,0,0,1,0,0,71,0,5,0,0,0,0,0,0,1,0,0,0,1,0,0,1,0,0,0
2020-09-29,3,0,0,0,0,0,0,0,0,1,0,0,0,0,0,0,0,0,0,0,0,0,0,0,0,0,0,0,0,0,0,0,0,0,0,0,0,0,0,0,0,0,2,0,0,66,0,10,0,0,0,1,0,0,0,0,0,0,0,0,0,0,0,0,0
2020-09-30,1,0,0,0,0,0,1,0,0,0,0,0,0,2,0,0,0,0,0,0,0,0,0,0,0,0,0,0,0,1,0,0,0,0,0,0,0,0,0,0,0,0,2,0,0,53,0,7,1,0,0,0,0,0,0,0,0,0,0,0,0,0,0,0,1
2020-10-01,0,0,0,0,0,0,0,0,0,0,0,0,0,1,0,0,0,1,0,0,0,0,0,0,0,0,0,0,0,1,0,0,0,0,0,0,0,0,0,0,0,0,1,0,0,58,0,9,0,0,0,0,0,0,0,0,0,0,0,0,0,0,0,0,0
2020-10-02,0,0,0,0,0,0,0,0,1,0,0,0,0,0,0,0,0,0,0,0,0,0,0,0,0,0,0,0,0,0,0,0,0,0,0,0,0,0,0,0,0,0,0,0,0,37,0,10,0,0,0,1,0,0,0,0,0,0,0,0,0,0,0,0,0
2020-10-03,0,0,0,0,0,0,0,0,0,0,3,0,0,0,0,0,0,1,0,0,0,0,0,0,0,0,0,0,0,0,0,0,0,0,0,0,0,0,0,0,0,0,0,0,0,46,0,8,0,0,0,0,0,0,0,0,0,0,0,0,0,0,0,0,0
2020-10-04,0,0,0,1,0,0,0,0,0,0,0,0,0,0,0,0,0,0,0,0,0,0,0,0,0,0,0,0,0,0,0,0,0,0,0,2,0,0,0,0,0,0,0,0,0,41,0,9,0,0,0,0,0,0,0,0,0,0,0,0,0,0,0,0,0
2020-10-05,0,0,0,0,0,0,0,0,0,0,0,0,0,0,0,0,0,0,0,0,0,0,0,0,0,0,0,0,0,0,0,0,1,0,0,0,0,0,0,0,0,0,0,0,0,36,0,9,0,0,0,1,0,0,0,2,0,0,0,0,0,0,0,0,0
2020-10-06,0,0,0,0,0,0,0,0,3,0,0,0,0,0,0,0,0,0,0,0,0,0,0,0,0,0,0,0,0,0,0,0,3,0,0,0,0,0,0,0,0,0,0,0,0,44,0,10,0,0,1,0,0,0,0,0,0,0,0,0,0,1,0,0,0
2020-10-07,0,0,0,0,0,0,0,0,2,0,0,0,0,1,0,0,0,0,0,0,0,0,0,0,0,0,0,0,0,0,0,0,2,0,0,0,0,0,0,0,0,0,3,0,0,49,0,9,0,0,0,0,0,0,0,0,0,0,0,0,0,0,0,0,0
2020-10-08,0,0,0,0,0,0,0,0,1,0,0,1,0,0,0,0,0,0,0,0,0,0,0,0,0,0,0,0,0,0,1,0,0,0,0,0,0,0,0,0,0,0,0,0,0,66,0,11,0,0,0,0,0,0,0,1,0,0,0,0,0,0,0,0,0
2020-10-09,0,0,1,0,0,0,0,0,2,0,0,0,0,0,0,0,0,0,0,0,0,0,0,0,0,0,0,0,0,0,0,0,1,0,0,0,0,0,0,0,0,0,0,0,0,37,0,5,0,0,1,0,0,0,0,0,0,0,0,0,0,0,0,0,0
2020-10-10,0,0,1,0,0,0,0,0,0,0,0,0,0,0,0,0,0,0,0,0,0,0,0,0,0,0,0,0,0,0,0,0,0,0,0,0,0,0,0,0,0,0,0,0,0,37,0,7,0,0,0,0,1,0,0,0,0,0,0,0,0,0,0,0,0
2020-10-11,0,0,0,0,0,0,0,0,0,0,0,0,0,0,0,0,0,0,0,0,0,0,0,0,0,0,0,1,0,0,0,0,0,0,0,0,0,1,1,0,0,1,0,0,0,42,0,7,0,0,0,0,0,0,0,1,0,0,0,0,0,0,0,0,0
2020-10-12,0,0,0,0,0,0,0,0,0,0,0,0,0,0,0,1,0,0,1,0,0,0,0,0,0,0,0,0,0,0,0,0,0,0,0,0,0,0,0,0,0,0,0,0,1,56,0,13,0,0,0,1,0,0,0,0,0,0,0,0,0,0,0,0,0
2020-10-13,0,0,0,0,0,0,0,0,1,0,0,0,1,0,0,0,0,0,1,0,0,0,0,0,0,0,0,0,0,0,0,0,0,0,0,1,0,0,0,0,1,1,0,0,0,52,0,11,0,0,0,0,0,0,0,0,0,0,0,0,0,0,1,0,0
2020-10-14,0,0,0,1,0,0,0,0,0,0,0,0,0,0,0,0,0,0,0,0,0,0,0,0,0,0,0,0,0,0,0,0,0,0,0,0,0,2,0,0,0,0,0,0,0,45,0,7,0,0,0,0,0,0,1,1,0,0,0,0,0,0,0,0,0
2020-10-15,0,0,0,0,1,0,0,0,3,0,0,0,0,0,0,0,0,0,0,0,0,0,0,0,0,0,0,0,0,0,0,0,0,0,0,0,0,0,0,0,0,0,0,0,0,44,0,5,0,0,0,0,0,0,0,0,0,1,0,0,0,0,0,1,0
2020-10-16,0,0,0,0,0,0,0,0,1,0,0,0,0,0,0,0,0,0,0,0,0,0,0,0,0,0,1,0,0,0,1,0,0,0,0,0,0,0,0,0,0,0,0,0,0,57,0,12,0,0,0,0,0,0,0,0,0,0,0,0,0,0,0,0,1
2020-10-17,0,0,0,0,0,0,0,0,0,0,0,0,0,0,1,0,0,0,0,0,0,0,0,0,0,0,0,0,0,0,1,0,1,0,0,0,0,0,0,0,0,0,0,0,0,47,0,9,0,0,0,0,0,0,1,0,0,0,0,0,0,0,0,0,0
2020-10-18,0,0,0,0,0,1,0,0,4,0,0,0,0,0,0,0,0,0,0,0,0,0,0,0,0,0,0,0,0,0,0,0,1,0,0,0,0,0,0,0,0,0,0,0,0,61,0,9,0,0,0,0,1,0,0,0,0,0,0,0,1,0,0,0,0
2020-10-19,0,0,0,0,0,0,0,0,0,0,0,0,0,0,0,0,0,0,0,0,0,0,0,0,0,0,0,0,0,0,0,0,0,0,0,0,0,0,0,0,0,0,1,0,0,77,0,16,1,0,0,0,0,0,0,0,0,0,0,0,0,0,0,0,0
2020-10-20,0,0,0,0,0,0,0,0,0,0,0,0,0,0,0,0,0,0,0,0,1,0,0,0,2,0,0,0,0,0,0,0,0,0,0,0,0,2,0,0,0,0,0,0,0,56,1,12,0,0,0,0,0,0,0,0,0,0,0,0,0,0,0,0,0
2020-10-21,0,0,0,0,0,0,0,0,0,0,0,1,0,0,0,0,0,0,0,0,0,0,0,0,0,0,0,0,0,0,0,0,0,0,0,0,0,0,0,0,0,0,0,0,0,70,0,9,0,0,0,1,0,0,0,0,0,0,0,0,0,0,1,0,0
2020-10-22,0,0,0,1,0,0,0,0,1,0,0,0,0,0,0,0,0,0,0,0,0,0,0,0,0,0,0,0,0,0,0,0,0,0,0,0,0,0,0,0,0,0,0,0,0,54,0,7,0,0,0,0,0,0,0,0,0,0,0,0,0,0,0,0,0
2020-10-23,0,0,0,0,1,0,0,0,0,1,1,0,0,0,0,0,0,0,0,0,0,0,0,0,0,0,0,0,0,0,0,0,0,0,0,1,0,0,0,0,0,0,0,0,0,49,0,5,0,2,0,0,0,0,0,0,0,0,0,0,0,0,0,0,0
2020-10-24,1,0,0,0,0,1,0,0,0,0,0,0,0,0,0,0,0,0,0,0,0,0,0,0,0,0,0,0,0,0,0,0,0,0,0,0,0,1,0,0,0,0,0,0,0,47,0,9,0,0,0,0,0,0,0,0,0,0,0,0,0,0,1,0,0
2020-10-25,0,0,0,0,0,0,0,0,1,0,0,1,0,0,0,0,1,0,0,0,0,0,0,0,0,0,0,0,0,0,0,0,0,0,0,0,0,0,0,0,0,0,0,0,0,45,1,6,0,0,0,0,0,0,0,0,0,1,0,0,0,0,0,0,0
2020-10-26,0,0,0,0,0,0,0,0,0,0,0,0,0,0,0,0,0,0,1,0,0,0,0,0,0,0,0,0,0,0,1,0,0,0,0,0,0,0,0,0,1,1,0,0,0,41,0,8,0,0,0,0,0,0,0,0,0,0,0,0,0,0,0,0,0
2020-10-27,0,0,0,0,0,0,0,0,1,0,0,0,0,0,0,0,0,0,0,0,0,0,0,0,0,0,0,0,0,0,0,0,0,0,0,0,0,0,0,0,0,0,0,0,0,52,0,6,0,0,0,0,0,0,0,0,0,0,0,0,0,0,0,0,0
2020-10-28,0,0,0,0,0,0,0,0,0,1,0,1,0,0,0,0,0,0,1,0,0,0,0,0,0,0,0,0,0,1,0,0,1,0,0,0,1,0,0,0,1,0,0,0,0,63,0,12,0,0,0,0,0,0,0,0,0,0,0,0,0,0,0,0,0
2020-10-29,0,0,1,0,0,0,0,0,1,0,0,0,0,0,0,1,0,0,1,0,0,0,0,0,0,0,0,0,0,1,0,0,2,0,0,0,0,0,0,0,0,0,0,0,0,59,0,10,0,0,0,0,0,0,0,0,0,0,0,1,0,0,0,0,0
2020-10-30,0,0,0,0,0,0,0,0,0,0,0,0,0,0,0,0,0,0,0,0,0,0,0,0,0,0,0,0,0,1,0,0,0,0,0,0,0,0,0,0,0,0,0,0,0,58,0,4,0,0,0,0,0,0,0,0,0,0,0,0,0,0,0,0,0
2020-10-31,0,0,0,0,0,0,0,0,0,0,1,0,0,0,0,1,0,0,0,0,0,0,0,0,0,0,0,0,0,0,0,0,0,0,0,0,0,0,0,0,0,0,1,0,0,49,0,7,0,0,0,0,0,0,0,0,0,0,0,0,0,0,0,0,0
2020-11-01,0,0,0,0,0,0,0,0,0,0,0,1,0,0,0,0,0,0,0,0,0,0,0,0,0,0,0,0,0,0,0,0,0,0,0,0,0,0,0,0,0,0,0,0,0,60,0,7,0,0,1,0,0,0,2,0,0,0,0,0,0,0,0,0,0
2020-11-02,0,0,0,0,1,0,0,0,0,0,0,0,0,0,0,0,0,0,0,0,0,0,0,0,0,0,0,0,0,1,0,0,1,0,0,0,0,0,0,0,0,0,1,0,0,58,0,12,0,0,0,0,0,0,0,0,0,0,0,0,0,0,0,0,0
2020-11-03,0,0,0,0,1,0,0,0,0,0,0,0,0,0,0,0,0,2,0,0,0,0,0,0,0,0,0,0,0,1,0,0,0,0,0,0,0,0,0,0,0,0,0,0,1,59,0,9,0,0,0,0,0,0,0,1,0,0,0,0,0,0,0,0,0
2020-11-04,0,0,0,0,0,0,1,0,4,0,0,0,0,0,0,0,0,0,0,0,0,0,0,0,0,0,0,0,0,0,0,0,0,0,0,0,0,1,0,0,0,0,0,0,0,57,0,11,0,0,0,0,0,0,0,0,0,0,0,0,0,0,0,0,0
2020-11-05,0,0,0,0,0,0,0,0,0,0,0,0,0,1,0,0,0,0,0,0,0,0,0,0,0,0,0,0,0,0,0,0,3,0,0,0,0,1,0,0,0,0,0,0,0,52,0,13,0,0,0,1,0,0,0,0,0,0,0,0,0,0,0,0,0
2020-11-06,0,0,0,0,0,0,0,0,0,0,0,0,0,0,0,0,0,0,0,0,0,0,0,0,2,0,0,0,0,1,0,0,0,0,0,1,0,0,0,1,0,0,0,0,0,57,0,8,0,0,0,0,0,0,0,0,0,0,0,3,0,0,0,0,0
2020-11-07,0,0,0,0,0,0,0,0,1,0,0,0,1,0,0,0,0,0,0,0,0,0,0,0,0,0,0,0,0,0,0,0,2,0,0,0,0,0,0,0,0,0,0,0,0,57,0,5,0,0,0,0,0,0,0,0,0,0,0,0,1,0,0,0,0
2020-11-08,0,0,0,0,0,0,0,0,0,0,1,0,0,0,1,0,0,0,0,0,0,0,0,0,0,0,0,0,0,0,0,0,0,0,0,0,0,0,0,0,0,0,0,0,0,52,0,16,0,0,0,0,0,0,0,0,0,0,0,0,0,0,0,0,0
2020-11-09,0,0,0,0,0,0,0,0,0,0,0,0,0,0,0,0,0,0,0,0,0,0,0,1,0,0,1,0,0,0,1,0,0,0,0,0,0,0,0,0,0,0,1,1,0,70,0,12,0,0,0,0,0,0,0,0,0,0,0,0,0,1,0,0,0
2020-11-10,0,0,0,1,0,0,0,0,0,0,0,0,0,0,0,0,0,0,0,0,0,0,0,0,0,0,0,0,0,3,0,0,0,0,0,0,0,0,0,0,0,1,2,0,0,60,0,5,0,0,0,1,0,0,0,0,0,0,0,0,0,0,0,0,0
2020-11-11,0,0,0,0,0,0,0,0,1,0,0,0,0,0,0,0,0,0,0,0,0,0,0,0,0,0,0,0,0,0,0,0,0,0,0,0,0,0,0,0,0,0,1,0,0,57,0,9,0,0,0,0,0,0,0,0,0,0,0,1,0,0,0,0,0
2020-11-12,0,0,0,0,0,0,0,0,0,0,0,0,0,0,0,0,1,0,0,0,0,0,0,0,0,0,0,0,0,0,0,0,0,0,0,0,0,0,0,0,0,0,0,0,0,60,0,8,0,0,0,0,0,0,0,0,0,1,0,0,0,1,0,0,0
2020-11-13,0,0,0,0,0,0,0,0,1,0,0,0,0,0,0,0,0,0,0,0,0,0,0,0,0,0,0,0,0,0,0,0,1,0,0,0,0,0,0,0,0,0,0,0,0,61,0,10,0,0,0,0,0,0,0,0,0,0,0,0,0,0,0,0,0
2020-11-14,1,0,0,0,0,0,0,0,0,0,0,0,0,0,0,0,0,0,0,0,0,0,0,0,0,0,0,0,0,1,0,0,1,0,0,0,0,0,0,0,0,0,0,0,0,79,0,13,0,0,0,0,0,0,0,1,0,0,0,0,0,0,0,0,0
2020-11-15,0,0,0,0,1,0,0,0,1,0,0,1,0,0,0,1,1,1,0,0,0,0,0,0,0,0,0,0,0,0,1,0,0,0,0,0,0,0,1,0,0,0,0,0,0,63,0,16,0,0,0,0,1,0,0,0,0,0,0,0,0,0,0,0,0
2020-11-16,1,0,1,1,0,0,0,0,0,0,0,0,0,0,0,0,0,0,0,0,0,0,0,0,0,0,0,0,0,0,1,0,0,0,0,0,0,0,1,0,0,0,0,0,0,68,0,14,0,0,0,0,0,0,2,2,0,0,0,0,0,0,0,0,0
2020-11-17,1,0,0,1,0,0,0,0,1,0,0,0,0,0,0,0,0,0,0,0,0,0,0,0,0,0,1,0,1,0,0,0,1,0,0,0,0,0,0,0,0,0,0,0,0,62,0,14,0,0,0,0,0,0,0,0,0,0,0,0,0,1,0,0,0
2020-11-18,1,0,0,1,0,0,0,0,3,0,0,0,0,0,0,1,0,0,0,0,0,0,0,0,0,0,0,0,0,0,0,0,0,0,0,0,0,0,0,0,0,0,1,0,0,66,0,17,0,0,0,0,0,0,0,0,0,0,0,0,0,0,0,0,0
2020-11-19,0,0,0,0,0,0,0,0,2,0,0,0,0,0,0,0,0,0,0,0,0,0,0,0,0,0,0,0,0,0,0,0,2,0,0,0,0,1,0,0,0,0,0,0,0,55,0,9,0,0,0,0,0,0,0,0,0,0,0,0,0,1,0,1,0
2020-11-20,0,0,0,0,0,1,0,0,0,0,0,1,0,0,0,0,0,0,0,2,0,0,0,0,0,0,0,0,0,0,0,0,1,0,0,0,0,0,0,1,0,0,2,1,0,60,0,10,0,0,0,0,0,0,0,0,0,0,0,0,0,0,0,0,0
2020-11-21,0,0,0,0,0,0,0,0,0,0,0,0,0,0,0,0,0,1,1,0,0,0,1,0,0,0,0,1,0,0,0,0,0,0,0,0,0,1,0,0,0,0,0,0,0,68,0,13,0,0,0,0,0,0,0,1,0,0,0,0,0,0,1,0,0
2020-11-22,0,0,0,0,0,0,0,0,0,0,0,0,0,0,0,0,0,0,0,0,0,0,0,0,0,0,0,0,0,0,0,0,1,0,0,0,0,0,0,0,0,0,1,0,0,62,1,14,0,0,0,0,0,0,0,0,0,0,0,0,0,0,0,0,0
2020-11-23,0,0,0,1,0,0,0,0,0,0,0,0,0,0,0,1,0,0,0,0,0,0,0,0,0,0,0,0,0,0,1,0,0,0,0,0,0,0,0,0,1,0,1,0,2,71,0,15,0,0,0,0,0,0,0,0,0,0,0,0,0,0,1,0,0
2020-11-24,0,0,0,0,0,0,0,0,1,0,0,0,0,0,0,1,0,1,0,0,0,0,0,0,0,0,0,0,0,0,0,0,0,0,0,0,0,0,0,0,0,0,0,0,0,63,0,13,0,0,0,0,0,0,0,0,0,0,0,1,0,0,0,0,0
2020-11-25,0,0,0,0,0,0,0,0,1,0,0,0,0,1,0,0,1,0,0,0,0,0,0,0,0,1,0,0,0,0,0,0,0,0,0,0,0,0,0,0,1,1,0,0,0,61,0,11,0,0,0,0,0,0,0,0,0,0,0,0,0,0,0,0,0
2020-11-26,0,0,0,0,0,0,1,0,1,0,0,0,0,0,0,0,0,0,0,0,0,0,1,0,0,0,0,0,1,1,0,0,0,0,0,0,0,0,0,0,0,0,0,0,0,36,0,11,0,0,0,0,0,0,0,0,0,0,0,0,0,0,0,0,0
2020-11-27,0,0,0,1,0,0,0,0,0,0,0,0,0,0,0,0,0,0,0,0,0,0,0,0,0,0,1,0,0,2,0,0,0,0,0,0,0,0,0,0,1,0,0,0,0,53,1,6,0,0,0,0,0,0,1,0,0,0,0,0,0,0,0,0,0
2020-11-28,0,0,0,0,0,0,0,0,0,0,0,0,0,0,0,0,0,0,0,0,0,0,0,0,1,0,0,0,0,0,0,0,1,0,0,0,0,0,0,0,0,0,0,0,0,52,0,18,0,1,0,0,0,0,1,0,0,0,0,0,1,0,0,0,0
2020-11-29,0,0,0,1,0,0,0,0,2,0,0,0,0,0,0,1,0,0,0,1,1,0,0,0,0,0,0,0,0,0,0,0,0,0,0,0,0,0,0,3,0,0,0,0,0,71,0,19,0,0,0,0,0,0,0,0,0,0,0,0,0,0,0,0,0
2020-11-30,0,0,0,0,0,0,0,0,1,0,0,0,0,0,0,0,0,0,0,0,0,0,0,0,0,0,0,0,0,0,0,0,0,0,0,1,0,0,0,0,0,0,0,0,0,57,0,15,0,0,0,0,0,0,0,0,0,0,0,0,0,0,0,1,0
2020-12-01,0,0,0,1,0,0,0,0,1,0,0,0,0,0,0,0,0,0,0,0,0,0,0,0,0,0,0,0,1,0,0,0,1,1,0,0,1,0,0,0,0,0,0,0,0,73,0,16,0,0,0,0,0,0,0,0,0,0,0,0,0,0,0,0,0
2020-12-02,0,0,0,1,0,0,0,0,2,0,0,0,0,0,0,0,0,0,0,0,0,0,0,0,0,0,0,0,0,1,0,0,0,0,0,0,0,0,0,0,0,0,2,0,0,53,0,5,0,0,1,0,0,0,0,0,0,0,0,0,0,0,0,0,0
2020-12-03,0,0,0,0,0,0,0,0,1,0,0,0,0,0,0,1,0,0,0,0,0,0,0,0,0,0,0,0,0,0,0,0,0,0,0,0,0,0,0,0,0,0,0,0,0,44,0,7,0,0,0,0,0,0,0,0,0,0,1,0,0,0,0,0,0
2020-12-04,0,0,0,0,0,0,0,0,0,0,0,0,0,0,0,0,0,0,0,0,0,0,0,0,0,0,0,0,0,0,0,0,0,0,0,1,0,0,0,0,0,0,0,0,0,52,1,4,0,0,0,0,0,0,0,0,0,0,0,0,0,0,0,0,0
2020-12-05,0,0,0,0,0,0,0,0,0,0,0,0,0,0,0,0,0,0,0,1,0,0,0,0,0,0,0,0,0,0,1,0,0,0,0,0,0,0,0,0,0,0,0,0,0,49,0,2,0,0,0,1,0,0,0,0,0,0,0,0,0,0,0,0,0
2020-12-06,0,0,0,0,0,1,0,0,0,0,0,0,0,0,0,0,0,0,0,0,0,0,0,0,0,0,0,0,0,0,0,0,0,0,0,0,0,0,0,0,0,0,0,0,0,24,0,4,0,0,0,0,0,0,2,1,0,0,0,0,0,0,0,0,0
2020-12-07,0,0,0,0,0,0,0,0,0,0,0,0,0,0,0,0,0,0,0,0,0,0,0,0,1,0,0,0,0,0,0,0,0,0,0,0,0,0,0,0,0,0,0,0,0,42,0,5,0,0,0,0,0,0,0,0,0,0,0,0,0,0,0,0,0
2020-12-08,0,0,0,1,0,0,0,0,0,0,0,0,1,0,0,0,0,0,0,0,0,0,0,0,0,0,0,0,0,0,0,0,0,0,0,0,0,0,0,0,0,0,0,0,0,42,0,4,0,0,0,0,0,0,0,0,0,0,0,0,0,1,0,0,0
2020-12-09,0,0,0,0,0,1,0,0,0,0,1,0,0,0,0,1,0,0,0,0,0,0,0,0,0,0,0,0,0,0,0,0,0,0,0,0,0,0,0,0,0,0,0,0,0,52,0,8,0,0,0,0,0,0,0,0,0,0,0,0,0,0,0,0,0
2020-12-10,0,0,0,0,0,0,0,0,1,0,0,0,0,0,0,0,0,0,0,0,0,0,0,0,0,0,0,0,0,0,0,0,1,0,0,0,0,0,0,0,0,0,1,0,0,27,0,8,0,0,1,0,0,0,0,0,0,0,0,0,0,0,0,0,0
2020-12-11,0,0,0,0,0,0,0,0,1,0,0,0,0,0,0,1,0,0,1,0,0,0,0,0,0,0,0,0,0,1,0,0,0,0,0,0,0,0,0,0,0,0,0,0,0,25,0,3,3,0,0,0,0,0,0,0,0,0,0,0,0,0,0,0,0
2020-12-12,0,0,0,0,0,0,0,0,1,0,0,0,0,0,0,1,0,0,0,0,0,0,0,0,0,0,1,0,0,0,0,0,0,0,0,0,0,0,0,0,0,0,0,0,0,41,0,2,0,0,1,0,0,0,1,0,0,0,0,0,0,0,0,0,0
2020-12-13,1,0,0,0,0,0,0,0,1,0,0,0,0,0,0,1,0,0,0,0,0,0,0,0,0,0,0,0,0,1,0,0,0,0,0,0,0,0,0,0,0,0,0,0,0,38,0,5,0,0,1,0,0,0,0,0,0,0,0,0,0,0,0,0,0
2020-12-14,0,0,0,0,0,0,0,0,0,0,0,2,0,0,0,0,0,0,0,0,0,0,0,0,0,0,0,0,0,0,0,0,0,0,0,0,0,0,0,0,0,0,0,0,0,39,0,6,1,0,0,0,0,0,0,0,0,0,0,0,0,0,0,0,0
2020-12-15,1,0,0,0,0,0,0,0,2,0,0,0,0,0,0,0,0,0,0,0,1,0,0,0,0,0,0,0,0,0,0,0,0,0,0,0,0,0,0,0,0,0,0,0,0,34,0,4,0,0,0,0,0,0,0,0,0,0,0,0,0,0,0,0,0
2020-12-16,1,0,0,0,0,0,0,1,1,0,0,1,0,0,0,0,0,0,0,0,0,0,0,0,0,0,0,0,0,0,1,0,1,0,0,0,0,1,0,0,0,0,0,0,0,30,0,4,0,0,1,0,0,0,0,0,0,0,0,0,0,0,0,0,0
2020-12-17,0,0,0,0,0,0,0,0,1,0,0,0,0,1,0,0,0,0,0,0,0,0,0,0,0,0,0,0,0,0,0,0,0,0,0,0,0,0,0,0,0,0,0,0,0,30,0,1,0,0,0,0,0,0,0,0,0,0,0,0,0,0,0,0,0
2020-12-18,0,0,0,0,0,0,0,0,1,0,0,0,0,0,0,0,0,0,0,0,0,0,0,0,0,0,0,0,0,0,0,0,0,0,0,0,0,0,0,0,0,0,0,0,0,19,0,3,0,0,1,0,0,0,0,0,0,0,1,0,0,0,0,0,0
2020-12-19,0,0,0,0,0,0,0,0,0,0,0,0,0,1,0,0,0,0,0,0,0,0,0,0,0,0,0,0,0,0,0,0,0,0,0,0,0,0,0,0,0,0,0,0,0,17,0,4,0,0,0,0,0,0,0,0,0,0,0,0,0,0,0,0,0
2020-12-20,0,0,0,0,0,0,0,0,0,0,0,0,0,0,1,0,0,0,0,0,0,0,0,0,0,0,0,0,0,0,0,0,1,0,0,0,0,0,0,0,0,0,1,0,0,17,0,3,0,0,0,0,0,0,0,0,0,0,0,0,0,0,0,0,0
2020-12-21,0,0,0,0,0,0,0,0,0,0,0,0,1,0,0,0,0,0,0,0,0,0,0,0,0,0,0,0,0,0,0,0,0,0,0,0,0,0,0,0,0,0,0,0,0,23,0,4,0,0,0,0,0,0,0,0,0,0,0,0,0,0,0,0,0
2020-12-22,0,0,0,0,0,0,0,0,1,0,0,0,0,0,0,0,0,0,0,0,0,0,0,0,1,0,0,0,0,0,0,0,0,0,0,0,0,0,0,0,1,0,0,0,0,30,0,4,0,0,0,0,0,0,0,0,0,0,0,0,0,0,0,0,0
2020-12-23,0,0,0,0,0,0,0,0,0,0,0,0,0,0,0,0,0,0,0,0,0,0,1,0,0,0,0,0,0,0,0,0,0,0,0,1,0,0,0,0,0,0,0,0,0,33,0,10,0,0,1,0,0,0,0,0,0,0,0,0,0,0,0,0,0
2020-12-24,0,0,0,1,0,0,0,0,1,0,0,0,0,0,0,0,0,0,0,0,0,0,0,1,0,0,0,0,0,0,0,0,0,0,0,0,0,0,0,0,0,0,0,0,0,40,1,6,0,0,0,0,0,0,0,0,0,0,0,0,0,0,0,0,0
2020-12-25,0,0,0,0,0,0,0,0,1,0,0,0,0,0,0,0,0,0,0,0,0,0,0,0,0,0,0,0,0,0,0,0,0,0,0,0,0,0,0,0,0,0,0,0,0,32,0,3,0,0,0,0,0,0,0,0,0,0,0,0,0,0,0,0,0
2020-12-26,0,0,0,0,0,0,0,0,0,0,0,0,0,0,1,0,0,0,0,0,0,0,0,0,0,0,0,0,0,0,4,0,0,0,0,0,0,0,0,0,0,0,1,0,0,28,0,5,0,0,0,0,0,0,0,0,0,1,0,0,0,0,0,0,0
2020-12-27,0,0,0,0,0,0,0,0,1,0,0,1,0,0,0,0,0,0,0,0,0,0,0,0,0,0,0,0,0,0,1,0,1,0,0,0,0,0,0,0,0,0,0,0,0,37,0,2,0,0,0,0,0,0,0,0,1,0,0,0,0,0,0,0,0
2020-12-28,1,0,0,0,0,0,0,0,0,0,0,0,0,0,0,1,0,0,0,0,0,0,0,0,0,0,0,0,0,0,1,0,0,0,0,0,0,0,0,0,0,0,0,0,0,32,0,2,0,0,0,0,0,0,0,0,0,0,0,0,0,0,0,0,0
2020-12-29,0,0,0,0,0,0,0,0,0,0,0,0,0,0,0,0,1,0,0,0,0,0,0,0,1,0,0,0,0,0,3,0,0,0,0,0,0,0,0,0,0,0,0,0,0,35,0,3,0,0,0,0,0,0,1,0,1,0,0,0,0,0,0,0,0
2020-12-30,0,0,0,0,0,0,0,0,1,0,0,0,0,0,0,0,0,0,0,0,0,1,0,0,0,0,1,0,0,0,0,0,0,0,0,1,0,0,0,0,0,0,0,0,0,27,0,2,0,0,0,0,0,0,2,0,0,0,0,0,1,0,0,0,0
2020-12-31,0,0,0,0,0,0,0,0,0,0,0,0,0,0,0,0,0,0,0,0,0,0,0,0,0,0,0,0,0,0,1,0,0,0,0,0,0,0,0,0,0,0,0,0,0,22,0,5,0,0,0,0,0,0,0,0,1,0,0,0,0,0,0,0,0
2021-01-01,0,0,0,0,0,0,0,0,1,0,0,0,0,0,0,0,0,0,0,0,0,0,0,0,0,0,0,0,0,0,0,0,0,0,0,0,0,0,0,0,0,0,0,0,0,25,0,3,0,0,0,0,0,0,0,0,0,0,0,0,0,0,0,0,0
2021-01-02,0,0,0,0,0,0,0,0,0,0,0,0,0,0,0,0,0,0,0,0,0,0,0,0,0,0,0,0,0,1,0,0,0,0,0,0,0,0,0,0,0,0,1,0,0,27,0,6,0,0,0,0,0,0,0,0,0,0,0,0,0,0,0,0,0
2021-01-03,1,0,0,0,0,0,0,0,0,0,0,0,0,0,0,0,0,0,0,0,0,0,0,0,0,0,0,0,0,1,0,0,0,0,0,0,0,0,0,0,0,0,0,0,0,22,0,1,1,0,0,0,0,0,0,0,0,0,0,0,0,0,0,0,0
2021-01-04,0,0,0,0,1,0,0,0,1,0,0,0,0,0,0,0,0,0,0,0,0,0,0,0,0,0,0,0,0,0,0,0,0,0,0,0,0,0,1,0,0,0,0,0,0,36,0,4,1,0,0,0,0,0,0,0,2,0,0,0,0,0,0,0,0
2021-01-05,0,0,0,0,0,0,0,0,0,0,0,0,0,0,0,0,0,0,0,0,0,0,0,0,0,0,0,0,0,1,0,0,0,0,1,0,0,0,0,0,0,0,2,0,0,34,0,7,0,0,0,0,0,0,0,0,0,0,0,0,0,0,0,0,0
2021-01-06,1,0,0,0,0,0,0,0,1,0,0,0,0,0,0,0,0,0,0,0,0,0,0,0,0,0,0,0,0,0,0,0,0,0,0,0,0,0,0,0,0,0,0,0,0,38,0,7,0,0,0,0,0,0,0,0,0,0,0,0,0,0,0,0,0
2021-01-07,0,0,0,0,0,0,0,0,0,0,0,0,0,0,0,0,0,0,0,0,0,0,0,0,0,0,0,0,0,0,0,0,0,0,0,0,0,0,0,0,0,0,0,0,0,20,0,3,0,0,0,0,0,0,0,0,0,0,0,0,0,0,0,0,0
2021-01-08,0,0,0,0,0,0,0,0,0,0,0,0,0,0,0,0,0,0,0,0,0,0,0,0,0,0,0,0,0,0,0,0,0,0,0,0,0,0,0,0,0,0,0,0,0,18,0,1,0,0,0,0,0,0,0,0,0,0,0,0,0,0,0,0,0
2021-01-09,0,0,1,0,0,0,0,0,0,0,0,0,0,0,0,0,0,0,0,0,0,0,0,0,0,0,0,0,0,0,0,0,0,0,0,0,0,1,0,0,0,0,0,0,0,20,0,3,0,0,0,0,0,0,0,0,0,0,0,0,0,0,0,0,0
2021-01-10,0,0,0,0,0,0,0,0,1,0,0,0,0,0,0,0,0,0,0,0,0,0,0,0,0,0,0,0,0,0,0,0,0,0,0,0,0,0,0,0,0,1,0,0,0,24,0,1,0,0,0,0,0,0,0,0,0,0,0,0,0,0,0,0,0
2021-01-11,0,0,0,0,0,0,0,0,0,0,0,0,0,0,0,0,0,0,0,0,0,1,0,0,0,2,1,0,0,0,0,0,0,0,0,0,0,0,0,0,0,0,0,0,0,28,0,4,0,0,0,0,0,0,0,0,0,0,0,1,0,0,0,0,0
2021-01-12,0,0,0,0,0,0,1,0,0,0,0,0,0,0,0,0,0,0,0,0,0,0,0,0,0,0,0,1,0,0,0,0,0,0,0,0,0,0,0,0,0,0,0,0,0,27,0,2,0,0,0,0,0,0,0,0,0,0,0,0,0,0,0,0,0
2021-01-13,1,0,0,0,0,0,0,0,0,0,0,0,0,0,0,0,0,0,0,0,0,0,0,0,0,0,0,0,0,0,0,0,0,0,0,0,0,0,0,0,1,1,0,0,0,27,0,2,0,0,0,0,0,0,0,0,0,0,0,0,0,0,0,0,0
2021-01-14,0,0,0,0,0,0,0,0,1,0,0,0,0,1,0,0,0,0,0,0,0,0,0,0,0,0,0,0,0,0,0,0,0,0,0,0,0,0,0,0,0,0,0,0,0,15,0,2,0,0,1,0,0,0,0,0,0,0,0,0,0,0,0,0,0
2021-01-15,0,0,0,0,0,0,0,0,0,0,0,0,0,0,0,0,0,0,0,0,0,0,0,0,0,0,0,0,0,0,1,0,0,0,0,0,0,1,0,0,0,0,0,0,0,35,0,0,0,0,0,0,0,0,0,0,0,0,0,0,0,0,0,0,0
2021-01-16,0,0,0,0,0,0,0,0,0,0,0,0,0,0,0,0,0,0,0,0,0,0,0,0,0,1,0,0,0,0,0,0,1,0,0,0,0,0,1,0,0,0,0,0,0,25,0,3,0,0,0,0,0,0,2,0,0,0,0,1,0,0,0,0,0
2021-01-17,0,0,0,0,0,0,0,0,0,0,0,1,0,0,0,0,0,0,0,0,0,0,0,0,0,0,0,0,0,0,0,0,0,0,0,0,0,0,0,1,0,0,0,0,0,16,0,2,0,0,0,0,0,0,0,0,0,0,0,0,0,0,0,0,0
2021-01-18,0,0,0,0,0,0,0,0,0,0,0,0,1,0,0,0,0,0,0,0,0,0,0,0,0,0,0,0,0,0,0,0,0,0,0,0,0,0,0,0,0,0,0,0,0,12,0,0,1,0,0,0,0,0,0,0,0,0,0,0,0,0,1,0,0
2021-01-19,0,0,0,0,0,0,0,0,0,0,0,0,0,0,0,0,0,0,0,0,0,0,0,0,0,0,0,0,0,0,0,0,0,0,0,0,0,0,0,0,0,0,0,0,0,23,0,3,0,0,1,0,0,0,0,1,0,0,0,0,0,0,0,0,0
2021-01-20,0,0,0,0,0,0,0,0,0,0,0,0,0,0,0,0,0,0,0,0,0,0,0,0,0,0,0,0,0,0,0,0,0,0,0,0,0,0,0,0,0,0,0,0,0,21,0,0,0,0,0,0,0,0,0,0,0,0,0,0,1,0,0,0,0
2021-01-21,0,0,2,0,0,0,0,0,1,0,0,0,0,0,0,1,0,0,0,0,0,0,0,0,0,0,0,0,0,0,0,0,0,0,0,0,0,0,0,0,0,0,0,0,0,23,0,1,0,0,0,0,0,0,0,0,0,0,0,0,0,0,0,0,0
2021-01-22,0,0,0,0,0,0,0,0,0,0,0,0,0,0,0,0,0,0,0,0,0,0,0,0,0,0,0,0,0,0,0,0,1,0,0,0,0,0,0,0,0,0,0,0,0,14,0,2,0,0,0,0,0,0,0,0,0,0,0,0,0,0,0,0,0
2021-01-23,0,0,0,0,0,0,0,0,1,0,0,0,0,0,0,0,0,0,0,1,0,0,0,0,0,1,0,0,0,0,0,0,0,0,0,0,0,0,0,0,0,0,0,0,0,14,0,0,0,0,0,0,0,0,0,0,0,0,0,0,0,0,0,0,0
2021-01-24,0,0,0,0,0,0,0,0,0,0,0,0,0,0,0,0,0,0,0,0,0,0,0,0,0,0,0,0,0,0,0,0,1,0,0,0,0,0,1,0,0,0,0,0,0,23,0,1,0,0,0,0,0,0,0,0,0,0,0,0,0,0,0,0,0
2021-01-25,0,0,0,0,0,0,0,0,1,0,0,0,0,0,0,0,0,0,0,0,0,0,0,0,0,0,0,0,0,0,0,0,0,0,0,0,0,0,0,0,0,0,0,0,0,24,0,2,0,0,0,0,0,0,0,0,0,0,0,0,0,0,0,0,0
2021-01-26,0,0,0,0,0,0,0,0,0,0,0,0,0,0,0,0,0,0,0,0,0,0,0,0,0,0,0,0,0,0,0,0,0,0,0,0,0,0,0,0,0,0,0,0,0,8,0,4,0,0,1,0,0,0,0,0,0,0,0,0,0,0,0,0,0
2021-01-27,0,0,0,0,0,0,0,0,0,0,0,0,0,0,0,0,0,0,0,0,0,0,0,0,0,0,0,0,0,0,0,0,2,0,0,0,0,0,0,0,0,0,0,0,0,21,0,2,0,0,0,0,0,0,0,0,0,0,0,0,0,0,0,0,0
2021-01-28,0,0,0,0,0,0,0,0,0,0,0,0,0,0,0,0,0,0,0,0,0,0,0,0,0,0,0,0,0,0,0,0,0,0,0,0,0,0,0,0,0,1,0,0,0,9,0,1,0,0,0,0,0,0,0,0,0,0,0,0,0,0,0,0,0
2021-01-29,0,0,0,0,0,0,0,0,0,0,0,0,0,0,0,0,0,0,0,0,0,0,0,0,0,0,0,0,0,0,0,0,0,0,0,0,0,0,0,0,0,0,0,0,0,20,0,2,0,0,0,0,0,0,0,0,0,0,0,0,0,0,0,0,0
2021-01-30,0,0,0,0,0,0,0,0,0,0,0,0,0,0,0,0,0,0,0,1,0,0,0,0,0,1,0,0,0,0,0,0,0,0,0,0,0,0,0,0,0,0,0,0,0,13,0,1,0,0,0,0,0,0,0,0,0,0,0,0,0,0,0,0,0
2021-01-31,0,0,0,0,0,0,0,0,0,0,0,0,0,0,0,0,0,0,0,0,0,0,0,0,0,0,0,0,0,0,0,0,0,0,0,0,0,0,0,0,0,0,0,0,0,13,0,0,0,0,0,0,0,0,0,0,0,1,0,0,0,0,0,0,0
2021-02-01,0,0,0,0,0,0,1,0,0,0,0,0,0,0,0,0,0,0,0,0,0,0,0,0,0,0,0,0,0,0,0,0,0,0,0,0,0,0,0,0,0,0,0,0,0,12,0,2,0,0,0,0,0,0,0,0,0,0,0,0,0,0,0,0,0
2021-02-02,1,0,0,0,0,0,0,0,0,0,0,0,0,0,0,0,0,0,0,0,0,0,0,0,0,0,0,0,0,0,0,0,0,0,0,0,0,0,0,0,0,0,0,0,0,22,0,0,0,0,0,0,0,0,0,0,0,0,0,0,0,0,0,0,0
2021-02-03,0,0,0,0,0,0,0,0,0,0,0,0,1,0,0,0,0,0,2,0,0,0,0,0,0,0,0,0,0,0,0,0,0,0,0,0,0,0,0,0,0,0,0,0,0,9,0,0,0,0,0,0,0,0,0,0,0,0,0,0,0,0,0,1,0
2021-02-04,0,0,0,0,0,0,0,0,0,0,0,0,0,0,0,0,0,0,1,0,0,0,0,0,0,0,0,0,0,0,0,0,0,0,0,0,0,0,0,0,0,0,0,0,0,21,0,0,0,0,0,0,0,0,0,0,0,0,0,0,0,0,0,0,0
2021-02-05,2,0,0,0,0,0,0,0,0,0,0,0,0,0,0,1,0,0,0,0,0,0,0,0,0,0,0,0,0,0,0,0,0,0,0,0,0,0,0,0,0,0,0,0,0,12,0,2,0,0,0,0,0,0,0,0,0,0,0,0,0,0,0,0,0
2021-02-06,2,0,0,0,0,0,0,0,0,0,0,0,1,0,0,0,0,0,0,0,0,0,0,0,0,0,0,0,0,1,0,0,0,0,0,0,0,0,0,1,0,0,0,0,0,30,0,4,0,0,0,0,0,0,0,0,0,0,0,0,0,0,0,0,0
2021-02-07,0,0,0,0,0,0,0,0,0,0,0,0,0,0,0,0,0,0,0,0,0,0,0,0,0,0,0,0,0,0,0,0,0,0,0,0,0,0,0,0,0,0,0,0,0,9,0,1,0,0,0,0,0,0,0,1,0,0,0,0,0,0,0,0,0
2021-04-14,1,0,0,0,0,0,0,0,2,0,0,1,0,0,0,0,0,0,0,0,0,0,0,0,0,0,0,0,0,0,0,1,0,0,2,1,0,0,0,0,0,1,0,0,0,43,0,8,0,0,0,0,0,0,0,0,0,0,0,1,0,0,0,0,0
2021-04-15,2,0,1,1,0,0,0,0,11,0,1,3,1,0,0,1,1,1,3,0,0,0,0,0,0,1,0,0,0,1,1,0,3,0,0,0,0,0,0,0,0,0,3,0,0,367,0,50,0,1,2,3,0,0,1,0,0,6,0,3,0,1,2,0,0
2021-04-16,0,1,1,1,1,0,0,0,3,1,0,0,0,1,0,2,0,1,0,0,0,0,0,1,0,0,1,0,0,0,0,0,3,0,0,0,1,0,1,0,0,0,0,1,2,182,0,19,0,0,4,0,0,0,1,0,0,0,0,0,0,0,0,0,0
2021-04-17,0,0,0,0,0,1,0,0,0,0,0,0,0,1,0,1,0,2,0,0,0,0,0,0,0,1,0,0,0,1,0,0,0,0,0,0,0,1,0,0,0,0,2,0,0,148,0,17,0,0,1,0,0,0,2,1,0,1,0,1,0,0,0,1,1
2021-04-18,0,0,0,0,0,0,0,0,3,0,0,0,0,0,1,2,0,0,0,0,1,0,0,1,1,0,0,0,0,0,1,0,3,0,0,0,0,0,0,0,0,0,1,0,0,140,0,17,0,0,2,1,0,0,0,0,0,1,0,0,0,2,0,0,0
2021-04-19,1,0,0,0,0,0,0,0,2,0,0,1,1,2,0,1,0,1,1,0,0,0,0,0,0,0,0,0,0,1,2,0,0,0,0,1,0,0,0,0,1,0,0,0,0,120,0,17,1,0,0,1,3,0,0,0,0,0,0,0,0,1,0,0,0
2021-04-20,0,0,0,0,0,0,1,0,4,0,1,1,1,0,0,1,0,1,0,0,0,0,0,1,0,0,1,0,0,1,3,0,2,0,0,0,0,0,1,1,1,0,1,0,0,141,0,21,0,0,0,1,0,0,0,0,0,0,0,0,0,2,2,0,0
2021-04-21,2,0,0,0,0,0,0,0,5,0,0,0,0,0,1,1,0,0,0,0,0,0,0,0,0,0,1,0,1,1,1,0,1,0,0,0,0,0,0,0,0,1,1,0,0,98,0,19,1,0,0,2,1,0,0,0,0,0,0,0,1,1,0,0,0
2021-04-22,1,0,0,1,0,0,0,0,3,0,0,0,1,0,0,0,1,0,0,0,0,0,0,0,1,0,0,0,0,0,1,0,2,0,0,1,1,0,0,0,0,1,0,0,0,65,0,14,0,0,0,0,0,0,0,0,0,0,1,0,0,0,0,0,0
2021-04-23,1,0,1,0,0,0,0,0,0,0,0,0,0,0,0,2,0,0,0,0,1,0,3,0,0,0,0,0,0,0,1,0,0,0,0,0,0,0,0,0,0,0,0,0,0,78,0,20,0,0,0,0,0,0,0,1,0,0,0,0,0,0,0,0,0
2021-04-24,1,0,0,0,0,0,0,0,2,0,0,0,0,0,0,0,0,2,0,0,0,0,2,0,0,0,0,0,0,1,1,0,1,0,0,0,0,0,1,0,0,0,2,0,0,62,0,8,0,0,0,0,0,0,0,0,0,0,0,2,0,1,0,0,0
2021-04-25,0,0,0,0,0,0,0,0,2,0,0,0,0,0,0,0,0,0,1,0,0,0,0,0,0,0,0,0,0,0,0,0,0,0,0,1,0,0,0,0,0,0,0,0,0,58,1,8,0,0,0,0,0,0,0,0,0,0,1,0,0,0,0,0,0
2021-04-26,0,0,0,0,0,0,0,1,1,0,0,0,0,0,0,0,0,0,0,0,0,0,0,0,0,0,0,0,0,0,0,0,0,0,0,0,0,0,0,0,0,0,0,0,0,46,0,5,0,0,1,0,0,0,0,0,0,1,0,0,0,0,3,0,0
2021-04-27,0,0,0,0,1,0,0,0,1,0,0,0,0,0,0,0,0,1,0,0,0,0,0,0,0,0,0,0,0,0,0,0,1,0,0,0,0,0,0,0,0,0,0,0,0,50,0,8,0,0,0,1,0,0,0,0,0,0,0,0,0,0,0,0,0
2021-04-28,0,0,0,1,0,0,0,0,0,0,0,0,0,0,0,0,0,0,0,1,1,0,0,0,0,0,0,0,1,0,1,0,0,0,0,0,0,0,0,0,1,0,0,0,0,29,0,4,1,0,0,0,0,0,0,0,0,0,0,1,0,0,0,0,0
2021-04-29,0,0,0,0,0,0,1,0,0,0,0,0,0,0,0,0,0,2,0,0,0,0,0,0,1,0,0,0,0,0,0,0,0,0,0,0,0,0,0,0,0,0,0,0,0,28,0,4,0,0,0,0,0,0,0,0,0,0,0,0,0,0,0,0,0
2021-04-30,0,0,0,0,0,0,0,0,1,0,1,0,0,1,1,1,0,0,0,0,0,0,0,0,0,0,1,0,0,0,0,0,0,0,0,0,0,0,0,0,0,0,0,0,0,33,0,3,0,0,0,0,0,0,0,0,0,0,0,0,0,0,0,0,0
2021-05-01,0,0,1,0,0,0,1,0,2,0,0,0,0,0,0,1,0,0,2,0,0,0,0,0,0,0,0,0,0,0,0,0,0,0,0,0,0,0,0,0,0,0,0,0,0,33,0,3,0,0,0,1,0,0,0,2,0,0,0,0,0,0,0,0,0
2021-05-02,0,0,0,1,0,0,0,0,0,0,0,0,0,0,0,0,0,0,0,0,0,0,0,0,0,0,0,0,0,1,0,0,0,0,0,0,0,0,0,0,0,0,0,0,0,29,0,1,0,0,0,0,0,0,0,0,0,0,0,0,0,0,0,0,0
2021-05-03,1,0,0,0,0,0,0,0,1,0,0,0,0,0,0,0,0,0,0,0,0,1,0,0,0,0,0,0,0,0,0,0,0,0,0,0,0,0,0,0,0,0,4,0,0,36,0,2,0,0,0,0,0,0,0,0,0,0,0,0,0,0,0,0,0
2021-05-04,0,0,0,0,0,0,0,0,0,0,0,0,0,0,0,0,0,1,1,0,0,0,0,0,0,0,0,0,0,0,0,0,0,0,1,0,0,0,0,0,0,0,0,0,0,27,0,2,0,0,0,0,0,0,0,0,0,0,0,0,0,0,0,0,0
2021-05-05,0,0,0,0,0,0,0,0,0,0,0,0,0,0,0,0,0,0,0,0,0,0,0,0,0,0,0,0,0,0,0,0,1,0,0,0,0,1,0,0,0,0,1,0,0,39,0,5,1,0,0,0,0,0,0,0,0,0,0,0,0,0,0,0,0
2021-05-06,0,0,0,0,0,0,0,0,0,0,0,0,0,0,0,0,0,0,0,0,0,0,0,0,0,0,0,0,0,0,2,0,0,0,0,0,0,0,0,0,0,0,1,0,0,40,0,6,1,0,1,0,0,0,0,0,0,0,0,0,0,1,0,0,0
2021-05-07,0,0,0,1,0,1,0,0,2,0,0,1,0,0,0,0,0,0,0,0,0,0,0,0,0,0,0,0,0,0,0,0,0,0,0,0,0,0,0,0,0,0,0,0,0,23,0,6,0,0,0,0,0,0,0,1,0,2,0,0,0,0,0,0,0
2021-05-08,0,0,0,0,0,0,0,0,0,0,0,0,0,0,0,0,0,0,0,0,0,0,0,0,0,0,1,0,0,0,0,0,0,0,0,0,0,0,0,0,0,0,0,0,0,25,0,6,0,0,0,0,0,0,0,0,0,0,0,0,0,0,0,0,0
2021-05-09,0,1,0,0,0,0,0,0,0,0,1,0,0,1,0,0,0,1,0,0,0,0,0,0,0,0,0,0,0,0,0,0,1,1,0,1,0,0,0,1,0,1,0,0,0,36,0,3,0,0,0,0,0,0,0,0,0,0,0,0,0,0,0,0,0
2021-05-10,0,0,0,0,0,0,0,0,0,0,0,0,0,0,0,0,0,0,0,0,0,0,0,0,0,0,0,0,0,0,0,0,1,0,0,0,0,0,0,0,0,0,0,0,0,28,0,7,0,0,0,0,0,0,0,0,0,0,0,0,0,0,0,0,0
2021-05-11,0,0,0,0,0,0,0,0,0,0,0,0,1,1,0,0,0,0,0,0,0,0,0,1,0,0,0,0,0,0,0,0,0,0,0,0,0,0,0,0,0,0,0,0,0,34,0,3,0,0,0,0,0,0,0,0,0,0,0,0,0,0,0,0,0
2021-05-12,0,0,0,0,0,0,1,0,0,0,0,0,0,0,0,1,0,0,0,0,0,0,0,0,0,0,0,0,0,0,0,0,1,0,0,0,0,0,0,0,0,0,0,0,0,28,0,3,0,0,0,0,0,0,0,0,0,0,0,0,0,0,0,0,1
2021-05-13,0,0,0,0,0,0,0,0,0,0,0,1,0,0,0,0,0,0,0,0,0,0,0,0,1,0,0,0,0,0,0,0,0,0,0,0,0,0,0,0,0,0,0,0,0,21,0,1,0,0,0,0,0,0,0,0,0,0,0,0,0,0,0,0,0
2021-05-14,0,0,0,0,0,0,0,0,1,0,0,0,0,0,0,0,0,0,0,1,0,0,0,0,0,0,0,0,0,1,0,0,0,0,0,0,0,0,1,0,0,0,0,0,0,13,0,2,0,0,0,0,0,0,0,0,0,0,0,0,0,0,0,0,0
2021-05-15,0,0,0,0,0,0,0,0,1,0,0,0,0,0,0,0,0,0,0,0,0,0,0,0,0,0,0,0,0,1,0,0,0,0,0,0,0,0,0,0,0,0,0,0,0,30,0,5,0,0,0,0,0,0,1,0,0,1,0,0,0,0,0,0,0
2021-05-16,0,0,0,0,1,0,0,0,0,0,0,0,1,2,0,0,0,0,1,0,0,0,0,0,0,0,0,0,0,0,0,0,0,0,0,0,0,0,1,0,0,0,0,0,0,32,0,5,0,0,0,0,0,0,0,0,0,0,0,0,0,0,0,0,0
2021-05-17,0,0,0,1,0,0,0,0,0,0,0,0,0,0,0,1,0,0,0,0,0,0,2,0,0,0,0,0,0,0,0,0,1,0,0,0,0,0,0,0,0,0,0,0,0,45,0,3,0,0,0,0,0,0,0,0,0,0,0,0,0,0,0,0,0
2021-05-18,0,0,0,0,0,0,0,0,0,0,0,0,0,0,0,0,0,0,0,0,0,0,2,0,0,0,0,0,0,0,0,0,0,0,0,0,0,0,0,0,0,0,0,0,0,42,0,1,0,0,0,0,0,0,0,0,0,0,0,0,0,0,0,0,0
2021-05-19,0,0,0,0,0,0,0,0,1,0,0,0,0,1,0,0,0,0,0,0,0,0,0,0,1,0,0,0,1,0,0,0,1,0,0,1,0,0,0,0,0,0,0,0,0,26,0,1,0,0,0,0,0,0,0,0,0,1,0,0,0,0,0,0,0
2021-05-20,0,0,0,0,0,0,0,0,0,0,0,0,0,0,0,0,0,0,0,0,0,0,0,0,1,0,0,0,0,0,0,0,0,0,1,1,0,0,0,0,0,0,0,0,0,20,0,5,0,0,0,0,0,0,0,0,0,0,0,0,0,0,0,0,0
2021-05-21,0,0,0,0,0,0,0,0,1,0,0,0,0,0,0,1,0,0,0,0,0,0,0,0,0,0,0,0,0,0,0,0,0,0,0,0,0,0,0,1,0,0,0,0,0,40,0,3,0,0,0,0,0,0,0,0,0,0,0,0,0,0,0,0,0
2021-05-22,2,0,0,0,0,0,0,0,0,0,0,0,0,0,0,0,0,0,0,0,0,1,0,0,0,0,0,1,0,0,0,0,0,0,0,0,0,0,0,0,0,0,0,0,0,15,0,2,0,0,0,0,0,0,0,0,0,0,0,0,0,0,0,0,0
2021-05-23,0,0,0,1,0,0,0,0,2,0,0,0,0,0,0,0,0,0,0,0,0,0,0,0,0,0,0,0,0,1,0,0,0,0,0,0,0,0,0,0,0,0,0,0,1,19,0,2,0,0,0,0,0,0,0,0,0,0,0,0,0,0,0,0,0
2021-05-24,0,0,0,0,0,0,0,0,0,0,0,0,2,1,0,2,0,0,0,0,0,0,0,0,0,0,0,0,0,0,1,0,0,0,0,1,0,0,0,0,0,0,0,0,0,33,0,2,0,0,1,0,0,0,0,0,0,0,0,0,0,0,0,0,0
2021-05-25,0,0,0,1,0,0,0,0,0,1,0,0,0,0,0,1,0,0,0,0,0,0,0,0,0,0,0,0,0,0,0,0,0,0,0,2,0,1,0,0,0,0,1,0,0,34,0,5,0,0,0,0,0,0,1,0,0,0,0,0,1,0,0,0,0
2021-05-26,1,0,0,0,0,0,0,0,0,0,0,0,2,0,0,0,0,0,0,0,0,0,0,0,0,0,0,0,0,0,0,0,0,0,0,0,0,0,0,0,0,0,0,0,0,31,0,4,0,0,0,0,0,0,0,0,0,0,0,0,0,0,0,0,0
2021-05-27,0,0,0,0,0,0,0,0,0,0,0,0,0,0,0,0,0,0,0,0,0,0,0,0,0,0,0,0,0,0,0,0,0,0,0,0,0,0,0,0,0,0,0,0,0,33,0,9,0,0,0,0,0,0,0,0,0,1,0,0,0,0,0,0,0
2021-05-28,0,0,0,0,0,1,0,0,1,0,0,1,3,2,0,0,0,0,0,0,0,0,1,0,0,0,0,0,0,0,1,0,0,0,0,0,0,0,0,0,0,0,0,0,0,30,0,2,0,0,0,0,0,0,0,0,0,0,0,0,0,0,0,0,0
2021-05-29,0,0,0,0,0,0,0,0,1,0,0,0,0,0,0,0,0,0,0,1,0,0,0,0,0,0,0,0,0,0,1,0,1,0,0,0,0,0,0,0,0,0,1,0,0,32,0,3,1,1,0,0,0,0,0,0,0,0,0,0,0,0,0,0,0
2021-05-30,0,0,0,0,0,0,0,0,0,0,0,0,0,0,0,0,0,0,0,0,0,0,0,0,0,0,0,0,0,0,0,0,0,0,0,0,0,0,0,0,0,0,1,1,0,25,0,5,0,0,0,0,0,0,1,0,1,0,0,0,0,1,0,0,0
2021-05-31,0,0,0,0,0,0,1,0,0,0,0,0,0,0,0,0,0,1,0,0,0,0,0,0,0,0,0,0,0,0,0,0,0,0,0,1,0,0,0,0,0,0,0,0,0,30,0,4,0,0,0,0,0,0,3,0,0,0,0,1,0,0,0,0,0
2021-06-01,0,0,0,0,0,0,0,0,0,0,0,0,0,0,0,0,0,0,0,0,0,0,0,0,1,0,0,0,0,0,0,0,0,0,0,0,0,0,0,0,0,0,0,0,0,34,0,3,0,1,0,1,0,0,0,0,0,0,0,0,0,0,0,0,0
2021-06-02,0,0,0,0,0,0,0,0,0,0,0,0,2,0,0,2,0,0,0,0,0,0,0,0,0,0,0,0,0,0,0,0,0,0,0,0,0,0,0,0,0,0,0,0,0,29,0,7,0,0,1,0,0,0,0,0,0,0,0,1,0,0,0,0,0
