date,Comilla,Sunamganj,Manikganj,Kishoreganj,Kushtia,Sirajganj,Jhenaidah,Rangamati,Chittagong,Nilphamari,Thakurgaon,Pabna,Rajshahi,Cox's Bazar,Maulvibazar,Sylhet,Tangail,Chuadanga,Bagerhat,Feni,Magura,Munshiganj,Chapainawabganj,Kurigram,Netrokona,Meherpur,Narsingdi,Pirojpur,Gopalganj,Mymensingh,Khulna,Jhalokati,Narayanganj,Lakshmipur,Khagrachhari,Noakhali,Narail,Natore,Chandpur,Patuakhali,Rajbari,Jaipurhat,Gazipur,Jamalpur,Sherpur,Unknown,Habiganj,Dhaka,Naogaon,Shariatpur,Faridpur,Dinajpur,Satkhira,Bandarban,Rangpur,Bogra,Madaripur,Brahmanbaria,Barguna,Gaibandha,Bhola,Barisal,Jessore,Lalmonirhat,Panchagarh
2020-04-03,1,1,0,0,0,2,0,0,2,0,0,0,0,0,0,0,0,0,0,0,0,0,0,1,0,0,0,0,0,0,0,0,7,1,0,3,1,2,3,0,0,1,3,0,2,0,0,20,0,0,0,0,0,0,0,1,2,0,0,0,0,0,0,0,0
2020-04-04,6,0,1,2,0,8,1,0,11,0,1,8,1,1,3,1,1,2,0,0,0,0,0,2,0,2,2,0,0,2,0,0,22,1,0,8,0,0,3,3,1,2,5,0,3,0,2,78,2,0,0,2,0,0,6,4,0,2,0,1,2,0,0,0,1
2020-04-05,6,4,2,2,1,3,1,0,8,0,3,4,0,7,1,0,2,0,2,0,0,0,0,0,1,1,5,2,0,4,5,1,6,1,0,3,0,1,5,10,1,0,14,1,1,0,0,69,0,0,0,0,0,0,1,6,1,2,0,2,0,1,2,0,0
2020-04-06,6,3,2,1,3,2,2,0,11,2,0,3,4,4,1,12,0,0,0,4,1,0,0,1,0,0,2,0,4,7,5,0,16,0,0,4,0,3,1,2,0,0,12,8,3,0,0,148,1,1,0,5,0,0,6,3,1,1,1,4,1,2,4,1,0
2020-04-07,2,0,0,0,0,0,0,0,11,0,1,3,2,0,1,1,0,0,1,1,0,2,0,1,0,1,1,1,0,0,3,0,9,0,0,1,0,0,0,0,0,0,1,2,0,0,0,62,1,0,1,1,2,0,6,1,1,0,0,1,2,2,1,0,0
2020-04-08,0,0,0,0,0,0,0,1,2,0,0,0,0,0,0,0,1,0,0,0,0,0,0,0,0,0,0,0,1,0,0,0,2,0,0,0,0,0,0,0,0,0,2,0,0,0,0,112,0,0,0,0,1,0,1,0,0,0,0,1,0,0,1,0,0
2020-04-09,1,0,1,0,1,0,1,0,1,1,0,0,1,2,0,0,2,0,0,1,0,0,0,0,0,0,3,0,0,3,1,0,10,1,1,0,0,0,0,0,1,0,4,1,0,0,1,37,0,0,0,1,0,0,0,0,1,0,0,1,0,1,0,0,0
2020-04-10,0,0,0,0,2,1,0,0,2,0,0,0,0,1,0,0,3,0,1,1,0,2,0,0,0,0,4,0,0,1,0,2,3,0,0,1,0,0,1,0,0,0,0,0,2,73,0,26,2,0,1,1,2,1,1,1,2,0,0,1,0,0,0,0,0
2020-04-11,1,0,0,1,0,1,0,0,6,0,0,0,0,0,0,0,2,0,0,0,0,0,0,0,0,0,1,0,0,1,0,0,0,0,0,0,0,0,5,0,0,0,1,0,0,200,0,11,0,0,0,0,1,0,0,1,0,0,0,0,0,0,0,0,0
2020-04-12,0,0,0,0,0,0,0,0,0,0,0,1,0,0,1,1,0,0,0,0,0,0,0,0,0,0,2,1,0,3,2,0,7,0,0,0,0,0,0,0,0,0,2,0,0,199,0,13,0,0,0,0,0,0,0,0,1,0,0,0,1,0,0,0,0
2020-04-13,2,0,1,2,0,0,1,0,0,0,0,0,0,0,0,0,0,0,0,1,0,0,1,0,0,0,0,0,0,0,0,0,2,1,0,1,0,0,1,0,0,0,2,1,0,146,1,21,0,0,0,0,0,0,1,0,0,1,0,0,0,0,0,0,0
2020-04-14,2,0,0,0,0,1,0,0,2,0,0,0,1,0,0,2,0,0,0,0,0,0,0,0,0,0,0,0,1,0,0,0,5,0,0,0,0,1,1,1,1,0,0,1,1,138,0,12,0,0,0,0,0,0,1,0,0,0,0,2,0,0,0,0,0
2020-04-15,0,0,0,1,0,2,0,0,2,0,0,0,2,0,0,0,0,0,0,0,0,0,0,0,0,0,0,2,0,0,0,0,2,2,0,1,0,0,0,0,0,0,0,0,0,142,0,18,0,0,0,1,0,0,0,0,0,0,0,0,0,0,2,0,0
2020-04-16,0,0,1,0,0,0,0,0,0,0,0,1,0,0,0,0,0,0,0,0,0,0,0,0,0,0,1,0,0,3,0,0,0,0,0,1,0,0,0,0,0,0,0,0,0,94,0,3,0,0,0,0,0,0,0,0,0,0,0,0,0,1,2,0,0
2020-04-17,0,0,1,1,0,1,0,0,3,0,0,1,0,1,0,1,2,0,0,0,0,0,0,0,0,0,0,0,0,1,0,0,6,0,0,0,0,0,0,0,0,0,4,0,0,105,0,10,0,0,0,0,0,0,0,0,0,2,0,0,0,1,0,0,0
2020-04-18,1,0,0,0,2,1,0,0,1,0,0,1,0,0,0,1,0,0,5,0,0,0,0,0,0,0,0,0,0,1,4,0,1,0,0,0,0,0,0,0,0,0,1,0,0,96,0,9,0,0,0,1,0,0,0,1,0,0,0,0,0,1,1,0,0
2020-04-19,0,0,0,0,0,1,0,0,1,0,1,0,0,0,0,0,0,0,0,0,0,0,0,0,0,0,0,0,0,0,0,0,1,0,0,0,0,0,0,0,0,0,0,0,0,87,1,14,2,0,0,0,1,0,0,0,0,0,0,0,0,0,0,0,0
2020-04-20,2,0,0,0,1,0,0,0,1,0,0,0,0,0,1,1,0,0,1,0,0,0,0,0,0,0,0,2,0,0,0,0,3,1,0,0,0,0,0,0,0,0,0,1,0,151,0,8,0,0,0,2,1,0,1,0,0,0,0,0,0,0,0,0,0
2020-04-21,0,0,0,1,0,0,1,0,2,0,0,0,1,0,0,1,2,0,0,2,0,0,1,0,0,0,0,0,0,2,1,0,2,0,0,1,0,0,0,0,0,0,0,2,0,171,0,20,0,0,0,0,0,0,1,1,0,1,0,0,0,1,1,1,0
2020-04-22,0,0,0,1,0,1,0,0,2,0,0,1,0,0,0,1,0,5,0,0,0,0,0,0,0,0,0,0,0,2,1,0,0,0,1,0,0,0,0,0,0,0,2,2,0,148,0,19,0,0,0,0,0,0,0,3,1,0,0,0,0,2,0,0,0
2020-04-23,1,0,0,0,0,2,0,0,1,0,0,0,0,0,0,2,1,0,0,2,0,0,0,2,0,7,1,1,0,0,0,0,4,0,0,1,0,0,0,0,0,0,4,0,0,139,0,22,0,0,0,0,0,0,0,0,0,0,0,0,0,0,0,0,0
2020-04-24,0,1,0,0,0,0,0,0,1,0,0,0,0,2,0,3,2,0,1,0,0,1,0,0,0,2,2,1,0,0,0,0,3,0,0,1,0,1,0,0,0,0,1,0,0,151,1,16,0,0,0,1,0,0,0,0,0,0,0,3,0,0,3,0,0
2020-04-25,1,0,0,0,0,0,0,0,4,0,1,0,0,0,0,1,2,0,0,0,1,0,0,0,0,0,2,0,0,0,0,0,1,0,0,0,0,0,0,0,0,0,0,0,0,98,0,15,0,0,0,1,0,0,0,0,0,0,0,0,0,2,0,0,0
2020-04-26,3,0,0,1,0,0,0,0,2,0,0,1,0,0,0,2,2,0,2,0,0,0,0,0,0,0,0,0,0,0,0,0,2,0,5,0,1,0,0,0,0,0,0,0,0,129,0,19,0,0,0,0,0,0,0,1,3,0,0,1,1,0,1,0,0
2020-04-27,1,0,2,0,1,0,0,0,2,0,0,0,0,0,1,1,1,0,0,0,0,0,0,0,0,2,0,0,0,1,0,0,1,0,0,0,0,0,0,0,0,0,1,0,0,99,0,31,1,0,0,0,0,0,0,1,0,0,0,0,0,0,1,0,1
2020-04-28,1,5,0,0,0,0,1,0,0,0,0,1,0,0,0,0,0,0,0,0,0,0,0,0,0,0,0,0,0,0,0,0,2,0,0,0,0,0,0,0,0,0,0,0,0,80,0,19,0,0,0,2,0,0,0,1,0,1,0,0,0,0,2,0,0
2020-04-29,2,0,0,0,0,0,0,0,1,0,0,1,0,1,0,0,0,0,0,0,0,0,0,0,0,0,0,0,0,0,0,0,2,0,0,0,0,0,2,0,0,0,1,3,0,87,0,22,0,0,1,0,0,0,1,1,0,0,0,0,1,0,0,0,0
2020-04-30,1,0,0,0,0,0,0,0,2,0,1,0,0,0,0,0,1,0,0,1,0,0,0,0,0,1,0,0,0,1,0,0,3,0,0,0,0,0,0,0,0,0,1,0,0,94,0,19,0,0,0,0,0,0,0,0,0,1,0,0,0,0,0,0,0
2020-05-01,2,0,0,0,1,0,0,0,0,0,0,2,0,0,0,0,0,0,0,0,0,0,0,0,0,0,0,0,1,0,0,0,2,0,0,3,1,0,0,0,0,0,1,0,1,88,0,22,0,0,0,0,0,0,3,0,0,0,0,0,0,0,0,0,0
2020-05-02,0,0,0,0,0,0,0,0,3,0,0,0,0,1,0,0,1,0,0,0,0,0,0,0,0,0,0,0,0,0,0,0,1,1,0,0,0,0,0,0,0,0,2,0,1,148,0,23,0,0,0,0,0,0,0,1,0,0,0,0,0,0,0,0,0
2020-05-03,0,0,0,0,2,1,0,0,1,0,0,0,0,0,0,1,0,0,0,0,0,0,0,0,0,0,1,0,0,0,0,0,2,0,0,2,0,1,0,0,0,0,0,0,0,90,0,12,0,0,0,0,0,0,0,1,0,1,0,0,0,0,0,0,0
2020-05-04,0,0,0,0,0,0,0,0,4,0,0,0,0,3,0,0,1,0,0,0,0,0,0,0,0,0,0,0,0,0,0,0,0,0,0,2,0,0,1,0,0,0,0,0,0,91,1,18,1,0,0,0,0,0,0,1,0,0,0,0,0,0,1,0,0
2020-05-05,0,0,0,1,0,0,0,2,4,0,0,0,1,0,0,0,0,0,0,0,0,0,0,0,0,0,1,0,0,0,1,0,1,0,0,0,0,0,0,0,0,0,0,0,0,70,0,14,0,0,4,1,0,0,1,0,0,1,0,0,0,0,0,0,0
2020-05-06,2,0,0,0,0,0,1,0,1,0,0,0,1,0,1,0,0,0,0,0,0,1,0,0,0,0,0,0,0,2,2,0,0,0,0,0,0,0,1,0,0,0,1,0,0,57,0,27,0,0,0,1,0,0,0,0,0,2,0,0,0,0,0,0,0
2020-05-07,1,0,0,1,0,0,0,0,1,0,0,0,0,0,0,3,0,0,0,0,0,0,0,0,0,0,1,0,0,0,0,0,0,1,0,0,0,0,0,0,0,0,1,0,0,81,0,29,0,0,1,1,0,0,0,0,0,0,0,0,0,0,0,0,0
2020-05-08,0,0,0,0,0,2,0,0,3,1,0,0,0,0,0,1,0,0,0,0,0,0,0,0,0,0,2,0,0,2,1,0,0,0,2,0,0,0,2,0,0,0,1,0,0,64,0,20,0,0,1,0,0,0,0,0,0,0,0,0,1,0,0,0,0
2020-05-09,0,0,0,0,0,0,0,0,4,0,0,0,0,0,0,2,0,0,0,1,0,2,0,0,0,0,0,0,0,1,1,0,5,0,0,0,0,0,0,0,0,0,2,0,0,66,0,17,0,0,1,0,0,0,1,0,0,0,0,0,0,0,1,0,0
2020-05-10,0,0,0,0,0,0,0,0,3,0,0,0,0,0,0,1,0,0,0,0,0,0,0,0,0,0,0,1,0,0,0,0,2,0,0,0,0,0,0,0,0,0,0,0,0,46,0,17,2,0,0,0,0,0,0,0,0,0,0,0,0,0,1,0,0
2020-05-11,0,0,0,0,0,0,0,0,2,0,0,1,0,1,0,0,0,0,0,1,0,0,0,0,0,0,0,0,0,1,0,0,6,0,0,1,0,0,2,0,0,0,2,0,0,47,0,18,0,0,1,0,0,0,1,0,0,0,0,0,0,0,0,1,0
2020-05-12,0,1,0,1,2,0,0,0,2,0,0,1,0,0,0,3,1,0,0,0,0,1,0,0,0,0,1,1,0,0,0,0,3,0,0,1,0,0,1,0,0,0,0,0,0,88,0,21,0,0,0,0,0,0,0,0,0,0,0,0,0,0,0,0,0
2020-05-13,1,0,0,0,0,0,0,0,6,0,0,0,0,0,0,0,0,0,0,0,0,0,0,0,0,0,0,0,0,0,2,0,2,1,0,1,0,0,0,0,0,1,3,1,0,59,0,24,0,0,1,0,0,0,1,1,0,0,0,0,0,0,1,0,0
2020-05-14,0,0,0,0,0,1,0,1,1,0,0,1,0,0,0,0,0,2,0,0,0,0,0,0,0,0,0,0,0,0,0,0,1,0,0,0,0,0,0,0,1,0,2,0,0,99,0,28,0,0,1,0,0,0,0,0,0,1,0,0,0,0,0,0,0
2020-05-15,0,0,0,0,1,0,0,1,6,0,1,0,0,0,0,1,0,2,1,0,0,0,1,0,0,0,0,0,0,2,0,0,1,0,0,0,0,0,0,0,0,0,4,0,0,86,2,26,0,1,0,0,0,0,0,0,0,0,0,0,2,0,0,0,0
2020-05-16,1,0,0,0,0,0,0,0,7,0,0,0,0,0,0,4,1,0,0,1,0,0,0,0,1,0,2,0,0,0,0,0,1,0,0,0,0,0,0,0,0,0,0,1,0,127,0,31,0,0,0,0,0,0,0,1,1,1,0,0,0,4,0,0,0
2020-05-17,0,0,0,0,0,2,0,0,3,0,0,0,0,0,0,0,0,0,0,0,0,0,0,0,0,0,0,0,0,0,0,0,3,0,0,0,0,0,0,0,0,0,5,0,1,106,0,56,1,0,0,0,0,0,2,0,0,0,0,1,0,0,0,0,0
2020-05-18,0,0,0,0,0,0,0,0,6,1,0,0,0,0,2,1,1,0,0,0,0,0,0,0,0,0,0,0,0,0,0,1,0,0,0,1,0,0,2,1,0,0,2,0,0,111,0,35,0,0,1,0,0,0,1,0,1,0,0,0,0,0,0,0,0
2020-05-19,1,0,0,0,2,0,0,0,11,0,0,1,0,0,0,0,0,0,0,0,0,0,0,0,0,0,0,0,0,0,1,0,1,1,0,0,0,0,0,0,0,0,1,0,0,78,0,33,0,0,0,1,0,0,1,0,0,0,0,0,0,0,0,0,0
2020-05-20,0,0,0,0,0,0,0,0,4,0,0,2,0,2,0,0,2,0,0,0,0,0,0,0,0,0,0,1,0,0,0,0,1,2,0,1,0,0,0,0,0,0,3,0,0,99,0,29,0,0,0,0,0,1,0,0,0,2,0,0,0,1,0,0,0
2020-05-21,3,0,1,0,0,0,0,0,4,0,0,1,0,0,1,0,0,0,0,0,0,0,0,0,0,0,0,0,0,0,0,0,4,0,0,0,0,0,2,0,1,0,4,0,0,144,0,45,1,0,1,1,0,0,1,0,0,0,0,0,0,0,0,0,0
2020-05-22,4,1,2,2,0,0,0,1,10,0,0,1,0,0,0,2,1,0,0,1,0,0,0,0,2,0,3,0,1,1,0,1,5,1,0,1,0,0,1,0,0,0,4,0,1,150,0,41,0,0,1,1,0,0,0,0,0,0,0,0,0,0,1,0,0
2020-05-23,0,0,0,1,0,0,0,0,3,0,0,2,0,0,0,2,2,0,0,0,0,0,0,0,0,0,1,1,1,1,0,0,3,4,0,2,0,0,1,0,0,0,4,1,0,142,0,30,2,1,0,0,0,0,0,1,0,0,0,0,0,0,1,0,0
2020-05-24,2,0,0,1,0,1,0,0,4,1,0,0,1,0,0,1,3,0,1,0,0,0,0,0,0,1,0,0,0,0,0,0,2,0,0,0,0,0,0,0,0,0,4,0,0,146,0,46,0,1,2,0,0,0,0,0,0,0,1,0,0,1,0,0,0
2020-05-25,1,0,0,0,0,0,0,0,17,0,0,0,1,0,0,1,0,0,1,0,0,1,0,0,0,0,4,0,0,0,0,0,7,0,0,1,0,0,0,0,0,0,2,0,1,145,0,51,0,0,1,1,0,0,0,1,0,0,0,0,0,0,0,0,0
2020-05-26,2,0,0,0,0,0,1,0,11,0,0,0,0,1,0,3,0,0,0,0,0,0,0,0,1,0,1,0,1,5,0,0,4,1,0,2,0,0,0,0,1,0,5,0,0,219,0,55,0,0,0,0,0,0,0,0,0,2,0,0,0,0,0,1,0
2020-05-27,3,0,0,0,0,0,1,0,9,0,0,0,0,0,0,1,1,0,0,0,0,1,0,0,0,0,0,0,0,0,1,0,3,0,0,1,0,0,0,1,0,0,7,0,0,220,0,65,0,0,0,0,0,0,0,1,0,1,0,0,0,2,0,0,0
2020-05-28,3,2,0,2,1,0,0,0,15,0,0,0,1,0,0,4,2,0,1,1,0,1,0,0,0,0,2,0,0,0,0,0,2,0,0,1,0,0,0,0,0,0,5,0,0,294,0,68,0,0,0,1,0,0,0,1,0,0,0,0,0,1,0,0,0
2020-05-29,1,0,0,2,1,2,1,0,9,0,0,2,0,1,0,1,0,0,1,2,0,3,0,0,0,0,2,0,0,2,0,0,3,0,0,2,0,0,3,0,0,0,5,1,0,276,0,87,0,0,0,0,1,0,1,0,1,0,0,0,0,1,0,0,0
2020-05-30,1,0,0,1,0,0,0,1,13,2,0,0,0,1,0,2,1,1,1,0,0,1,0,0,0,0,3,0,0,2,0,0,15,0,0,0,0,0,0,0,0,0,6,0,0,300,0,97,1,0,0,0,0,0,0,0,1,0,0,0,0,0,0,0,0
2020-05-31,0,0,0,0,0,1,0,0,5,0,0,0,0,1,0,1,2,0,0,0,0,1,0,0,0,0,1,0,0,1,0,0,2,0,0,0,0,0,2,0,0,0,5,0,0,278,0,72,0,1,0,0,1,0,0,0,1,0,0,0,0,2,0,0,0
2020-06-01,7,0,1,1,0,0,0,0,5,1,0,0,1,0,1,4,0,1,0,0,0,2,0,0,0,0,0,0,0,1,0,0,6,0,0,0,0,0,1,0,1,0,13,0,0,257,0,67,0,0,0,1,0,0,0,0,0,2,0,1,3,0,0,0,0
2020-06-02,5,0,0,0,0,1,0,0,8,4,1,0,0,0,0,4,2,0,0,2,0,3,0,0,0,0,0,2,1,4,4,0,2,0,0,0,0,0,4,0,0,0,13,0,0,274,1,63,0,0,0,1,0,0,0,1,0,0,0,0,0,1,2,0,0
2020-06-03,1,0,1,3,0,0,1,0,12,0,0,0,1,0,0,1,2,0,0,1,0,1,0,0,1,0,0,0,0,2,1,0,5,0,0,0,0,0,1,2,0,2,25,0,0,253,0,74,1,0,0,0,0,0,0,2,0,1,0,0,0,2,0,0,0
2020-06-04,11,1,1,1,0,3,1,0,23,1,0,0,4,7,1,3,1,0,0,4,0,0,0,0,1,2,5,0,0,5,2,0,12,3,0,3,1,0,14,1,0,0,17,1,0,486,0,118,3,2,1,0,3,0,3,2,0,2,5,1,0,1,0,1,0
2020-06-05,32,4,2,9,1,3,1,1,154,7,2,4,4,26,7,17,14,0,3,12,0,9,0,1,0,1,15,3,2,8,4,0,32,4,1,5,2,4,19,1,1,0,33,1,8,1248,5,317,5,1,3,4,1,0,9,12,2,10,3,3,4,4,3,2,0
2020-06-06,26,1,3,10,1,4,1,1,83,2,2,7,1,13,2,11,5,1,1,8,0,6,0,2,0,2,12,0,2,14,9,1,25,5,1,14,0,2,8,2,6,1,46,4,2,939,0,249,4,2,2,0,0,2,3,7,6,4,0,1,6,13,1,0,1
2020-06-07,26,0,7,5,1,5,0,2,85,1,1,6,2,5,2,9,7,0,0,3,1,0,0,1,1,1,6,0,1,3,10,0,37,7,0,19,0,0,14,4,2,1,62,4,1,912,1,216,6,4,5,2,0,1,2,10,7,7,1,3,5,6,3,0,2
2020-06-08,38,2,7,6,2,1,1,1,53,1,0,11,0,19,1,9,6,0,1,4,0,4,0,3,2,1,9,3,5,3,7,3,27,15,1,8,0,1,10,3,0,0,36,3,3,785,1,174,2,2,2,1,0,0,3,3,5,10,3,2,3,11,2,0,0
2020-06-09,21,1,0,4,0,2,1,0,42,1,1,2,0,7,2,11,7,0,0,4,0,6,0,1,2,0,5,2,3,8,6,2,12,1,1,8,3,0,14,0,0,0,22,2,1,651,4,136,1,2,3,0,1,2,5,4,1,3,3,0,0,6,4,0,1
2020-06-10,11,3,0,2,1,0,1,2,40,1,0,6,3,2,1,1,2,1,4,4,0,2,2,0,0,0,0,4,1,6,7,1,7,2,0,6,0,0,6,1,0,0,16,0,0,518,1,84,0,3,4,0,0,0,2,4,3,9,0,1,6,11,3,2,0
2020-06-11,12,1,0,3,3,1,0,0,20,3,0,0,0,2,1,6,1,1,0,2,1,0,1,0,2,0,8,1,3,5,1,1,6,5,0,1,0,0,9,2,0,0,17,2,0,454,1,76,2,0,2,1,0,2,0,4,5,3,1,5,2,4,1,0,0
2020-06-12,10,2,4,1,5,3,0,0,26,2,0,4,3,3,2,3,2,1,1,1,0,1,0,1,1,1,6,0,2,4,5,1,4,2,0,3,1,0,5,1,0,0,5,0,0,336,3,69,2,0,3,1,0,0,0,2,1,1,2,3,0,4,3,2,0
2020-06-13,9,1,0,5,0,0,0,0,24,1,0,0,0,1,1,4,1,2,1,2,1,3,0,0,1,0,0,1,1,3,5,0,4,1,1,7,1,0,3,1,1,0,5,1,1,325,1,61,1,0,1,0,0,1,2,1,2,3,0,0,2,5,2,0,1
2020-06-14,8,0,0,4,1,1,1,0,12,0,3,4,4,10,0,1,9,0,0,2,1,1,1,0,0,0,2,1,2,2,3,0,8,1,0,1,0,0,0,1,0,0,9,0,3,340,1,63,1,0,2,2,0,0,3,2,1,2,0,1,1,5,1,0,0
2020-06-15,9,1,2,4,2,0,1,0,16,0,0,2,1,4,1,2,0,0,2,2,0,0,1,0,0,1,2,0,3,5,2,0,3,0,0,3,0,0,0,1,0,0,21,1,0,335,0,54,1,3,2,1,0,2,2,2,1,5,0,1,2,2,7,0,0
2020-06-16,6,2,0,6,0,0,1,1,10,1,0,0,2,2,0,5,5,1,1,6,1,0,0,0,0,0,6,1,2,3,5,0,0,0,2,3,0,0,4,1,0,0,5,2,1,340,1,63,1,1,4,0,0,0,4,1,2,2,0,0,2,3,2,0,0
2020-06-17,4,0,1,0,6,0,0,0,12,2,1,5,1,6,0,5,2,0,0,2,0,1,0,0,0,1,1,1,1,5,4,1,1,6,0,1,4,0,3,6,0,0,16,0,0,345,1,47,0,0,0,0,0,2,3,1,1,2,0,0,2,3,1,0,0
2020-06-18,16,7,1,6,2,6,2,0,52,0,1,2,8,10,0,8,4,2,1,8,0,8,0,0,2,0,7,3,0,8,15,0,18,4,3,15,2,0,7,4,2,0,37,2,1,845,0,153,1,5,3,1,0,1,9,6,9,7,1,2,1,8,9,1,1
2020-06-19,16,1,1,5,2,1,0,1,24,0,0,0,4,2,1,11,4,2,3,3,1,0,0,0,1,0,4,2,1,9,1,0,11,2,1,1,1,0,5,3,0,0,10,0,0,488,0,90,0,2,4,0,1,1,3,5,0,1,2,1,1,5,8,0,0
2020-06-20,9,2,1,9,1,2,1,1,12,1,1,1,1,5,2,5,5,1,0,5,4,3,1,0,2,0,4,2,3,5,5,0,9,2,1,6,0,0,7,0,0,1,6,0,1,470,0,93,1,2,3,1,0,0,5,7,2,1,1,0,4,4,2,0,0
2020-06-21,3,4,0,1,0,1,0,0,8,0,0,2,3,1,1,1,2,0,0,4,1,1,5,0,1,0,3,0,2,3,3,2,3,0,0,4,3,0,1,4,1,0,14,0,0,310,1,54,1,0,2,0,2,1,0,2,0,4,2,0,0,3,1,0,0
2020-06-22,7,1,2,5,2,4,0,1,28,1,1,3,12,0,0,0,3,1,0,3,0,3,1,1,0,1,2,1,0,3,4,1,3,1,1,4,2,2,2,0,0,4,9,2,0,389,1,55,2,0,8,0,0,0,3,2,0,4,0,2,1,4,4,1,0
2020-06-23,4,1,0,1,0,4,0,1,13,4,0,3,3,0,1,3,0,1,0,7,0,2,0,1,1,2,3,2,2,3,11,2,3,2,2,3,0,2,0,0,2,0,17,2,0,343,0,55,1,1,2,0,0,1,0,3,0,8,0,1,1,7,5,2,2
2020-06-24,7,2,0,1,0,0,0,0,8,3,0,6,2,2,1,4,0,0,3,4,0,2,0,0,0,0,4,0,0,3,6,1,2,0,2,4,0,1,3,1,0,0,4,0,0,298,0,54,1,0,1,1,2,0,1,7,0,10,1,1,0,3,1,0,0
2020-06-25,7,1,1,1,2,0,0,0,11,2,0,3,1,5,0,0,2,0,0,2,2,1,0,0,0,0,0,0,1,3,3,1,3,1,0,2,1,0,1,0,0,0,6,0,0,279,1,46,0,0,0,0,1,0,0,1,2,1,0,5,0,2,1,0,0
2020-06-26,7,0,0,0,0,1,3,1,8,0,1,4,2,1,3,3,2,0,0,4,0,2,0,0,0,0,1,0,2,2,3,1,1,2,0,7,0,0,7,1,1,0,5,0,0,266,3,51,2,2,0,2,0,1,3,1,0,1,0,2,1,0,0,0,1
2020-06-27,10,0,2,1,0,0,0,0,9,1,0,2,1,2,2,3,3,0,0,6,1,1,0,0,0,0,2,2,0,3,1,0,0,1,0,1,1,0,3,1,0,1,1,0,4,250,0,40,1,0,3,4,2,0,0,1,0,1,2,0,3,4,1,0,0
2020-06-28,3,0,0,1,0,1,2,1,5,0,1,0,2,2,0,2,1,0,0,7,0,0,0,0,0,0,3,0,1,3,2,0,4,0,0,1,1,0,1,1,0,0,2,1,0,251,0,46,0,1,0,0,3,1,2,0,0,1,3,0,4,3,7,0,0
2020-06-29,3,0,0,0,1,1,0,0,4,1,0,4,4,2,0,4,2,0,2,1,0,1,0,0,0,0,1,0,0,4,1,0,0,1,4,1,0,0,2,1,0,0,3,1,0,228,0,54,0,0,3,0,2,1,1,0,0,10,0,1,0,0,3,3,0
2020-06-30,8,2,1,3,2,0,1,1,7,0,0,0,3,1,1,2,1,1,1,2,1,1,0,0,0,0,0,0,0,3,3,0,0,0,0,2,0,0,3,0,2,1,1,2,1,216,0,46,1,0,5,1,1,0,0,4,0,9,0,0,0,0,4,0,1
2020-07-01,4,1,0,0,0,1,1,0,4,0,0,1,6,1,0,3,2,1,1,2,0,0,0,0,1,0,1,0,1,1,0,0,2,2,0,0,0,0,0,1,0,0,3,0,0,176,1,44,0,0,2,1,4,0,0,0,1,5,0,0,0,0,3,1,0
2020-07-02,12,1,0,0,0,1,0,0,7,0,0,0,3,1,0,3,1,0,0,4,0,0,1,0,0,0,0,0,0,2,4,1,1,0,0,1,0,0,0,2,1,1,4,1,1,149,0,24,0,0,0,0,0,0,0,0,0,2,0,0,0,7,1,0,0
2020-07-03,2,0,1,3,1,1,0,0,13,0,0,0,3,0,0,1,1,0,0,5,1,0,0,0,0,0,0,2,0,1,1,1,4,0,0,2,0,2,0,2,2,0,1,0,0,140,0,31,2,0,1,0,1,0,0,2,0,0,0,0,0,5,3,0,0
2020-07-04,3,0,0,6,1,2,0,0,5,2,0,0,3,0,0,1,3,1,1,3,0,0,0,0,4,0,1,0,0,2,0,0,1,0,0,0,1,0,0,0,2,0,4,0,0,201,0,43,0,0,0,0,0,0,1,0,4,1,1,0,0,0,2,0,0
2020-07-05,4,0,0,3,0,1,0,0,6,0,0,2,1,1,0,0,0,0,0,1,0,0,0,0,1,0,0,0,0,2,0,2,2,0,0,1,0,0,0,1,0,0,1,0,2,121,0,26,0,0,0,0,2,0,0,3,4,0,3,2,1,1,1,0,0
2020-07-06,3,0,1,0,0,0,0,0,4,0,0,0,2,0,0,3,0,1,2,0,3,0,1,0,0,1,0,0,0,7,1,0,3,0,0,1,0,3,1,2,1,0,0,1,0,175,0,32,0,0,1,2,2,0,0,0,0,0,0,0,1,6,2,0,0
2020-07-07,1,0,2,0,1,1,4,0,2,0,0,0,2,2,3,0,2,1,0,2,0,1,0,0,0,0,0,0,0,3,2,2,6,0,0,0,0,0,0,0,0,1,5,0,0,165,1,30,0,0,0,1,3,1,1,0,0,4,0,0,0,3,1,0,0
2020-07-08,4,1,0,3,1,1,0,0,9,0,0,0,0,0,0,1,6,2,1,1,0,0,0,0,0,0,0,1,0,1,2,0,5,0,0,2,0,1,0,4,1,0,1,2,0,132,0,35,0,2,2,0,1,0,0,4,0,0,1,0,0,2,1,2,0
2020-07-09,5,0,0,1,0,1,2,0,5,1,0,2,8,0,0,0,1,10,1,1,0,0,0,0,0,0,0,0,0,1,1,0,3,2,1,0,1,0,0,1,0,0,1,0,0,143,0,21,1,2,0,2,4,0,2,1,0,0,0,0,0,1,2,0,0
2020-07-10,5,0,1,1,0,1,0,0,1,0,0,0,4,0,2,2,2,5,2,0,0,2,1,0,0,1,0,2,1,1,3,1,0,0,0,0,0,0,1,3,1,0,0,0,0,165,0,17,1,1,0,0,1,0,0,1,1,3,1,0,1,0,1,0,0
2020-07-11,1,0,1,0,0,0,0,0,11,0,0,0,2,0,0,3,2,2,0,6,0,0,0,0,0,0,0,0,1,0,1,0,2,0,0,3,0,0,0,0,0,0,0,1,0,173,1,39,0,0,1,1,0,1,1,0,0,1,1,0,2,1,1,0,0
2020-07-12,2,0,0,0,0,1,0,0,2,0,0,0,4,2,1,3,0,3,1,0,0,0,0,1,1,0,0,0,1,4,3,0,2,0,0,1,0,0,0,1,0,1,1,0,0,152,1,21,0,0,2,0,0,0,1,6,1,1,0,0,0,3,1,0,0
2020-07-13,1,0,0,0,0,3,1,0,4,0,0,0,4,1,0,0,2,0,1,1,0,0,0,1,0,0,0,0,1,0,1,0,2,0,0,1,1,0,0,0,0,1,2,1,0,130,0,26,0,0,1,2,0,0,1,0,0,2,3,2,0,0,0,0,0
2020-07-14,3,0,0,1,0,0,0,0,1,1,0,2,0,0,0,1,4,1,0,0,1,0,0,2,0,0,1,1,0,3,2,0,2,0,0,0,3,0,0,0,1,0,1,0,0,128,0,29,0,2,1,0,0,0,1,0,0,0,0,0,0,2,1,0,1
2020-07-15,1,1,0,0,0,0,0,0,0,0,0,0,1,0,0,0,1,0,1,0,0,1,0,0,0,0,3,0,1,1,3,1,2,2,0,0,0,0,0,0,1,0,0,0,0,195,2,15,0,0,0,0,0,0,2,0,1,4,0,0,0,0,0,0,0
2020-07-16,1,0,0,1,1,0,0,0,0,0,0,0,1,0,0,0,0,2,0,0,0,0,0,0,1,0,0,0,1,0,0,1,1,0,0,0,1,1,2,0,0,1,3,0,0,155,0,21,0,0,0,0,0,0,0,0,0,0,0,1,0,0,0,0,0
2020-07-17,0,2,0,1,4,0,1,0,1,0,0,0,1,0,0,0,0,0,0,0,1,0,0,0,0,0,0,1,1,0,0,0,0,0,0,3,0,0,0,0,0,0,2,0,0,187,0,16,0,0,0,0,0,0,0,0,1,0,0,1,0,1,0,0,0
2020-07-18,1,0,0,0,0,0,2,0,2,0,1,0,0,0,0,0,7,0,0,2,3,0,0,0,0,0,0,4,0,1,1,0,0,0,0,0,0,1,2,0,0,0,2,1,1,170,0,11,0,1,0,0,0,0,0,0,0,0,0,0,0,0,2,0,0
2020-07-19,0,0,0,0,0,0,0,0,1,0,0,0,0,0,0,1,0,1,3,2,0,1,0,0,0,0,0,0,0,0,0,0,2,0,2,0,0,0,0,0,0,0,1,1,1,173,0,18,1,0,1,0,0,0,0,2,0,0,0,0,0,0,1,0,0
2020-07-20,1,0,0,1,0,1,0,0,3,1,0,0,1,0,0,0,1,0,1,0,0,0,0,0,0,0,0,0,0,0,0,0,1,0,1,0,4,0,0,2,0,0,0,1,0,145,0,11,0,0,0,0,0,0,0,1,0,0,0,0,0,2,1,0,0
2020-07-21,0,0,1,1,0,0,1,0,1,0,0,0,1,0,0,1,0,2,0,1,0,0,0,0,0,0,0,0,0,1,0,0,0,0,1,0,2,0,0,0,0,0,1,0,0,117,0,9,1,0,0,1,0,0,0,0,0,0,0,0,0,0,1,0,0
2020-07-22,2,0,0,0,0,0,0,1,0,0,0,0,0,0,0,0,5,1,1,0,0,0,0,0,0,0,0,0,0,0,2,0,1,0,0,2,0,0,1,0,0,0,0,1,0,117,0,11,0,0,0,0,0,0,0,0,0,0,0,0,0,0,0,0,0
2020-07-23,0,0,0,1,0,1,1,0,2,0,1,0,1,0,0,0,1,1,0,3,0,0,0,0,1,0,0,0,0,1,0,0,0,0,0,1,1,0,1,0,1,0,0,0,0,140,0,15,0,0,1,0,0,0,1,0,0,0,0,0,0,1,0,1,0
2020-07-24,0,0,0,0,0,0,0,0,1,0,0,0,0,0,0,0,2,0,1,1,0,0,0,0,0,0,0,0,0,0,0,0,0,0,1,0,0,0,0,0,0,0,0,0,0,160,0,16,0,0,0,0,0,0,0,0,1,0,0,0,0,0,0,0,1
2020-07-25,1,0,0,0,0,0,1,0,0,0,0,0,2,0,0,1,2,1,0,0,0,0,0,0,0,0,2,0,0,1,1,0,0,0,0,1,0,0,0,0,0,0,0,1,0,163,0,18,0,0,1,0,1,0,0,1,0,0,0,0,0,0,2,3,2
2020-07-26,1,0,0,3,4,1,0,1,3,0,0,0,0,0,0,0,0,0,0,0,0,0,0,0,1,0,0,0,0,0,0,0,0,0,0,0,0,0,0,0,1,0,2,0,1,191,0,12,1,3,0,0,2,0,0,1,0,1,0,0,0,1,0,1,0
2020-07-27,0,0,0,0,0,0,0,0,1,0,0,0,1,0,2,1,1,0,2,0,2,2,1,0,0,0,0,0,0,1,1,0,1,0,0,0,0,0,0,0,0,3,0,2,0,120,0,10,1,1,0,0,0,0,0,1,1,1,0,0,0,0,0,1,0
2020-07-28,1,0,0,0,0,0,0,0,0,0,0,0,0,1,0,0,1,0,0,1,0,0,0,0,0,0,1,0,1,0,0,0,0,1,0,1,0,0,2,0,0,0,0,0,0,143,0,4,0,1,1,0,0,0,0,0,1,0,0,0,0,0,0,0,0
2020-07-29,0,1,1,0,0,1,0,0,2,0,0,0,0,0,0,1,3,0,0,0,0,0,0,1,1,0,0,0,1,1,0,0,0,0,0,0,0,0,1,3,0,0,1,0,0,141,1,16,1,3,1,1,1,0,1,1,2,1,0,1,0,1,0,0,0
2020-07-30,1,0,1,3,3,0,0,0,1,0,0,0,1,0,0,0,0,0,0,0,0,0,0,0,1,0,0,0,0,0,0,0,0,0,0,0,0,0,0,1,0,1,0,0,0,134,0,8,0,1,1,2,0,0,0,0,0,0,0,0,0,0,2,1,0
2020-07-31,0,0,0,0,0,0,0,2,1,0,0,1,1,0,1,0,0,0,0,0,0,0,0,0,0,0,0,0,0,3,0,0,0,0,0,0,0,0,0,0,1,0,0,0,0,126,0,12,0,0,0,0,0,0,0,2,0,0,0,0,0,0,0,1,0
2020-08-01,0,0,0,2,0,1,0,0,2,0,1,1,0,0,0,0,0,0,0,0,0,0,0,0,0,0,0,0,0,2,1,0,0,1,0,0,3,2,0,0,1,0,0,1,0,147,0,6,1,2,0,0,0,0,0,0,0,0,0,0,0,0,1,0,1
2020-08-02,0,0,0,0,0,0,0,0,1,0,0,1,1,0,0,0,0,0,0,2,1,0,0,0,1,0,0,0,0,1,2,0,0,0,0,0,1,0,1,0,0,0,1,0,0,151,0,22,1,0,1,0,1,0,0,0,0,0,0,0,0,0,0,0,0
2020-08-03,1,1,0,0,1,2,0,1,0,0,0,3,1,0,0,2,1,0,0,1,0,0,0,0,0,0,0,0,0,1,1,0,0,0,0,0,1,1,0,0,2,1,0,1,0,184,1,15,0,0,0,0,1,0,0,1,1,1,0,0,0,0,2,0,0
2020-08-04,0,0,0,0,2,0,0,0,0,0,0,0,0,0,0,0,2,0,0,1,0,0,0,0,0,0,0,0,0,0,0,0,1,0,0,0,1,0,2,0,1,0,1,0,1,177,0,10,0,0,1,0,0,0,0,0,0,1,0,0,0,0,1,0,1
2020-08-05,0,0,0,0,1,0,0,0,0,0,0,2,0,0,0,3,2,0,0,0,0,0,0,0,0,0,0,0,0,1,2,0,1,0,0,1,1,0,1,1,0,0,0,0,1,181,0,18,0,0,1,1,0,1,0,0,0,0,0,0,0,1,0,0,0
2020-08-06,2,0,0,0,0,0,0,0,2,0,1,0,0,0,0,0,1,1,0,1,0,0,0,0,0,0,0,0,0,0,2,0,0,0,0,2,0,0,0,1,0,0,1,0,1,161,0,17,0,0,2,0,0,0,0,0,0,0,0,0,0,0,1,0,0
2020-08-07,0,1,0,0,0,1,1,0,0,0,1,0,0,0,0,2,0,1,0,0,1,0,0,0,0,0,0,0,1,2,0,0,0,0,0,0,0,0,2,0,0,0,0,1,1,193,0,13,0,0,0,0,0,0,0,1,1,2,1,0,0,0,0,0,0
2020-08-08,3,1,0,0,3,1,0,0,1,1,2,0,0,1,0,0,1,2,0,1,0,0,0,0,1,0,0,0,0,0,0,0,0,0,0,1,0,0,0,0,1,2,1,0,0,171,0,16,0,0,0,0,0,0,0,1,1,0,0,0,0,0,0,0,0
2020-08-09,2,1,0,0,0,0,0,0,0,1,0,0,0,0,0,0,0,0,2,0,0,0,0,0,0,0,0,0,0,2,0,0,0,0,0,0,0,1,1,0,0,0,0,0,0,109,0,20,0,0,0,1,0,0,0,0,0,0,1,0,0,0,0,0,0
2020-08-10,2,0,0,0,4,0,1,0,2,0,1,0,0,0,0,0,1,0,0,0,0,0,0,0,0,1,0,0,0,1,0,0,1,0,0,1,0,1,3,0,0,0,0,0,0,186,0,20,0,1,0,1,0,0,0,3,0,0,0,0,0,0,0,0,0
2020-08-11,1,0,0,2,1,0,0,0,1,0,2,1,0,0,0,1,2,0,1,3,0,0,0,0,0,0,0,0,0,0,0,0,1,0,0,0,0,0,1,0,1,0,1,0,0,162,0,16,0,0,1,1,1,0,0,1,1,0,0,1,0,0,0,0,0
2020-08-12,0,0,0,0,0,1,2,0,0,0,2,0,2,0,0,1,3,0,1,0,0,0,0,0,0,0,0,1,0,0,0,0,0,0,0,0,0,0,0,0,0,0,3,0,0,180,0,13,0,0,0,0,0,0,0,0,1,0,2,1,0,0,0,0,1
2020-08-13,2,0,0,0,1,0,0,0,1,0,0,1,1,0,0,3,1,0,0,0,2,1,0,0,0,0,1,0,0,0,0,0,1,1,0,0,0,0,0,0,0,0,0,0,0,154,0,7,1,0,0,2,0,0,1,0,0,3,0,0,0,1,1,0,0
2020-08-14,1,0,0,0,0,0,0,0,0,0,1,1,1,0,0,1,0,0,1,0,0,0,0,0,0,0,0,0,1,1,0,0,1,0,0,1,0,0,0,0,0,1,2,0,0,131,0,12,1,0,0,1,1,0,0,0,0,0,1,0,0,0,1,0,0
2020-08-15,3,0,0,1,0,1,0,0,0,0,1,0,0,0,0,0,1,0,0,0,0,0,0,0,0,0,0,0,0,0,1,0,0,0,0,0,1,0,0,0,0,0,0,0,0,137,0,11,2,0,0,1,0,0,0,0,2,0,0,1,0,2,2,0,0
2020-08-16,0,0,1,0,0,0,0,0,2,0,0,0,0,0,0,0,0,0,0,1,0,0,0,0,2,0,0,0,0,0,1,0,0,0,0,0,1,3,0,0,0,0,2,0,1,114,0,11,2,0,1,0,0,0,2,0,1,0,0,0,0,0,3,0,0
2020-08-17,1,0,0,1,0,0,0,0,3,0,0,0,0,0,0,2,0,0,0,1,0,0,0,0,0,0,1,0,0,0,0,0,1,0,0,0,0,0,0,0,1,0,1,0,1,108,0,10,0,0,0,1,0,0,1,0,0,1,0,0,0,0,1,0,0
2020-08-18,2,0,0,0,0,0,0,0,8,0,0,0,0,1,0,2,0,0,0,0,0,0,0,0,0,1,0,0,0,0,1,0,0,0,0,0,0,0,0,0,0,0,3,0,0,137,0,18,1,0,0,2,1,0,0,0,3,1,0,0,0,0,0,0,0
2020-08-19,2,0,0,0,0,0,0,0,0,0,1,1,0,0,1,0,0,0,0,0,0,0,0,0,2,0,0,0,0,1,1,1,0,0,0,0,0,0,0,0,1,0,2,1,0,128,0,12,0,2,0,0,0,0,2,0,1,0,1,0,0,1,0,0,1
2020-08-20,0,0,0,0,0,1,0,0,0,0,0,1,0,0,0,0,3,0,0,0,0,0,0,0,1,0,0,0,0,0,0,0,0,0,0,1,0,2,1,0,0,0,1,0,0,116,0,14,0,0,0,0,0,0,1,1,1,0,0,0,0,0,0,0,0
2020-08-21,0,0,0,0,0,0,0,0,0,0,0,1,1,0,0,0,0,2,2,0,0,0,0,0,1,0,0,0,1,0,0,0,1,0,0,0,0,2,0,0,0,0,1,0,0,104,2,6,0,0,0,0,0,0,0,0,0,0,0,0,0,0,0,0,0
2020-08-22,1,0,0,0,0,0,0,0,1,0,1,1,0,0,0,0,0,0,0,0,1,2,0,0,0,0,0,1,0,1,0,1,0,0,0,0,0,0,3,0,0,0,0,0,0,146,1,10,0,0,0,1,0,0,1,0,0,0,0,0,0,0,0,0,0
2020-08-23,0,0,0,0,0,0,0,1,0,2,0,0,0,0,0,1,0,0,0,0,0,0,0,0,0,0,0,0,0,0,0,0,0,0,0,1,0,0,0,0,0,0,1,0,0,111,0,10,1,0,0,1,0,0,0,0,1,0,0,0,0,0,0,1,0
2020-08-24,0,0,0,1,0,0,0,0,2,0,0,0,1,0,1,1,0,0,0,0,0,2,0,0,0,0,0,0,0,2,1,0,2,0,0,0,0,0,0,0,0,0,1,0,1,136,0,16,0,0,0,1,0,0,0,1,1,0,0,1,0,0,0,0,0
2020-08-25,0,0,0,0,0,0,0,0,0,0,0,0,0,0,0,0,0,0,0,1,0,0,0,0,0,0,1,0,0,0,0,0,0,0,0,0,0,1,0,0,5,0,0,0,0,117,0,21,0,0,1,0,1,0,0,0,0,0,0,0,0,0,0,1,0
2020-08-26,1,0,0,0,0,0,0,0,1,0,0,0,0,0,0,0,1,0,0,1,0,0,0,0,0,0,0,0,0,1,0,0,4,0,0,0,0,1,0,1,0,0,0,0,0,116,0,21,0,0,3,0,0,0,1,0,0,2,0,0,0,1,1,1,0
2020-08-27,1,1,0,0,1,0,0,0,2,0,0,0,0,0,0,1,0,0,0,0,0,0,0,0,0,0,0,0,0,1,0,0,0,0,0,1,0,0,1,0,0,0,2,0,0,115,0,17,1,0,1,0,0,0,0,0,0,0,0,0,0,0,0,0,0
2020-08-28,0,0,0,0,0,0,0,1,0,0,0,0,1,0,0,1,0,0,0,4,0,0,0,0,0,0,0,0,0,0,0,0,1,0,0,0,0,0,1,1,0,1,0,0,0,130,0,13,0,0,1,1,0,0,0,0,0,0,0,1,0,0,0,1,0
2020-08-29,0,0,0,2,0,0,1,0,0,0,0,2,0,0,0,1,0,0,0,0,0,0,0,0,0,0,2,0,0,0,0,1,0,0,0,0,0,0,0,0,0,1,0,0,0,118,0,21,0,0,1,0,0,0,0,0,0,0,0,1,0,0,0,0,1
2020-08-30,1,0,0,0,0,0,1,0,2,0,1,0,1,0,0,1,0,0,0,0,0,0,0,1,1,0,0,0,0,0,0,0,0,0,0,0,0,0,0,0,0,1,0,2,0,150,2,17,1,0,0,0,0,0,1,0,0,1,0,0,0,0,0,0,0
2020-08-31,1,0,0,1,0,0,0,0,0,0,1,0,0,0,0,0,0,0,0,1,0,0,0,0,0,0,0,0,0,1,0,0,0,0,0,1,0,0,0,0,0,0,0,0,0,144,0,25,0,0,0,0,0,1,0,0,0,0,0,0,0,0,0,0,0
2020-09-01,1,0,0,0,0,1,1,1,1,0,0,0,0,0,0,1,0,1,0,0,0,0,0,2,0,0,0,0,0,1,0,0,1,0,0,0,0,0,0,1,0,0,1,0,2,167,0,27,0,1,0,1,0,0,0,0,0,0,0,0,0,0,0,0,0
2020-09-02,0,0,0,0,0,0,0,0,2,0,0,0,0,2,0,0,0,0,0,0,0,0,0,0,1,0,0,0,2,0,0,0,1,0,0,0,0,0,1,0,0,0,1,1,0,146,0,20,0,0,1,2,0,0,1,0,0,0,0,0,0,3,0,0,0
2020-09-03,1,0,0,0,0,0,0,0,3,0,0,0,0,0,0,0,0,0,0,2,0,0,0,0,0,0,0,0,0,0,0,0,0,0,0,1,0,0,0,0,0,0,1,2,0,145,0,12,0,0,2,0,0,0,1,0,0,0,0,0,0,0,0,0,0
2020-09-04,2,0,1,1,0,0,0,0,4,0,0,0,0,0,0,0,0,1,0,2,0,0,0,0,0,1,1,0,0,0,0,0,1,0,0,0,0,1,0,0,0,0,0,0,0,165,0,24,2,0,0,1,0,0,1,0,0,2,0,1,0,1,0,0,0
2020-09-05,2,0,0,0,0,0,0,0,0,2,0,2,0,0,0,1,0,0,0,0,1,1,0,0,0,0,0,0,0,0,1,0,0,0,0,1,0,0,0,0,0,0,3,0,0,128,0,23,1,0,1,0,2,0,0,2,0,1,0,0,0,0,0,0,0
2020-09-06,1,0,1,0,0,0,0,0,3,0,0,0,0,0,0,0,0,1,0,1,0,0,0,0,0,0,1,0,0,1,2,0,0,0,0,0,0,0,1,0,0,0,2,0,1,151,0,11,0,0,0,0,0,0,1,0,0,0,0,1,0,0,1,0,0
2020-09-07,4,0,0,2,0,0,0,0,1,0,0,0,0,0,0,1,0,0,1,1,0,0,0,0,0,0,0,0,0,1,0,0,0,0,0,2,0,0,1,0,0,0,1,0,0,136,0,14,0,0,0,0,0,0,1,0,0,0,0,0,0,0,0,0,1
2020-09-08,1,1,0,0,0,1,1,0,1,0,0,0,0,0,0,3,2,0,0,0,0,0,0,0,0,0,0,0,1,2,1,0,0,0,0,1,0,2,0,0,1,0,1,1,0,175,0,19,0,0,0,0,0,0,0,1,0,0,0,0,0,1,0,0,0
2020-09-09,0,0,0,0,0,1,0,0,1,0,0,0,0,0,0,3,3,0,0,0,0,0,0,0,0,0,0,0,0,0,2,0,0,0,0,0,0,0,1,0,0,0,1,0,0,132,1,15,1,0,1,0,0,0,0,0,0,0,0,0,0,1,0,0,0
2020-09-10,0,0,0,0,0,0,0,0,1,0,0,0,0,0,0,1,0,0,0,1,0,0,0,0,0,0,0,0,0,1,0,0,1,0,0,0,0,0,0,0,0,0,1,0,0,92,0,11,0,0,0,1,0,0,0,4,0,0,0,0,0,1,0,0,1
2020-09-11,1,0,0,0,0,0,0,0,0,0,0,0,0,1,0,0,0,0,0,0,0,0,0,1,0,0,0,0,0,0,1,0,0,0,0,0,0,0,0,0,0,0,0,0,0,92,0,10,0,1,0,1,0,0,0,0,0,0,0,1,0,0,0,0,0
2020-09-12,0,0,0,0,1,0,1,1,2,0,0,0,0,0,0,1,1,0,0,0,1,0,0,0,0,0,0,0,0,0,0,0,1,0,0,1,0,0,0,0,0,0,1,0,0,103,0,8,0,0,0,0,0,0,1,1,0,0,0,1,0,0,0,0,0
2020-09-13,0,0,0,0,1,0,0,0,1,0,0,0,0,0,0,0,0,0,0,2,0,0,0,0,0,0,0,0,0,0,0,0,0,0,0,0,0,0,0,0,0,0,0,0,1,93,0,6,0,0,0,0,0,0,0,0,0,0,0,0,0,0,0,0,0
2020-09-14,2,0,0,0,0,0,0,0,0,0,0,0,0,0,0,0,0,0,0,0,0,0,0,0,1,0,0,0,0,1,0,0,0,0,0,0,0,0,0,0,0,0,0,0,2,88,0,8,0,0,1,0,0,0,0,1,1,0,0,0,2,0,0,1,0
2020-09-15,0,1,0,0,0,0,0,0,1,0,0,0,0,1,0,0,3,0,0,0,0,0,0,0,0,0,0,0,0,0,1,0,0,0,0,1,0,0,0,0,0,0,1,0,0,70,2,11,0,1,0,0,0,0,0,0,0,0,0,0,0,0,0,0,0
2020-09-16,0,0,0,1,0,0,0,0,0,0,0,0,0,0,0,2,0,0,1,1,0,0,0,0,0,0,0,0,0,0,0,0,1,1,0,0,0,0,0,0,0,0,0,0,0,87,0,13,1,0,0,0,0,0,2,0,0,1,0,0,1,0,0,0,0
2020-09-17,2,0,0,0,0,0,0,0,1,0,0,0,0,0,0,1,0,0,0,0,1,0,1,0,0,0,0,0,0,0,0,0,2,1,0,0,3,0,0,0,0,0,0,0,0,74,0,12,0,0,0,0,0,0,1,0,0,2,0,0,0,0,1,0,0
2020-09-18,0,0,0,0,0,2,0,0,0,0,1,1,0,0,0,1,3,0,0,0,0,0,0,0,1,0,0,0,0,1,0,0,0,0,0,0,0,0,0,0,0,0,1,0,0,91,0,8,0,0,1,0,0,0,0,1,0,3,0,0,0,0,0,0,0
2020-09-19,0,1,0,0,0,0,0,0,0,0,0,0,0,0,0,1,0,0,0,0,0,0,0,0,0,1,0,0,0,0,1,0,0,0,0,0,0,0,1,0,0,0,1,0,1,69,0,11,0,0,0,0,0,0,0,0,0,0,0,0,0,0,0,0,0
2020-09-20,2,0,0,0,2,0,1,0,0,0,0,1,0,0,0,0,0,0,0,0,0,0,0,0,0,0,0,0,0,0,0,0,0,0,0,0,0,0,0,0,0,0,0,0,0,89,0,5,0,0,1,0,0,0,0,0,0,0,0,0,0,0,0,0,0
2020-09-21,1,0,0,0,0,0,1,1,0,0,0,0,0,0,0,0,0,0,0,0,0,0,0,0,0,0,0,0,0,2,0,0,0,0,0,0,0,0,0,0,0,0,0,0,1,76,0,9,1,0,2,0,0,0,0,0,0,0,0,0,0,1,1,0,0
2020-09-22,1,0,2,0,0,0,0,0,0,0,0,0,0,0,0,0,1,0,2,0,1,0,0,0,0,0,0,0,0,0,0,0,0,0,0,0,0,0,1,0,0,0,0,0,0,67,0,7,0,0,0,0,0,0,0,0,0,0,0,0,1,0,0,0,0
2020-09-23,0,0,0,1,0,0,0,0,1,0,0,0,0,0,0,0,0,0,0,0,0,0,0,0,0,0,0,0,0,0,0,0,1,0,0,0,0,2,0,0,0,0,2,0,0,53,0,6,0,0,0,0,0,0,0,0,0,0,0,0,0,0,0,0,0
2020-09-24,0,0,0,0,0,0,0,0,1,0,0,0,0,0,0,0,0,0,0,0,0,0,0,0,0,0,0,0,0,0,0,0,0,0,0,0,0,0,1,0,0,0,0,0,0,72,0,6,1,0,0,0,0,0,0,1,0,0,0,0,0,0,0,0,0
2020-09-25,0,1,1,0,0,0,0,0,1,0,0,0,1,0,0,1,0,0,0,0,0,0,1,0,0,0,0,0,0,0,0,0,0,0,0,0,0,0,0,0,0,0,0,0,0,57,0,7,0,0,0,0,0,0,0,0,0,0,0,0,0,0,0,0,0
2020-09-26,0,0,0,0,0,0,0,0,1,0,0,0,0,1,0,0,0,0,0,0,0,0,0,0,0,0,1,0,0,0,0,0,1,0,0,0,0,0,0,0,0,0,1,0,0,41,0,11,0,0,0,0,0,0,1,0,0,0,1,0,0,0,0,0,0
2020-09-27,1,0,0,0,0,0,1,0,0,0,0,1,0,0,0,0,0,1,0,0,0,1,0,1,0,0,1,0,0,1,0,0,0,0,0,1,0,0,0,0,0,0,0,0,0,55,0,6,0,0,0,0,0,0,0,0,0,0,0,0,0,0,0,0,0
2020-09-28,1,0,0,0,0,0,0,0,0,0,0,0,0,0,0,0,0,0,0,0,0,0,0,0,0,0,0,0,0,1,2,0,1,0,0,0,0,0,0,0,0,0,0,0,0,51,0,4,0,0,0,0,0,0,0,0,0,1,0,0,0,0,1,0,0
2020-09-29,2,0,0,0,0,0,0,0,0,0,0,0,0,0,0,0,0,0,0,1,0,0,0,0,0,1,0,0,0,0,0,0,1,0,0,0,0,0,0,0,0,0,1,0,0,46,0,4,0,0,0,0,0,0,1,0,0,0,0,0,0,0,0,0,0
2020-09-30,1,0,0,0,0,1,0,0,0,1,0,0,0,0,0,0,0,0,0,0,0,1,0,0,0,0,0,0,0,0,1,0,0,0,0,0,0,0,0,0,0,0,0,0,0,38,0,5,1,0,0,0,0,0,0,0,0,0,0,0,0,0,0,0,0
2020-10-01,1,0,0,0,1,0,0,0,0,0,0,0,0,0,0,0,1,0,0,0,0,0,0,0,0,0,0,0,0,1,0,0,0,0,0,0,0,0,0,0,0,0,0,0,0,36,0,3,0,0,0,0,0,0,0,0,0,0,0,0,0,0,0,0,0
2020-10-02,0,0,0,0,0,0,0,0,1,0,0,0,0,0,0,0,0,0,0,0,0,0,0,0,0,0,0,0,0,0,0,0,0,0,0,0,0,0,0,0,0,0,0,0,0,33,0,7,0,0,0,0,0,0,0,0,0,1,0,0,0,0,0,0,0
2020-10-03,1,0,0,0,0,0,0,0,0,0,2,0,0,0,0,0,0,0,0,0,0,0,0,0,0,0,0,0,0,0,0,0,0,0,0,0,0,0,0,0,0,0,0,0,0,33,0,5,1,0,0,0,0,0,0,0,0,0,0,0,0,0,0,0,0
2020-10-04,1,0,0,0,0,0,0,0,0,0,0,0,0,0,0,0,0,0,0,0,0,0,0,0,0,0,0,0,0,0,0,1,0,0,0,0,0,0,0,0,1,0,0,1,0,48,0,10,0,0,0,0,0,0,0,0,0,0,0,0,0,0,0,0,0
2020-10-05,0,0,0,0,0,0,0,0,0,0,0,0,0,0,0,0,1,0,0,0,0,0,0,0,0,0,0,0,0,0,0,0,2,0,0,1,0,0,0,0,0,0,0,0,0,25,0,3,0,0,0,0,0,0,0,1,0,0,0,0,0,0,0,0,0
2020-10-06,0,0,0,0,1,0,0,0,3,0,0,0,0,0,0,0,0,0,0,0,0,0,0,0,0,0,0,0,0,0,0,0,1,0,0,0,0,0,1,0,0,0,0,0,0,55,0,8,0,0,0,0,0,0,0,0,0,0,0,1,0,0,0,0,0
2020-10-07,0,0,0,1,0,0,0,0,2,0,0,0,0,1,0,0,0,0,0,0,0,0,1,0,0,0,0,0,0,1,0,0,1,0,0,0,0,0,0,0,0,0,3,0,0,54,0,5,0,0,1,0,0,0,0,0,0,0,0,0,0,0,0,0,0
2020-10-08,0,0,0,0,0,0,0,0,1,0,0,0,0,0,0,1,0,0,0,0,0,0,0,0,0,0,0,0,0,1,1,0,0,0,0,0,0,0,0,0,0,0,0,0,0,45,0,6,0,0,2,0,0,0,0,0,0,0,0,0,0,0,1,0,0
2020-10-09,0,0,0,0,0,0,0,0,1,0,0,0,0,0,0,0,0,0,0,0,0,1,0,0,0,0,1,0,0,0,0,0,1,0,0,0,0,0,0,0,0,0,0,0,0,47,0,11,0,1,0,0,0,0,0,0,0,0,0,0,0,0,0,0,0
2020-10-10,0,0,0,0,0,0,0,0,0,0,0,0,0,0,0,0,0,0,0,0,0,0,0,0,0,0,0,0,0,0,0,0,1,0,0,0,0,0,0,0,0,0,0,0,0,41,0,5,0,0,0,0,0,0,0,0,0,0,0,0,0,0,0,0,0
2020-10-11,0,0,0,0,0,0,0,0,0,0,0,0,0,0,0,0,0,0,0,0,0,0,0,1,0,0,0,0,0,0,0,0,1,0,0,0,0,0,0,0,0,0,0,0,0,33,0,8,0,0,0,0,0,0,0,1,0,0,0,0,0,0,0,0,0
2020-10-12,0,0,0,0,0,0,1,0,0,2,0,0,0,0,0,0,0,0,0,0,0,0,0,0,0,0,0,0,0,0,0,0,1,0,0,0,0,0,0,0,0,0,0,1,1,52,0,9,0,0,1,0,0,0,1,0,0,0,0,0,0,0,0,0,0
2020-10-13,0,0,0,0,0,0,0,0,0,0,0,0,0,0,0,1,0,0,0,0,0,0,0,0,0,0,0,0,2,0,0,0,1,0,0,0,0,0,0,1,0,0,0,0,0,50,0,9,0,0,0,0,0,0,0,1,0,0,0,0,0,0,0,0,0
2020-10-14,0,0,0,0,0,0,0,0,0,0,0,0,0,0,0,0,0,0,0,0,0,2,0,0,0,0,0,0,0,0,0,0,0,0,0,0,0,0,0,0,0,0,0,0,0,47,0,6,0,0,0,0,0,0,0,1,0,0,0,0,0,0,0,0,0
2020-10-15,0,0,0,0,1,0,0,0,1,0,0,0,0,0,0,0,0,0,0,0,0,0,0,0,0,0,0,0,0,0,0,0,2,0,0,0,0,0,0,0,0,0,0,0,0,33,0,8,0,0,0,0,0,0,0,0,0,0,0,0,0,0,0,0,0
2020-10-16,0,0,0,0,0,0,0,0,0,0,0,0,0,0,0,1,0,0,0,0,0,0,0,0,0,0,1,0,0,0,1,0,0,0,0,0,0,0,0,0,0,0,0,0,0,49,0,10,0,0,0,0,0,0,0,0,0,0,0,0,0,0,0,0,0
2020-10-17,0,0,0,0,0,0,0,0,0,0,0,0,0,1,0,0,0,0,0,1,0,0,1,0,0,0,0,0,0,0,0,0,1,0,0,0,0,0,0,0,0,0,1,1,0,36,0,14,0,0,0,0,0,0,0,0,0,0,0,0,0,0,0,0,0
2020-10-18,0,0,0,0,0,0,0,0,0,0,0,0,0,0,0,1,0,0,0,0,0,0,0,1,0,0,0,0,0,0,0,0,1,0,0,0,0,0,0,0,0,0,1,0,0,46,0,14,0,0,0,0,0,0,1,0,0,0,0,0,1,0,0,0,0
2020-10-19,0,0,0,0,0,0,0,0,2,0,0,0,0,0,0,0,0,0,1,0,2,0,0,0,0,0,0,0,0,0,0,0,0,0,0,0,0,0,0,0,0,0,0,0,0,43,0,14,0,0,0,0,0,0,0,0,0,0,0,0,0,0,0,0,0
2020-10-20,1,0,0,0,0,0,0,0,0,0,0,0,0,0,0,0,0,0,0,0,0,0,0,1,0,0,0,0,0,0,0,0,1,0,0,0,0,0,0,0,0,0,0,0,0,52,1,9,0,0,0,0,0,0,0,0,0,0,0,0,0,0,0,0,0
2020-10-21,0,0,0,0,0,0,0,0,0,0,0,0,0,0,0,0,0,0,1,0,0,1,0,0,1,0,0,0,0,0,0,0,0,0,0,0,0,0,0,0,0,0,0,0,0,63,0,7,0,0,0,0,0,0,1,0,0,0,0,0,0,0,0,0,0
2020-10-22,0,0,0,0,0,0,1,0,1,0,0,0,0,0,0,0,0,0,0,0,0,1,0,0,2,0,0,0,0,0,0,0,0,0,0,1,0,0,0,0,0,0,0,0,0,41,0,9,0,0,1,0,0,0,0,0,0,0,0,0,0,0,0,0,0
2020-10-23,0,0,0,0,0,0,0,0,0,0,0,0,0,0,0,1,0,0,0,0,0,0,0,0,2,0,0,0,0,0,0,0,0,0,0,0,0,0,0,0,0,0,0,0,0,42,1,0,0,0,0,0,2,0,0,0,0,0,0,0,0,0,0,0,0
2020-10-24,0,0,0,0,0,0,0,0,0,0,0,0,0,0,0,0,0,0,0,0,0,0,0,0,0,0,0,0,0,0,0,0,1,0,0,0,0,0,0,0,0,0,0,0,0,56,0,12,0,0,0,0,0,0,0,0,0,0,0,0,0,0,0,0,0
2020-10-25,0,0,0,0,0,0,0,0,1,0,0,0,0,0,0,0,0,0,0,0,0,0,0,0,0,0,0,0,0,0,0,0,1,0,0,0,0,0,0,0,0,0,1,0,0,41,1,8,0,0,0,0,0,0,0,0,0,1,0,0,0,0,0,0,0
2020-10-26,0,0,0,0,1,0,0,0,1,0,0,0,0,0,0,0,0,0,0,0,0,0,0,0,0,0,0,0,0,0,0,0,0,0,0,0,0,0,0,0,1,0,1,0,0,55,0,6,0,0,0,0,0,0,0,0,0,0,0,0,0,0,0,0,0
2020-10-27,0,0,0,1,1,0,0,0,1,0,0,0,0,0,0,0,0,0,0,0,0,0,0,0,0,0,0,0,0,0,0,0,0,0,0,0,0,0,0,0,0,0,0,0,0,50,0,7,0,0,0,0,0,0,0,0,0,0,0,0,0,0,0,0,0
2020-10-28,1,0,1,0,0,0,0,0,0,1,0,0,0,0,0,1,0,0,0,1,0,0,0,0,0,0,0,0,0,0,0,0,2,0,0,0,0,0,0,0,0,0,1,0,1,70,0,8,0,0,0,0,0,0,0,0,0,0,0,0,0,0,0,0,0
2020-10-29,0,0,1,0,0,0,0,0,1,0,2,0,0,0,0,1,0,0,0,0,0,0,0,0,0,0,0,0,0,0,0,0,0,0,0,0,0,0,0,0,0,0,1,0,0,42,0,6,0,0,0,0,0,0,0,0,0,0,0,0,0,0,0,0,0
2020-10-30,0,0,0,0,0,0,1,0,0,0,0,0,0,0,0,1,0,0,0,0,0,0,0,0,0,0,0,0,0,0,1,0,0,0,0,0,0,0,0,0,0,0,0,0,1,42,0,6,0,0,0,0,0,0,0,0,1,0,0,0,0,0,0,0,0
2020-10-31,2,0,0,0,1,0,0,0,1,0,0,0,1,0,0,0,0,0,0,0,0,0,0,0,0,0,0,0,0,0,0,0,0,0,0,0,0,0,2,0,0,0,0,0,0,54,0,12,0,0,0,0,0,0,0,0,0,0,0,0,0,1,0,0,0
2020-11-01,0,0,0,0,0,0,0,0,1,0,0,1,0,0,0,0,0,0,0,0,0,0,0,0,0,0,0,0,0,0,0,0,0,0,0,0,0,0,0,0,0,0,0,0,0,57,0,6,0,0,0,1,0,0,2,0,0,0,0,0,0,0,0,0,0
2020-11-02,0,0,0,0,0,0,0,0,1,0,0,0,0,0,0,0,0,0,0,1,0,0,0,0,0,0,0,0,0,1,0,0,0,0,0,0,0,0,0,0,0,0,1,0,0,66,0,9,0,0,0,0,0,0,0,0,0,0,0,0,0,0,0,0,0
2020-11-03,0,0,0,0,0,0,0,0,0,0,0,0,0,0,0,0,1,0,0,0,0,0,0,0,0,0,0,0,0,0,0,0,0,0,0,1,0,0,0,0,0,0,0,0,1,55,0,10,0,0,0,0,0,0,0,1,0,0,0,0,0,0,0,0,0
2020-11-04,0,1,0,0,0,0,0,0,0,1,0,0,0,0,0,1,0,0,0,3,0,0,0,0,0,0,0,0,0,0,0,0,1,0,0,0,0,0,0,0,0,0,0,0,0,45,0,13,0,0,0,0,0,0,0,0,0,1,0,0,0,0,0,0,0
2020-11-05,0,0,0,0,0,0,0,0,1,0,0,0,0,0,0,0,0,0,0,0,0,0,0,0,1,0,0,0,0,1,0,0,1,0,0,0,0,0,0,1,0,0,0,0,0,53,0,9,0,0,0,0,0,0,0,0,0,0,0,0,0,0,0,0,0
2020-11-06,0,0,0,0,0,0,0,0,0,0,0,0,0,0,0,0,1,0,0,0,0,0,0,0,0,0,0,0,1,0,0,0,0,0,0,1,0,1,0,0,0,0,0,1,0,46,0,8,0,0,0,0,0,0,0,0,0,0,0,0,0,2,0,0,0
2020-11-07,0,0,0,1,0,0,0,0,0,0,0,0,0,0,0,0,0,0,0,0,0,0,0,0,0,0,0,0,0,0,0,0,2,0,0,1,0,0,0,0,0,0,0,0,0,60,0,3,0,0,0,0,0,0,0,0,0,0,0,0,0,0,0,0,0
2020-11-08,0,0,0,0,0,0,0,0,0,0,0,1,0,0,0,0,0,0,0,0,0,0,0,0,0,0,0,0,0,0,0,0,0,0,0,0,0,0,0,0,0,0,0,0,0,51,0,11,0,0,0,0,0,0,0,0,0,0,0,0,0,0,0,0,0
2020-11-09,0,0,0,0,0,1,0,0,0,0,0,0,1,0,0,0,0,0,0,0,0,0,0,0,0,0,0,0,0,0,1,0,0,0,0,0,0,0,0,0,0,0,1,0,0,70,0,12,0,0,0,0,0,0,0,0,0,0,0,0,0,0,0,0,0
2020-11-10,0,0,0,0,0,0,0,0,0,0,0,0,0,0,0,0,0,0,0,0,0,0,0,0,0,0,0,0,0,1,0,0,1,1,0,0,0,1,0,1,0,0,0,0,0,60,0,8,0,0,0,0,0,0,0,0,0,1,0,0,0,0,0,0,0
2020-11-11,0,0,0,0,0,0,0,0,0,0,0,0,0,0,0,0,0,0,0,1,0,0,0,0,0,0,1,0,0,0,0,0,0,0,0,0,0,0,0,0,0,0,0,0,0,66,0,10,0,0,0,0,0,0,2,0,0,0,0,0,0,0,0,0,0
2020-11-12,0,0,0,0,0,0,0,0,0,0,0,0,0,0,0,1,0,0,0,0,0,1,0,0,0,0,0,0,0,0,0,0,1,0,0,0,0,0,0,0,0,0,0,0,0,69,0,5,0,0,0,1,0,0,0,1,0,0,1,0,0,0,0,0,0
2020-11-13,0,0,0,0,0,0,0,0,3,0,0,1,0,0,0,1,1,0,0,0,0,0,0,0,0,0,0,0,0,0,0,0,0,0,0,0,0,0,0,0,0,0,0,0,0,56,0,9,0,0,0,0,0,0,0,0,0,0,0,0,0,0,0,0,0
2020-11-14,1,0,0,0,0,0,0,0,0,0,0,0,0,0,0,0,0,0,0,0,1,0,0,0,0,0,0,0,0,0,0,0,0,0,1,0,0,0,0,0,0,0,0,0,0,80,0,7,0,0,1,0,0,0,0,0,0,1,0,0,0,0,1,0,0
2020-11-15,0,0,0,0,0,0,0,0,1,0,0,0,1,0,0,1,0,0,0,0,0,0,0,0,0,0,0,0,0,1,0,0,1,0,0,0,0,0,1,0,0,0,0,0,0,57,0,13,0,0,0,1,0,0,2,1,0,0,0,0,0,0,0,0,1
2020-11-16,0,0,1,0,0,0,0,0,1,0,0,0,0,0,0,1,0,0,0,0,0,0,0,0,0,1,0,0,0,0,1,0,2,0,0,0,0,0,0,0,0,0,0,0,0,60,0,7,0,0,0,0,0,0,0,1,0,1,0,0,0,0,0,0,0
2020-11-17,1,0,0,1,0,0,0,0,1,0,0,0,0,0,0,0,1,0,0,0,0,0,0,0,1,0,0,0,0,0,0,0,0,0,0,0,0,0,1,0,0,0,0,0,0,68,0,11,0,0,0,0,0,0,0,0,0,0,0,0,0,0,0,0,0
2020-11-18,2,0,0,1,0,0,0,0,2,0,0,0,0,0,0,0,0,0,0,0,0,0,0,0,0,0,0,0,0,0,0,0,0,0,0,0,0,0,0,0,0,0,0,0,0,67,0,10,0,0,0,0,1,0,0,0,0,0,0,0,0,0,0,0,0
2020-11-19,0,0,0,0,0,0,0,0,1,0,0,0,0,0,0,0,0,0,0,0,0,0,1,0,0,0,0,0,0,1,0,0,0,0,0,0,0,1,0,0,0,0,0,0,0,62,0,13,0,0,0,0,0,0,0,0,0,0,0,0,0,0,0,0,0
2020-11-20,0,0,0,0,0,0,1,0,0,0,0,0,1,0,0,0,0,0,0,0,0,0,0,0,0,0,0,0,0,0,0,0,2,0,0,0,0,0,0,0,0,0,0,0,0,60,0,6,0,0,0,0,0,0,0,0,0,0,0,0,0,0,0,0,0
2020-11-21,0,0,0,0,0,0,0,0,0,0,0,0,0,0,0,1,0,0,0,1,0,0,0,0,0,0,0,0,0,1,0,0,0,0,0,0,1,0,0,0,0,0,0,0,0,61,0,15,0,0,0,0,0,0,0,0,0,0,0,0,0,0,0,0,0
2020-11-22,0,0,0,0,0,0,0,0,0,0,0,0,0,0,0,0,0,0,0,1,0,0,0,0,0,0,0,0,0,0,0,0,0,1,0,0,0,0,0,0,0,0,1,0,0,79,0,10,0,0,0,0,0,0,0,0,0,0,0,0,0,0,0,0,0
2020-11-23,1,0,0,0,0,0,0,0,1,0,0,0,0,0,0,0,0,0,0,0,0,0,0,0,0,0,1,0,0,0,0,0,0,0,0,0,0,0,0,0,1,0,0,0,2,68,0,6,0,0,1,0,0,0,0,0,0,0,0,1,0,0,0,0,0
2020-11-24,0,0,0,0,0,2,0,0,1,0,0,0,0,0,0,1,0,0,0,0,0,0,0,0,1,0,0,0,0,1,0,0,1,0,0,1,0,0,0,0,0,0,0,1,0,80,0,9,0,0,0,0,0,0,0,1,0,0,0,0,0,0,0,0,0
2020-11-25,0,0,0,0,1,0,1,0,4,0,1,1,0,0,0,0,0,0,0,0,0,0,0,0,4,0,0,0,0,0,0,0,0,0,0,0,0,0,0,0,1,0,0,0,0,69,0,11,0,0,0,0,0,0,0,1,0,1,0,0,0,0,0,0,0
2020-11-26,0,0,0,0,0,0,0,0,1,0,0,0,0,0,0,0,0,0,0,0,0,0,0,0,0,0,1,0,4,0,0,0,0,0,0,0,0,0,0,0,0,0,0,0,0,53,0,9,0,1,0,0,0,0,0,0,0,0,0,0,0,0,0,0,0
2020-11-27,0,0,0,1,0,0,0,0,1,0,0,0,0,0,0,0,0,0,0,0,0,0,0,0,0,0,0,0,3,1,0,0,0,0,0,1,0,0,0,0,1,0,0,0,0,56,2,10,0,0,0,0,0,0,1,0,0,0,0,0,0,0,0,0,0
2020-11-28,0,0,0,0,0,0,1,0,0,0,0,0,0,0,0,1,0,0,0,0,0,0,0,0,0,0,0,0,0,0,0,0,0,0,0,0,0,0,0,0,0,0,0,0,0,51,0,6,0,0,0,0,0,0,0,0,0,0,0,0,1,0,0,1,0
2020-11-29,0,0,0,1,0,0,0,0,1,0,0,1,0,0,0,1,0,0,0,0,0,0,0,0,0,0,0,0,0,0,0,0,0,0,0,0,0,0,0,0,0,0,0,1,0,57,0,9,0,0,0,0,0,0,0,0,0,0,0,0,0,0,0,0,0
2020-11-30,0,0,0,0,0,0,0,0,1,0,0,1,0,0,0,0,0,0,0,0,0,1,0,0,0,0,0,0,0,0,1,0,0,0,0,0,0,0,0,0,0,0,0,0,0,62,0,8,0,0,0,0,0,0,0,1,0,0,0,0,0,0,0,0,0
2020-12-01,0,0,0,0,0,0,0,0,0,0,0,0,0,0,0,1,1,1,0,0,1,0,0,0,0,0,0,0,0,0,1,0,1,0,0,0,1,0,0,0,0,0,0,0,0,47,0,17,0,0,0,0,0,0,0,0,0,0,0,0,0,0,0,0,0
2020-12-02,0,0,0,1,0,0,0,1,1,0,2,0,0,0,0,0,0,0,0,0,0,0,0,0,0,0,0,0,0,1,1,0,0,0,0,0,0,0,0,0,0,0,1,0,0,64,0,8,0,0,1,0,0,0,0,0,0,0,0,0,0,0,1,0,0
2020-12-03,1,0,0,0,0,0,0,0,2,0,0,0,0,0,0,0,0,0,0,0,0,0,0,0,0,0,0,0,0,0,0,0,0,0,0,0,0,0,0,0,0,0,1,0,0,38,0,6,0,0,0,0,0,0,0,0,0,1,0,0,0,0,0,0,1
2020-12-04,0,0,0,1,0,0,0,0,0,0,0,0,0,0,0,0,0,0,0,0,0,0,0,0,0,0,0,0,0,0,0,0,0,0,0,0,0,0,0,0,0,0,0,0,0,45,1,6,0,0,0,0,0,0,0,0,0,1,0,0,0,0,0,0,0
2020-12-05,0,0,0,0,0,0,0,0,3,0,0,0,0,0,0,0,0,0,0,0,0,0,0,0,0,0,0,0,0,0,1,0,0,0,0,0,0,0,0,0,0,0,0,0,0,47,0,0,0,0,1,0,0,0,0,0,0,0,0,0,0,0,0,0,0
2020-12-06,0,0,0,0,0,0,0,0,0,0,0,0,0,0,0,0,0,0,0,0,0,0,0,0,0,0,0,0,0,0,0,0,0,1,0,0,0,0,0,0,0,0,1,0,0,41,0,5,0,0,0,0,0,0,1,0,0,0,0,0,0,0,0,0,0
2020-12-07,1,0,0,1,1,0,0,0,0,0,0,0,0,0,0,0,0,0,1,0,0,0,0,0,1,0,0,0,0,2,0,0,0,0,0,0,0,0,0,0,0,1,0,0,0,52,0,13,0,0,0,0,0,0,0,0,0,0,0,0,0,1,0,0,0
2020-12-08,0,0,0,0,0,0,0,0,3,0,0,0,3,0,0,0,0,0,0,0,0,0,0,0,0,0,0,0,0,0,0,0,0,0,0,1,0,0,0,0,0,0,0,0,0,57,0,4,0,0,0,0,0,0,0,0,0,0,0,0,0,0,0,0,0
2020-12-09,0,0,0,0,0,0,1,0,0,0,0,0,0,0,0,0,0,0,0,0,0,0,0,0,0,0,0,0,0,0,0,0,0,0,0,0,0,1,0,0,0,0,1,0,0,39,0,7,0,0,0,0,0,0,0,0,0,0,0,0,0,0,0,2,0
2020-12-10,0,0,0,0,0,1,0,0,1,0,0,0,0,0,0,0,0,0,0,0,0,0,0,0,0,0,0,0,0,0,0,0,0,0,0,0,0,0,0,0,0,0,0,0,0,42,0,6,0,0,0,1,0,0,0,0,0,0,0,0,0,0,0,0,0
2020-12-11,1,0,0,0,0,0,0,0,2,0,0,0,0,0,0,1,0,0,0,1,0,0,0,0,0,0,0,0,0,1,0,0,0,0,0,0,0,0,0,0,0,0,0,0,0,37,0,7,3,0,0,0,0,0,0,0,0,0,0,0,0,0,0,0,0
2020-12-12,0,0,0,0,0,0,0,0,1,0,0,0,1,0,0,1,0,0,0,0,0,0,0,0,0,0,1,0,0,0,0,0,0,0,0,0,0,0,0,0,0,0,0,0,0,39,0,4,0,0,0,0,0,0,0,0,1,0,0,0,0,0,0,0,0
2020-12-13,0,0,0,0,2,0,0,0,0,0,0,0,0,0,0,0,0,0,0,0,0,0,0,0,0,0,0,0,0,0,0,0,0,0,0,0,0,0,0,0,0,0,1,0,0,33,0,9,0,0,0,0,0,0,0,0,0,0,0,0,0,0,0,0,0
2020-12-14,0,0,0,0,0,0,0,0,0,0,0,2,0,0,0,0,0,0,0,0,0,0,0,0,1,0,0,0,0,0,0,0,0,0,0,0,0,0,0,0,0,0,0,0,0,45,0,8,1,0,0,0,0,0,0,0,0,0,0,0,0,0,0,0,0
2020-12-15,0,0,0,0,0,0,0,0,0,0,0,0,0,0,0,1,0,0,0,0,0,0,0,0,0,0,0,0,1,1,0,0,0,0,0,0,0,0,0,0,0,0,0,0,0,50,0,6,0,0,0,0,0,0,0,0,0,0,0,0,0,0,0,0,0
2020-12-16,0,0,0,0,0,0,0,1,1,0,0,0,0,0,0,0,0,0,0,0,0,0,0,0,0,0,0,0,0,0,0,0,1,0,0,0,0,1,0,0,0,0,0,0,0,21,0,7,0,0,0,0,0,0,0,0,0,0,0,0,0,0,0,0,0
2020-12-17,0,0,0,0,0,0,0,0,1,0,0,0,0,1,0,0,0,0,0,0,0,0,0,0,0,0,0,0,0,0,0,0,0,0,0,0,0,0,0,0,0,0,0,0,0,23,0,5,0,0,0,0,0,0,0,0,0,0,0,0,0,0,0,0,0
2020-12-18,1,0,0,0,0,0,0,0,0,0,0,0,0,0,0,0,0,0,0,1,0,0,0,0,0,0,0,0,0,0,0,0,0,0,0,0,0,0,0,0,0,0,0,0,0,17,0,1,0,0,1,0,2,0,0,0,0,0,1,0,0,0,1,0,0
2020-12-19,0,0,0,0,0,0,0,0,1,0,0,0,0,0,0,0,0,0,0,0,0,1,0,0,0,0,0,0,0,0,0,0,0,0,0,0,0,0,0,0,0,0,0,0,0,20,0,3,0,0,0,0,0,0,0,0,0,0,0,0,0,0,0,0,0
2020-12-20,0,0,0,0,0,0,0,0,0,0,0,1,0,0,0,0,0,0,0,0,0,0,0,0,0,0,0,0,0,0,0,0,0,0,0,0,0,0,0,1,0,0,0,0,0,21,0,4,0,0,0,0,0,0,0,0,0,0,0,0,0,0,0,0,0
2020-12-21,0,0,0,0,0,0,0,0,0,0,0,0,0,0,0,1,1,0,0,0,0,0,0,0,0,0,0,0,0,0,0,0,1,0,0,0,0,0,0,0,0,0,0,0,0,25,0,2,0,0,0,0,0,0,0,0,0,0,0,0,0,0,0,0,0
2020-12-22,0,0,0,0,0,0,0,0,0,0,0,0,0,0,0,0,0,0,0,0,0,0,0,0,0,0,0,0,0,0,0,0,0,0,0,0,0,0,0,0,0,0,0,0,0,26,0,7,0,0,0,0,0,0,0,0,0,1,0,0,0,0,0,0,0
2020-12-23,1,0,0,0,0,0,0,0,1,0,0,0,0,0,0,0,0,0,0,0,0,0,0,0,0,0,0,0,0,0,0,0,0,0,0,1,0,0,0,0,0,0,0,0,0,25,0,1,0,0,0,0,0,0,0,0,0,0,0,0,0,0,0,0,0
2020-12-24,0,0,0,1,0,0,0,0,0,0,1,0,0,0,0,1,0,0,0,0,0,0,0,0,0,0,0,0,0,0,0,0,0,0,0,0,0,0,0,0,0,0,0,0,0,21,0,4,0,0,0,0,0,0,2,0,0,0,0,0,0,0,0,0,0
2020-12-25,0,0,0,0,0,0,0,0,1,0,0,0,0,0,0,0,0,0,0,0,0,0,0,0,0,0,0,0,0,0,0,0,0,0,0,0,0,0,0,0,0,0,0,0,0,31,0,3,0,0,0,0,0,0,0,0,0,0,0,0,0,0,0,0,0
2020-12-26,0,0,0,0,0,0,0,0,0,0,0,0,0,0,0,0,0,0,0,0,0,0,0,0,0,0,0,0,0,0,0,0,1,0,0,0,0,0,0,0,0,0,1,0,0,29,0,2,0,0,0,0,0,0,0,0,0,0,0,0,0,0,0,0,0
2020-12-27,0,0,0,0,2,0,0,0,3,0,0,0,0,0,0,0,0,0,0,0,0,0,0,1,0,0,0,0,0,0,0,0,1,0,0,0,0,0,0,0,0,0,1,0,0,32,0,4,1,0,0,0,0,0,0,0,1,0,0,0,0,0,0,0,0
2020-12-28,0,0,0,0,0,0,0,0,0,0,0,0,0,0,0,0,0,0,0,0,0,0,0,0,0,0,0,0,0,0,0,0,1,0,0,0,0,0,0,0,0,0,0,0,0,28,0,5,0,0,0,0,0,0,0,0,0,0,0,0,0,0,0,0,0
2020-12-29,0,0,0,0,1,0,0,0,0,0,0,0,0,1,0,0,0,0,0,0,0,1,0,0,1,0,0,0,0,0,0,0,0,0,0,0,0,0,0,0,0,0,0,0,0,33,1,3,0,0,0,0,0,0,0,0,1,0,0,0,0,0,0,0,0
2020-12-30,1,0,0,0,0,0,0,0,0,0,0,0,0,0,0,0,0,0,0,0,0,0,0,0,0,0,0,0,0,0,0,0,0,0,0,1,0,0,0,0,0,0,0,0,0,33,0,3,0,0,0,1,0,0,0,0,1,0,0,0,0,0,0,0,0
2020-12-31,0,0,0,0,0,0,0,0,0,0,0,0,0,0,0,0,0,0,0,0,0,0,0,0,0,0,0,0,0,0,1,0,0,0,0,0,0,0,0,0,0,0,1,0,0,27,0,4,0,0,0,0,0,0,0,0,1,0,0,0,0,0,0,0,0
2021-01-01,0,0,0,0,0,0,1,0,0,0,0,1,0,0,0,0,0,0,0,0,0,0,0,0,0,0,0,0,0,0,0,0,0,0,0,0,0,0,0,0,0,0,0,0,0,16,0,3,0,0,0,0,0,0,0,0,0,0,0,0,0,0,0,0,0
2021-01-02,0,0,0,0,0,0,0,0,0,0,0,0,0,0,0,0,0,0,0,0,0,0,0,0,0,0,0,0,0,0,0,0,0,0,0,0,0,0,0,0,0,2,1,0,0,21,0,1,0,0,0,0,0,0,0,0,0,0,0,0,0,0,0,0,0
2021-01-03,0,0,0,0,0,0,0,0,0,0,0,0,0,0,0,0,0,0,0,0,0,0,0,0,0,0,0,0,0,1,0,0,0,0,0,0,0,0,0,0,0,0,0,0,0,24,0,5,0,0,0,0,0,0,0,0,1,0,0,0,0,0,0,0,0
2021-01-04,0,0,0,0,0,0,0,0,1,0,0,0,0,0,0,1,0,0,0,0,0,0,0,0,0,0,0,0,0,0,0,0,2,0,0,0,0,0,0,0,0,0,0,0,0,29,0,3,0,0,0,0,0,0,0,0,0,0,0,0,0,0,0,0,0
2021-01-05,0,0,0,0,0,0,0,0,0,0,0,0,0,0,0,1,1,0,0,0,0,0,0,0,0,0,0,0,0,0,0,0,1,0,0,0,0,0,0,0,0,0,1,0,0,28,0,6,0,0,0,0,0,0,0,0,0,0,0,0,0,0,0,0,0
2021-01-06,0,0,1,0,0,0,0,0,0,0,0,0,0,0,0,1,0,0,0,0,0,0,0,0,0,0,0,0,0,0,0,0,0,0,0,0,0,0,0,0,0,0,1,0,0,27,0,7,0,0,0,0,0,0,1,0,0,0,0,0,0,0,0,0,0
2021-01-07,0,0,0,0,0,0,0,0,2,0,0,0,0,0,0,0,0,0,0,0,0,0,0,0,0,0,0,0,0,0,0,0,1,0,0,0,0,0,0,0,0,0,0,0,0,20,0,0,0,0,0,0,0,0,0,0,0,0,0,0,0,1,0,0,0
2021-01-08,0,0,0,1,0,0,0,0,1,0,0,0,0,0,0,0,0,0,0,0,0,0,0,0,0,0,0,0,0,0,0,0,0,1,0,0,0,0,0,0,0,0,0,0,0,21,0,1,0,0,0,0,0,0,0,0,0,0,0,0,0,0,0,0,0
2021-01-09,0,0,0,0,0,0,0,0,0,0,0,0,0,1,0,0,0,0,0,0,0,0,0,0,0,0,0,0,0,0,0,0,0,0,0,0,0,0,0,0,0,0,0,0,0,22,0,2,0,0,0,0,0,0,0,0,0,0,0,0,0,0,0,0,0
2021-01-10,0,0,0,0,0,0,0,0,2,0,0,0,0,0,0,0,0,0,0,0,0,0,0,0,0,0,0,0,1,0,0,0,0,0,0,0,0,0,0,0,0,0,0,0,0,27,0,1,0,0,0,0,0,0,0,0,0,0,0,0,0,0,0,0,0
2021-01-11,0,0,0,0,0,0,0,0,0,0,0,0,0,0,0,0,0,0,0,0,1,0,0,0,0,0,0,0,0,0,0,0,0,1,0,2,0,0,0,0,0,0,0,0,0,22,0,5,0,0,1,0,0,0,0,0,0,0,0,0,0,0,0,0,0
2021-01-12,0,0,0,0,0,0,0,1,0,0,0,0,0,0,0,0,0,0,0,0,0,0,0,0,0,0,0,1,0,0,0,0,0,0,0,0,0,0,0,0,0,0,0,0,0,26,0,1,0,0,0,0,0,0,0,0,0,0,0,0,0,0,0,0,0
2021-01-13,0,0,0,0,1,0,0,0,0,0,0,0,0,0,0,0,0,0,0,0,0,0,0,0,0,1,0,0,0,0,0,0,0,0,0,0,0,0,0,0,0,0,0,0,0,19,0,2,0,0,0,0,0,0,0,0,0,0,0,0,0,0,0,0,0
2021-01-14,0,0,0,0,0,0,0,0,1,0,0,0,0,1,0,0,0,0,0,0,0,0,0,0,0,0,0,0,0,0,0,0,0,0,0,0,0,2,1,0,0,0,0,0,0,13,0,1,0,0,1,0,0,0,0,0,0,0,0,0,0,0,0,0,0
2021-01-15,0,0,0,0,0,0,0,0,0,2,0,0,0,0,0,0,0,0,0,0,0,0,0,0,0,0,0,0,0,0,0,0,0,0,0,0,0,0,0,0,0,0,0,0,0,20,0,1,0,0,0,0,0,0,0,0,0,0,0,0,0,0,0,0,0
2021-01-16,1,0,0,0,2,0,0,0,0,0,0,0,0,0,0,0,0,0,0,0,0,0,0,0,0,0,0,0,0,0,0,0,0,0,0,0,0,0,1,0,0,0,0,0,0,8,0,2,0,0,0,0,0,0,0,0,0,0,0,0,0,1,0,0,0
2021-01-17,0,0,0,0,0,0,0,0,0,0,0,0,0,0,0,0,0,0,0,0,0,0,0,0,0,0,0,0,0,0,0,0,0,0,0,0,0,1,0,0,0,0,0,0,0,23,0,2,1,0,0,0,0,0,0,0,0,0,0,0,0,0,0,0,0
2021-01-18,0,0,1,0,0,0,0,0,0,0,0,0,0,0,0,0,0,0,0,0,0,0,0,0,0,0,0,0,0,0,0,0,0,0,0,0,0,0,0,0,0,0,0,0,0,13,0,3,0,0,0,0,0,0,0,0,0,0,0,0,0,0,0,0,0
2021-01-19,0,0,0,0,0,0,0,0,1,0,0,0,0,0,1,0,0,0,0,0,0,0,0,0,0,0,0,0,0,1,0,0,0,0,0,0,0,0,0,0,0,0,0,0,0,14,0,2,0,0,1,0,0,0,0,0,0,0,0,0,0,0,0,0,0
2021-01-20,0,0,0,0,0,0,0,0,0,0,0,0,0,0,0,0,0,0,0,0,0,0,0,0,0,0,0,0,0,0,0,0,0,0,0,0,0,0,0,0,0,0,1,0,0,13,0,1,0,0,0,0,0,0,0,0,0,0,0,0,0,0,0,0,0
2021-01-21,0,0,0,0,0,0,0,0,0,0,0,0,0,0,0,0,0,0,0,0,0,0,0,0,0,0,0,0,0,0,0,0,0,0,0,0,0,0,0,0,0,0,0,0,0,16,0,0,0,0,0,0,0,0,0,0,0,0,0,0,0,0,0,0,0
2021-01-22,0,0,0,0,0,0,0,0,0,0,0,0,0,0,0,0,0,0,0,0,0,0,0,0,0,0,0,0,0,0,0,0,1,0,0,0,0,0,0,0,0,0,0,0,0,12,0,0,0,0,0,0,0,0,0,0,0,0,0,0,0,1,0,0,0
2021-01-23,1,0,0,0,0,0,0,0,0,0,0,0,0,0,1,0,0,0,0,0,0,0,0,0,0,0,0,0,0,0,0,0,0,0,0,0,0,0,0,0,0,0,0,0,0,23,0,0,0,0,0,0,0,0,0,0,0,0,0,0,0,0,0,0,0
2021-01-24,0,0,0,0,0,0,0,0,0,0,0,0,0,0,0,0,0,0,0,0,0,0,0,0,0,0,0,0,0,0,0,0,0,0,0,0,0,0,0,0,0,0,0,0,0,13,0,2,0,0,0,0,0,0,0,0,0,0,0,0,0,0,0,0,0
2021-01-25,0,0,0,0,0,0,0,0,2,0,0,0,0,0,0,0,0,0,0,0,0,0,0,0,0,0,0,0,0,0,0,0,0,0,0,0,0,0,0,0,0,0,0,0,0,20,0,1,0,0,0,0,0,0,0,0,0,0,0,0,0,0,0,0,0
2021-01-26,0,0,0,0,0,0,0,0,0,1,0,0,0,0,0,0,0,0,0,0,0,0,0,0,0,0,0,0,0,0,0,0,0,0,0,0,0,0,1,0,0,0,0,0,0,24,0,3,0,0,0,0,0,0,0,0,0,1,0,0,0,0,0,0,0
2021-01-27,0,0,0,0,0,0,0,0,0,0,0,0,0,0,0,0,0,0,0,0,0,0,0,0,0,0,0,0,0,0,0,0,0,0,0,0,0,0,0,0,0,0,0,0,0,14,0,1,0,0,0,0,0,0,0,0,0,0,0,0,0,0,0,0,0
2021-01-28,0,0,0,0,0,0,0,0,0,0,0,0,0,0,0,0,0,0,0,0,0,0,0,0,0,0,0,0,0,0,0,0,0,0,0,0,0,0,0,0,0,0,0,0,0,18,0,2,0,0,0,0,0,0,0,0,0,1,0,0,0,0,0,0,0
2021-01-29,0,0,0,0,0,0,0,0,0,0,0,0,0,0,0,0,0,0,0,0,0,0,0,0,0,0,0,0,0,0,0,0,0,0,0,0,0,0,0,0,0,0,1,0,0,8,0,3,0,0,0,0,0,0,0,0,0,0,0,0,0,0,0,0,0
2021-01-30,0,0,0,0,0,0,0,0,0,0,0,0,0,0,0,0,0,0,0,0,0,0,0,0,0,0,0,0,0,0,0,0,0,0,0,0,0,0,0,0,0,0,0,0,0,12,0,2,0,0,0,0,0,0,0,0,0,0,0,0,0,0,0,0,0
2021-01-31,0,0,0,0,0,0,0,0,1,0,0,0,0,0,0,0,0,0,0,0,0,0,0,1,0,0,0,0,0,0,0,0,0,0,0,0,0,0,0,0,0,0,0,0,0,20,0,1,0,0,0,0,0,0,0,0,0,0,0,0,0,0,0,0,0
2021-02-01,0,0,0,0,0,0,0,0,0,0,0,0,0,0,0,0,0,0,0,0,0,0,0,0,0,0,0,0,0,0,0,0,1,0,0,0,0,0,0,0,0,0,0,0,0,20,0,4,0,1,0,0,0,0,0,0,0,0,0,0,0,0,0,0,0
2021-02-02,0,0,0,0,0,0,0,0,0,0,0,0,0,0,0,0,0,0,0,0,0,0,0,0,0,0,0,0,0,0,0,0,1,0,0,0,0,0,0,0,0,0,0,0,0,11,0,3,0,0,1,0,0,0,0,0,0,0,0,0,0,0,0,0,0
2021-02-03,0,0,0,0,0,0,0,0,0,0,0,0,0,0,0,0,0,0,0,0,0,0,0,0,0,0,0,0,0,0,0,0,0,0,0,0,0,0,0,1,0,0,0,0,0,6,0,0,0,0,0,0,0,0,0,0,0,0,0,0,0,0,0,0,0
2021-02-04,0,0,0,0,0,0,0,1,1,0,0,0,0,0,0,0,0,0,0,0,0,0,0,0,0,0,0,0,0,0,0,0,0,0,0,0,0,0,0,0,0,0,0,0,0,23,0,1,0,0,0,0,0,0,0,0,0,0,0,0,0,0,0,0,0
2021-02-05,0,0,0,0,0,0,0,0,0,0,0,0,0,0,0,0,0,0,0,0,0,0,0,0,0,0,0,0,0,0,0,0,0,0,0,0,0,0,0,0,0,0,0,0,0,12,0,2,0,0,0,0,0,0,0,0,0,0,0,0,0,0,0,0,0
2021-02-06,3,0,0,0,0,0,0,0,0,0,0,0,0,0,0,1,0,0,0,0,0,0,0,0,0,0,0,0,0,1,0,0,0,0,0,0,0,0,0,0,0,0,0,1,0,25,0,1,0,0,0,0,0,0,0,0,0,0,0,0,0,0,0,0,0
2021-02-07,0,0,0,0,0,0,0,0,0,0,0,0,0,0,0,0,0,0,0,0,0,0,0,0,0,0,0,0,0,0,0,0,0,0,0,0,0,0,0,0,0,0,0,0,0,16,0,1,0,0,0,0,0,0,0,0,0,0,0,0,0,0,0,0,0
2021-04-14,0,0,0,0,0,0,1,0,2,0,0,0,0,0,0,0,0,0,0,0,0,0,0,0,0,0,0,0,0,0,0,0,0,0,0,1,0,1,0,0,0,0,0,0,0,38,0,3,0,0,0,0,0,0,0,0,0,0,0,0,0,1,0,0,0
2021-04-15,3,0,0,0,1,1,0,0,8,1,1,2,0,0,0,1,4,0,0,2,0,2,0,5,0,0,1,0,0,2,2,0,3,1,0,1,1,0,0,1,2,0,6,0,1,374,0,47,2,0,3,0,0,1,2,1,0,2,0,0,0,0,1,0,0
2021-04-16,0,0,1,0,1,0,0,0,2,0,0,0,0,2,0,0,1,1,0,2,0,1,0,0,1,0,0,0,0,1,0,0,2,0,0,0,0,2,2,1,0,0,0,0,0,209,0,30,0,0,1,0,0,0,0,2,0,2,0,0,0,0,0,0,0
2021-04-17,3,0,0,1,0,0,2,0,1,0,0,0,1,0,1,0,2,0,0,1,0,1,0,0,0,0,0,0,1,0,0,0,1,0,0,0,0,1,0,1,0,0,2,0,0,188,0,23,0,0,0,0,0,0,2,3,0,1,0,0,0,0,0,0,0
2021-04-18,0,1,0,0,0,0,0,0,2,0,0,0,0,0,0,0,0,1,0,0,0,1,0,0,1,0,0,1,0,1,1,0,0,0,0,0,0,0,0,0,0,0,1,1,0,142,0,20,0,1,1,0,1,1,0,0,0,2,0,0,0,0,0,2,0
2021-04-19,0,1,0,0,1,1,0,1,3,0,0,1,0,0,0,1,1,0,0,2,0,0,0,0,0,0,0,0,0,2,2,0,0,0,0,1,0,1,0,0,0,0,4,0,0,123,0,16,0,0,1,0,0,0,0,0,0,0,0,0,0,0,1,0,0
2021-04-20,1,0,0,1,2,0,0,0,3,0,0,2,1,1,2,0,0,0,0,0,0,0,1,0,1,1,1,0,0,0,1,0,1,0,0,0,0,0,1,0,1,0,1,0,0,144,0,29,0,0,3,0,0,0,0,0,1,0,0,0,0,0,1,0,0
2021-04-21,1,0,0,1,1,0,0,0,1,0,0,0,1,0,0,0,1,0,1,0,0,0,0,0,0,0,0,0,0,2,3,0,3,0,0,0,0,0,0,1,0,0,1,1,0,112,0,14,0,1,0,1,0,0,0,0,0,0,0,0,1,0,1,0,0
2021-04-22,0,0,0,0,0,0,0,0,0,0,0,0,1,2,0,3,0,0,0,0,0,0,0,0,1,0,1,0,0,0,1,1,1,0,0,1,0,0,0,1,0,0,1,0,0,67,0,8,0,0,0,0,0,0,0,0,0,1,0,0,0,0,0,0,0
2021-04-23,0,0,1,1,0,0,0,0,0,0,0,0,0,0,0,1,0,1,3,0,0,0,0,0,0,0,0,0,1,1,1,0,0,0,1,0,0,0,0,0,0,0,0,0,0,62,0,8,0,0,0,0,0,0,0,0,0,0,0,0,0,0,0,1,0
2021-04-24,1,0,1,0,0,0,0,0,2,0,0,0,0,0,0,0,0,0,1,0,0,0,0,0,0,0,0,0,1,0,0,0,1,0,0,0,0,0,0,0,0,0,2,1,0,61,0,10,1,0,1,1,0,0,0,0,0,0,0,0,0,0,0,0,0
2021-04-25,0,0,0,0,0,0,0,0,2,0,0,0,0,1,0,1,0,0,0,0,0,0,0,0,0,0,0,0,1,0,0,0,0,0,0,1,0,0,0,0,0,0,2,0,0,59,0,8,0,0,0,0,0,0,0,0,0,0,1,0,0,0,0,0,0
2021-04-26,0,0,0,0,1,0,0,0,0,0,0,0,0,3,0,1,0,0,0,0,0,0,0,0,0,0,0,0,0,0,0,0,0,0,0,0,0,0,0,0,0,0,0,0,0,44,1,8,0,0,1,0,0,0,0,0,0,1,0,0,0,0,1,0,1
2021-04-27,0,0,0,1,0,0,0,1,2,0,0,0,0,0,1,0,0,0,0,2,0,0,0,0,0,0,0,0,0,0,0,0,0,0,0,0,0,0,0,0,0,0,0,0,0,48,0,5,1,0,0,2,0,0,0,0,0,0,0,0,0,0,0,0,0
2021-04-28,0,0,0,2,0,0,0,0,0,0,0,0,1,0,0,0,0,0,1,0,0,0,0,0,0,0,0,0,0,0,0,0,0,0,0,0,0,0,0,0,0,0,0,0,0,36,0,1,0,0,0,0,0,0,0,0,0,0,0,0,0,0,0,0,0
2021-04-29,0,0,0,1,0,0,0,0,0,0,0,0,0,0,0,0,1,0,0,0,0,0,0,0,0,0,0,0,0,0,0,0,1,0,0,0,0,0,0,0,0,0,0,0,0,29,0,2,0,0,0,0,0,0,0,0,0,0,0,0,0,0,0,0,0
2021-04-30,0,0,0,1,0,0,0,0,0,0,0,1,0,0,0,0,0,0,0,0,0,0,0,0,0,0,0,0,0,1,0,0,0,0,0,0,0,0,0,0,0,0,0,0,0,28,0,5,0,0,0,0,0,0,0,0,0,0,0,0,0,0,0,0,0
2021-05-01,0,0,0,0,0,1,0,0,0,0,0,0,0,0,0,0,0,0,0,1,0,0,0,0,0,0,0,0,0,0,0,0,0,0,0,0,0,0,0,0,0,0,1,0,0,38,0,1,0,0,0,0,0,0,0,0,0,0,0,0,0,1,0,0,0
2021-05-02,0,0,0,0,0,0,0,0,0,0,0,1,0,0,0,0,0,0,0,0,0,0,0,0,0,0,0,0,0,0,0,0,0,0,0,0,0,0,0,0,0,0,0,0,0,42,0,1,0,0,0,0,0,0,0,0,0,1,0,0,0,0,0,0,0
2021-05-03,1,0,0,0,0,0,0,0,0,0,0,0,0,0,0,0,0,0,0,0,0,0,0,0,0,0,0,0,0,0,0,0,0,0,0,0,0,0,1,0,0,0,3,0,0,23,0,0,0,0,0,0,0,0,0,0,0,0,0,0,0,1,0,0,0
2021-05-04,0,0,0,0,0,0,0,0,0,0,0,0,0,1,0,3,0,0,0,1,0,0,0,0,0,0,0,0,0,0,0,0,0,0,0,0,0,0,0,0,0,0,0,0,1,11,0,0,0,0,0,0,0,0,0,0,0,0,0,0,0,0,0,0,0
2021-05-05,0,0,0,0,0,0,0,0,1,0,0,0,0,0,0,1,0,0,0,0,0,0,0,1,0,0,0,0,0,0,0,0,1,0,0,0,0,0,0,0,0,0,0,0,0,37,0,2,0,0,0,0,0,0,1,0,0,0,0,1,0,0,0,0,0
2021-05-06,0,0,0,0,0,0,0,0,0,0,0,0,0,0,0,1,0,2,0,0,0,0,0,0,0,0,0,0,0,0,1,0,0,0,0,0,0,0,0,0,0,0,0,0,0,23,0,2,0,0,0,0,0,0,0,0,0,0,0,0,0,0,0,0,0
2021-05-07,0,0,0,0,0,0,1,0,1,0,0,1,0,0,0,0,0,0,0,0,0,0,0,0,0,0,0,0,0,0,0,0,0,0,0,0,0,1,0,0,0,0,1,0,0,27,0,1,0,0,0,0,0,0,0,0,0,0,0,0,0,0,0,0,0
2021-05-08,1,0,0,1,0,0,0,0,0,0,0,0,0,0,0,0,2,0,1,0,0,0,0,0,0,0,0,0,0,0,1,0,0,0,0,0,0,0,0,0,0,0,0,0,0,27,0,1,0,0,0,0,0,0,0,0,0,0,0,0,0,0,0,0,0
2021-05-09,0,1,0,0,0,0,0,0,0,0,0,1,0,1,0,0,0,0,0,0,0,0,0,0,0,0,1,0,0,0,0,0,0,0,0,0,0,1,0,0,0,0,0,1,0,20,0,3,0,0,0,0,0,0,0,1,0,0,0,0,0,0,0,0,0
2021-05-10,0,0,0,0,0,0,0,0,1,0,0,0,0,0,0,0,0,0,1,0,0,0,0,0,0,0,0,0,0,1,0,0,1,0,0,0,0,0,0,0,0,0,0,0,0,31,0,2,0,0,0,0,1,0,0,0,1,0,0,0,0,0,0,0,0
2021-05-11,0,0,0,0,0,0,0,0,0,0,0,0,0,0,0,0,0,0,0,0,0,0,0,0,0,0,0,0,0,1,0,0,0,0,0,0,0,0,0,0,0,0,0,0,0,21,0,5,0,0,0,0,0,0,0,0,0,2,0,0,0,0,0,0,0
2021-05-12,0,0,0,0,0,0,0,0,1,0,0,1,0,0,0,0,0,0,0,0,0,0,0,0,0,0,0,0,0,0,0,0,1,0,0,0,0,0,0,0,0,0,0,0,0,23,0,2,0,0,0,0,0,0,0,0,0,1,0,0,0,0,0,0,0
2021-05-13,0,0,0,0,0,0,0,0,0,0,0,0,0,0,0,1,0,0,0,0,0,0,0,0,1,0,0,0,0,0,0,0,0,0,0,0,0,0,0,0,0,0,0,0,0,8,0,0,0,0,0,0,0,0,0,0,0,0,0,0,0,0,0,0,0
2021-05-14,0,0,0,0,0,0,0,0,0,0,0,0,0,0,0,0,0,0,0,0,0,0,0,0,0,0,0,0,0,1,0,0,0,0,0,1,0,0,0,0,0,0,0,0,0,7,0,6,0,0,0,0,0,0,0,0,0,0,0,0,0,0,0,0,0
2021-05-15,0,0,0,0,0,0,0,0,0,0,0,0,0,0,0,0,0,0,0,0,0,1,0,0,0,0,0,0,0,0,0,0,0,0,0,0,0,0,0,0,0,0,0,0,0,13,0,4,0,0,0,0,0,0,1,0,0,0,0,0,0,0,0,0,0
2021-05-16,0,0,0,0,0,0,0,0,0,0,0,0,0,0,0,0,0,0,0,0,0,0,0,0,0,0,0,0,0,0,0,0,0,0,0,0,0,1,1,0,0,0,0,0,0,19,0,1,0,0,0,0,0,0,0,0,0,0,0,0,0,0,0,0,0
2021-05-17,1,0,0,2,0,0,0,0,0,0,0,0,0,0,0,0,0,0,0,1,0,0,0,0,0,0,0,0,0,0,0,0,1,0,0,0,0,0,0,0,0,0,0,0,0,37,0,7,0,0,0,0,0,0,0,0,0,0,0,0,0,0,0,0,0
2021-05-18,0,0,0,0,0,0,0,0,0,0,0,0,1,0,0,0,0,0,0,0,0,0,0,0,0,0,0,0,0,0,0,0,0,0,0,0,0,0,0,0,0,0,0,0,0,11,0,2,0,0,0,0,0,0,0,0,0,0,0,0,0,0,0,0,0
2021-05-19,1,0,0,0,0,0,0,0,0,0,0,0,0,1,0,1,0,0,0,0,0,0,0,0,1,0,0,0,0,0,0,0,1,0,0,2,0,0,0,0,0,0,0,0,0,28,0,5,0,0,0,0,0,0,0,0,0,1,0,0,0,0,0,0,0
2021-05-20,0,0,0,0,0,0,0,0,0,0,1,0,1,0,0,0,0,0,0,0,0,0,0,0,0,0,0,0,0,0,0,0,0,0,0,1,0,0,0,0,0,0,0,0,0,25,0,3,0,0,0,0,0,0,0,0,0,0,0,0,0,0,0,0,0
2021-05-21,0,0,0,0,0,0,0,0,0,0,0,1,1,0,0,1,0,0,0,0,0,0,0,1,0,0,0,0,0,2,1,0,0,0,0,0,0,0,0,0,0,0,0,0,0,25,0,2,0,0,0,1,0,0,1,0,0,0,0,0,0,0,0,0,0
2021-05-22,0,0,0,0,0,2,0,0,0,0,0,0,0,0,0,0,0,0,0,0,0,0,0,0,0,0,0,0,0,0,0,0,1,0,0,0,0,0,0,0,0,0,0,0,0,16,0,4,1,0,0,0,2,0,0,0,0,0,0,0,0,0,0,0,0
2021-05-23,0,0,0,0,0,0,0,0,1,0,0,0,0,0,0,1,0,0,0,0,0,0,0,0,0,0,0,0,0,1,0,0,1,0,0,0,0,0,0,0,0,1,2,0,1,20,0,1,1,0,0,0,0,0,0,0,0,0,0,0,0,0,0,0,0
2021-05-24,1,0,0,0,0,0,0,0,1,0,0,0,0,0,0,0,0,0,0,0,0,0,0,0,0,0,0,0,0,0,1,0,0,1,0,0,0,0,0,0,0,0,0,0,0,19,0,2,0,0,0,0,0,0,0,0,0,0,0,0,0,0,0,0,0
2021-05-25,0,0,0,0,1,2,0,0,0,1,0,0,0,0,0,1,0,0,0,0,0,0,0,0,0,0,0,0,0,0,0,0,0,0,0,0,0,0,0,0,0,0,0,0,0,23,0,1,0,0,0,0,0,0,0,0,0,0,0,0,1,0,0,0,0
2021-05-26,1,0,0,0,0,0,0,0,1,0,0,0,0,0,0,0,0,0,0,0,0,0,0,0,0,0,0,0,0,0,0,0,0,0,0,0,0,0,0,0,0,0,0,0,0,31,0,0,0,0,0,0,0,0,0,0,0,0,0,0,0,0,0,0,0
2021-05-27,0,0,0,0,0,0,0,0,1,0,0,0,0,0,0,1,0,0,1,0,0,0,0,0,0,0,0,0,0,0,0,0,0,0,0,0,0,0,0,0,0,0,0,0,0,20,0,2,0,0,0,0,0,0,0,0,0,1,0,0,0,0,0,0,0
2021-05-28,0,0,0,0,0,1,0,0,0,0,0,2,2,0,0,0,0,0,1,0,0,0,0,0,0,0,0,0,0,0,0,0,0,0,0,0,0,0,0,0,0,0,0,0,0,12,0,1,0,0,0,0,0,0,0,0,0,0,0,0,0,0,0,0,0
2021-05-29,0,0,0,0,0,0,0,0,0,0,0,0,0,0,0,2,0,0,0,0,0,0,0,0,0,0,0,0,0,2,1,0,0,0,0,0,0,0,0,0,0,0,0,0,0,26,0,3,0,0,0,2,0,0,0,0,0,0,0,0,0,0,0,0,0
2021-05-30,0,0,0,0,0,0,0,0,1,0,0,0,1,1,0,0,0,0,1,0,0,0,0,0,0,0,0,0,0,0,0,0,0,0,0,0,0,0,0,0,0,1,0,1,0,30,0,1,0,0,0,0,0,0,2,0,0,0,0,0,0,0,0,0,0
2021-05-31,1,0,0,0,0,0,0,0,0,0,0,1,0,0,0,0,1,0,0,0,0,0,0,0,0,0,0,0,0,0,1,0,0,0,0,1,0,0,0,0,0,0,0,0,0,17,0,2,0,0,0,0,0,0,0,0,0,0,0,0,0,1,0,0,0
2021-06-01,0,0,0,0,0,0,0,0,0,0,0,0,0,0,0,0,0,0,0,0,0,0,0,0,0,0,0,0,0,0,0,0,0,0,0,0,0,0,0,0,0,0,0,0,0,36,0,3,0,0,0,0,0,0,0,0,0,0,0,0,0,0,0,0,0
2021-06-02,0,0,0,0,0,0,0,0,0,0,0,1,2,0,0,0,0,0,0,0,0,0,0,0,0,0,0,0,0,1,0,0,0,0,0,0,0,0,0,1,0,0,0,0,0,16,0,2,0,0,1,0,0,0,0,0,0,0,0,1,0,0,0,0,0
